{
  "type": "FeatureCollection",
  "features": [
    {
      "type": "Feature",
      "geometry": {
        "type": "LineString",
        "coordinates": [
          [
            82.04736328125,
            22.705926824994123
          ],
          [
            82.04345703125,
            22.80267975468162
          ],
          [
            82.072509765625,
            22.94501373905662
          ],
          [
            81.95576171875001,
            23.06793854374412
          ],
          [
            81.87363281250003,
            23.08380768436912
          ],
          [
            81.77294921875,
            23.130487371869123
          ],
          [
            81.68408203125,
            23.137958074994117
          ],
          [
            81.60908203125001,
            23.226678778119123
          ],
          [
            81.478759765625,
            23.293817449994123
          ],
          [
            81.485595703125,
            23.357049871869123
          ],
          [
            81.29726562500002,
            23.456170965619123
          ],
          [
            81.283203125,
            23.565936590619117
          ],
          [
            81.23789062500003,
            23.58808014530662
          ],
          [
            81.2216796875,
            23.737079168744117
          ],
          [
            81.17617187500002,
            23.822772528119117
          ],
          [
            81.242431640625,
            23.83490631718162
          ],
          [
            81.10195312500002,
            23.973993231244123
          ],
          [
            81.06699218750003,
            23.96893952030662
          ],
          [
            80.99599609375002,
            24.087518621869123
          ],
          [
            81.10908203125001,
            24.131708074994123
          ],
          [
            81.19082031250002,
            24.11554596561912
          ],
          [
            81.26064453125002,
            24.182977606244123
          ],
          [
            81.3564453125,
            24.21027252811912
          ],
          [
            81.39667968750001,
            24.257586981244117
          ],
          [
            81.533203125,
            24.32306549686912
          ],
          [
            81.63632812500003,
            24.406024481244117
          ],
          [
            81.688720703125,
            24.401483465619123
          ],
          [
            81.80078125,
            24.44696686405662
          ],
          [
            81.97216796875,
            24.480487371869117
          ],
          [
            82.03564453125,
            24.505145574994117
          ],
          [
            82.187255859375,
            24.525653387494117
          ],
          [
            82.22304687500002,
            24.559686590619123
          ],
          [
            82.29843750000003,
            24.533710028119117
          ],
          [
            82.37509765625003,
            24.560419012494123
          ],
          [
            82.47324218750003,
            24.531512762494117
          ],
          [
            82.553955078125,
            24.529803778119117
          ],
          [
            82.739990234375,
            24.604022528119117
          ],
          [
            82.91064453125,
            24.610858465619117
          ],
          [
            82.9619140625,
            24.55621979374412
          ],
          [
            83.02734375,
            24.528924871869123
          ],
          [
            83.07861328125,
            24.47431061405662
          ],
          [
            83.25048828125,
            24.46747467655662
          ],
          [
            83.34326171875,
            24.501581121869123
          ],
          [
            83.53867187500003,
            24.53131744999412
          ],
          [
            83.69580078125,
            24.506366278119117
          ],
          [
            83.787841796875,
            24.537372137494117
          ],
          [
            83.953857421875,
            24.558954168744123
          ],
          [
            84.000244140625,
            24.67792389530662
          ],
          [
            84.09433593750003,
            24.800897528119123
          ],
          [
            84.17031250000002,
            24.827997137494123
          ],
          [
            84.262451171875,
            24.938251043744117
          ],
          [
            84.30126953125,
            25.02326080936912
          ],
          [
            84.42822265625,
            25.08246491093162
          ],
          [
            84.500244140625,
            25.19367096561912
          ],
          [
            84.591552734375,
            25.238641668744123
          ],
          [
            84.65244140625003,
            25.244989324994123
          ],
          [
            84.72548828125002,
            25.331659246869123
          ],
          [
            84.77509765625001,
            25.433221746869123
          ],
          [
            84.767822265625,
            25.48444244999412
          ],
          [
            84.80927734375001,
            25.58466217655662
          ],
          [
            84.80185546875003,
            25.639276434369123
          ],
          [
            84.87763671875001,
            25.70758698124412
          ]
        ]
      },
      "properties": {
        "name_en": "Son",
        "name": "Son",
        "scalerank": 9,
        "min_zoom": 7.1
      }
    },
    {
      "type": "Feature",
      "geometry": {
        "type": "LineString",
        "coordinates": [
          [
            77.34619140625,
            23.240350653119123
          ],
          [
            77.416015625,
            23.193133856244117
          ],
          [
            77.44921875,
            23.137958074994117
          ],
          [
            77.503662109375,
            23.11505768436912
          ],
          [
            77.61367187500002,
            23.130487371869123
          ],
          [
            77.672119140625,
            23.23407623905662
          ],
          [
            77.73720703125002,
            23.438983465619117
          ],
          [
            77.853271484375,
            23.61774323124412
          ],
          [
            77.83896484375003,
            23.686053778119117
          ],
          [
            77.846435546875,
            23.79865143436912
          ],
          [
            77.897705078125,
            23.88153717655662
          ],
          [
            77.98232421875002,
            23.963641668744117
          ],
          [
            78.02392578125,
            24.039081121869117
          ],
          [
            78.03339843750001,
            24.17096588749412
          ],
          [
            78.0927734375,
            24.32453034061912
          ],
          [
            78.183837890625,
            24.41376373905662
          ],
          [
            78.2626953125,
            24.45587799686912
          ],
          [
            78.22890625000002,
            24.53278229374412
          ],
          [
            78.26474609375003,
            24.58356354374412
          ],
          [
            78.26123046875,
            24.69269440311912
          ],
          [
            78.224853515625,
            24.794208074994117
          ],
          [
            78.16904296875003,
            24.865497137494117
          ],
          [
            78.33652343750003,
            25.02301666874412
          ],
          [
            78.33046875000002,
            25.082049871869117
          ],
          [
            78.525390625,
            25.17938873905662
          ],
          [
            78.64980468750002,
            25.334833074994123
          ],
          [
            78.64511718750003,
            25.37323639530662
          ],
          [
            78.70654296875,
            25.433221746869123
          ],
          [
            78.72695312500002,
            25.494501043744123
          ],
          [
            78.85751953125003,
            25.53632233280662
          ],
          [
            78.90156250000001,
            25.60114166874412
          ],
          [
            79.04072265625001,
            25.727069403119117
          ],
          [
            79.07968750000003,
            25.81683991093162
          ],
          [
            79.155517578125,
            25.81683991093162
          ],
          [
            79.32763671875,
            25.77619049686912
          ],
          [
            79.40859375000002,
            25.81098053593162
          ],
          [
            79.44248046875003,
            25.79291412968162
          ],
          [
            79.53125,
            25.88959381718162
          ],
          [
            79.68544921875002,
            25.92816803593162
          ],
          [
            79.78955078125,
            25.872088934369117
          ],
          [
            79.83388671875002,
            25.89252350468162
          ],
          [
            79.992919921875,
            25.885272528119117
          ],
          [
            80.06582031250002,
            25.90582916874412
          ],
          [
            80.101318359375,
            25.947137762494123
          ],
          [
            80.2099609375,
            25.91986725468162
          ]
        ]
      },
      "properties": {
        "name_en": "Betwa",
        "name": "Betwa",
        "scalerank": 9,
        "min_zoom": 7.1
      }
    },
    {
      "type": "Feature",
      "geometry": {
        "type": "MultiLineString",
        "coordinates": [
          [
            [
              76.825439453125,
              32.327264715619116
            ],
            [
              76.64248046875002,
              32.28729889530662
            ],
            [
              76.56484375000002,
              32.32033112186912
            ],
            [
              76.4765625,
              32.39210846561912
            ],
            [
              76.4580078125,
              32.44679596561912
            ],
            [
              76.33056640625,
              32.451532293744116
            ],
            [
              76.28076171875,
              32.47809479374412
            ],
            [
              76.18105468750002,
              32.47931549686912
            ],
            [
              76.082763671875,
              32.614862371869116
            ],
            [
              75.9341796875,
              32.61701080936912
            ],
            [
              75.839111328125,
              32.50661041874412
            ],
            [
              75.742919921875,
              32.46442291874412
            ],
            [
              75.68251953125002,
              32.39984772343162
            ],
            [
              75.6119140625,
              32.39552643436912
            ],
            [
              75.53798828125002,
              32.34523346561912
            ],
            [
              75.464453125,
              32.252801824994116
            ],
            [
              75.33828125000002,
              32.19069244999412
            ],
            [
              75.30996093750002,
              32.15387604374412
            ],
            [
              75.19521484375002,
              32.128778387494116
            ],
            [
              75.10166015625,
              32.07831452030662
            ],
            [
              75.04052734375,
              32.09821198124412
            ],
            [
              74.95517578125,
              32.03241608280662
            ],
            [
              74.82822265625,
              32.02565338749412
            ],
            [
              74.78330078125,
              31.94306061405662
            ],
            [
              74.697998046875,
              31.95050690311912
            ],
            [
              74.66953125,
              31.904413153119116
            ],
            [
              74.5650390625,
              31.84076569218162
            ],
            [
              74.515869140625,
              31.73761627811912
            ],
            [
              74.34365234375002,
              31.661737371869116
            ],
            [
              74.278076171875,
              31.569842840619117
            ],
            [
              74.2017578125,
              31.49799225468162
            ]
          ],
          [
            [
              71.77490234375,
              30.614129949994116
            ],
            [
              71.930419921875,
              30.65546295780662
            ],
            [
              71.98427734375002,
              30.61615631718162
            ],
            [
              72.15156250000001,
              30.58173248905662
            ],
            [
              72.278564453125,
              30.579364324994117
            ],
            [
              72.49619140625,
              30.628534246869116
            ],
            [
              72.585205078125,
              30.59540436405662
            ],
            [
              72.70029296875,
              30.600458074994116
            ],
            [
              72.76328125,
              30.71747467655662
            ],
            [
              72.86826171875,
              30.72260162968162
            ],
            [
              72.88525390625,
              30.76434967655662
            ],
            [
              72.97470703125,
              30.76434967655662
            ],
            [
              73.1630859375,
              30.92572662968162
            ],
            [
              73.24521484375,
              30.980340887494116
            ],
            [
              73.34736328125001,
              31.00800202030662
            ],
            [
              73.39013671875,
              31.095477606244117
            ],
            [
              73.589453125,
              31.15021393436912
            ],
            [
              73.659912109375,
              31.155389715619116
            ],
            [
              73.79042968750002,
              31.259393621869116
            ],
            [
              73.87216796875,
              31.230487371869117
            ],
            [
              73.90566406250002,
              31.29254791874412
            ],
            [
              73.99697265625002,
              31.320917059369116
            ],
            [
              74.04345703125,
              31.41608307499412
            ],
            [
              74.1064453125,
              31.424920965619116
            ],
            [
              74.2080078125,
              31.49799225468162
            ]
          ]
        ]
      },
      "properties": {
        "name_en": "Ravi",
        "name": "Ravi",
        "scalerank": 9,
        "min_zoom": 7.1
      }
    },
    {
      "type": "Feature",
      "geometry": {
        "type": "LineString",
        "coordinates": [
          [
            83.963134765625,
            29.200213934369117
          ],
          [
            83.95498046875002,
            29.108661199994117
          ],
          [
            83.8984375,
            28.997821356244117
          ],
          [
            83.82607421875002,
            28.95453522343162
          ],
          [
            83.76416015625,
            28.808221746869116
          ],
          [
            83.58896484375003,
            28.65399811405662
          ],
          [
            83.63681640625003,
            28.598749090619116
          ],
          [
            83.64902343750003,
            28.504169012494117
          ],
          [
            83.58896484375003,
            28.421258856244116
          ],
          [
            83.5693359375,
            28.34772369999412
          ],
          [
            83.62353515625,
            28.24982330936912
          ],
          [
            83.671630859375,
            28.21576569218162
          ],
          [
            83.61806640625002,
            28.12628815311912
          ],
          [
            83.54941406250003,
            28.06122467655662
          ],
          [
            83.58964843749999,
            28.00372955936912
          ],
          [
            83.50722656250002,
            27.961297918744116
          ],
          [
            83.63623046875,
            27.908954168744117
          ],
          [
            83.742431640625,
            27.920282293744116
          ],
          [
            83.8251953125,
            27.87616608280662
          ],
          [
            83.923828125,
            27.87811920780662
          ],
          [
            83.9921875,
            27.905877996869116
          ],
          [
            84.09228515625,
            27.862811590619117
          ],
          [
            84.26806640625,
            27.84589264530662
          ],
          [
            84.321044921875,
            27.759295965619117
          ],
          [
            84.390869140625,
            27.783807684369116
          ],
          [
            84.42578125,
            27.72858307499412
          ],
          [
            84.27792968750003,
            27.659686590619117
          ],
          [
            84.1787109375,
            27.632928778119116
          ],
          [
            84.10302734375,
            27.536737371869116
          ],
          [
            83.958740234375,
            27.55219147343162
          ],
          [
            83.9384765625,
            27.461688543744117
          ],
          [
            83.833740234375,
            27.434198309369116
          ],
          [
            83.876953125,
            27.36200592655662
          ],
          [
            83.841064453125,
            27.302997137494117
          ],
          [
            83.880615234375,
            27.26154205936912
          ],
          [
            84.02041015625002,
            27.17365143436912
          ],
          [
            84.04892578125003,
            27.10309479374412
          ],
          [
            84.10800781250003,
            27.092645574994116
          ],
          [
            84.170654296875,
            27.01959869999412
          ],
          [
            84.20546875000002,
            26.92145416874412
          ],
          [
            84.28173828125,
            26.87946198124412
          ],
          [
            84.358642578125,
            26.76105377811912
          ],
          [
            84.42578125,
            26.605096746869116
          ],
          [
            84.51914062500003,
            26.598163153119117
          ],
          [
            84.57041015625003,
            26.48920319218162
          ],
          [
            84.68427734375001,
            26.46149323124412
          ],
          [
            84.82607421875002,
            26.270624090619116
          ],
          [
            84.89804687500003,
            26.207879949994116
          ],
          [
            84.91552734375,
            26.135858465619116
          ],
          [
            84.973876953125,
            26.084344793744116
          ],
          [
            84.94619140625002,
            26.04218170780662
          ],
          [
            85.029052734375,
            25.994989324994123
          ],
          [
            85.1728515625,
            25.827508856244123
          ],
          [
            85.19296875000003,
            25.72064850468162
          ],
          [
            85.18271484375003,
            25.63764069218162
          ]
        ]
      },
      "properties": {
        "name_en": "Gandaki",
        "name": "Gandak",
        "scalerank": 9,
        "min_zoom": 7.1
      }
    },
    {
      "type": "Feature",
      "geometry": {
        "type": "LineString",
        "coordinates": [
          [
            75.934814453125,
            31.96454498905662
          ],
          [
            75.99169921875,
            31.974481512494116
          ],
          [
            76.117919921875,
            31.941766668744116
          ],
          [
            76.2001953125,
            31.88641998905662
          ]
        ]
      },
      "properties": {
        "name_en": "Beas",
        "name": "Beas",
        "scalerank": 8,
        "min_zoom": 7
      }
    },
    {
      "type": "Feature",
      "geometry": {
        "type": "MultiLineString",
        "coordinates": [
          [
            [
              77.195068359375,
              32.25885651249412
            ],
            [
              77.20322265625003,
              32.19391510624412
            ],
            [
              77.15664062500002,
              32.116815496869116
            ],
            [
              77.12343750000002,
              31.92389557499412
            ],
            [
              77.18759765625003,
              31.826678778119117
            ],
            [
              77.21464843749999,
              31.73761627811912
            ],
            [
              77.067138671875,
              31.70062897343162
            ],
            [
              76.934814453125,
              31.713739324994116
            ],
            [
              76.93076171875003,
              31.772577215619116
            ],
            [
              76.8564453125,
              31.820917059369116
            ],
            [
              76.78173828125,
              31.83649323124412
            ],
            [
              76.747314453125,
              31.87714264530662
            ],
            [
              76.59384765625003,
              31.903827215619117
            ],
            [
              76.44423828125002,
              31.808954168744116
            ],
            [
              76.32080078125,
              31.78217194218162
            ],
            [
              76.20029296875003,
              31.886346746869116
            ]
          ],
          [
            [
              75.934814453125,
              31.96454498905662
            ],
            [
              75.898193359375,
              31.962274481244116
            ],
            [
              75.70654296875,
              32.04987213749412
            ],
            [
              75.68837890625002,
              32.11176178593162
            ],
            [
              75.5884765625,
              32.07977936405662
            ],
            [
              75.555419921875,
              32.038446356244116
            ],
            [
              75.534765625,
              31.94000885624412
            ],
            [
              75.56289062500002,
              31.85846588749412
            ],
            [
              75.52841796875,
              31.711932684369117
            ],
            [
              75.37060546875,
              31.575213934369117
            ],
            [
              75.319921875,
              31.509784246869117
            ],
            [
              75.2271484375,
              31.45697662968162
            ],
            [
              75.16884765625002,
              31.346795965619116
            ],
            [
              75.036865234375,
              31.198016668744117
            ],
            [
              75.002685546875,
              31.176288153119117
            ]
          ]
        ]
      },
      "properties": {
        "name_en": "Beas",
        "name": "Beas",
        "scalerank": 8,
        "min_zoom": 7
      }
    },
    {
      "type": "Feature",
      "geometry": {
        "type": "MultiLineString",
        "coordinates": [
          [
            [
              75.53076171875,
              13.49616119999412
            ],
            [
              75.578125,
              13.569696356244123
            ],
            [
              75.55576171875,
              13.676044012494117
            ],
            [
              75.63173828125002,
              13.712176824994117
            ]
          ],
          [
            [
              75.89384765625002,
              15.09259674686912
            ],
            [
              75.903564453125,
              15.131219793744123
            ],
            [
              76.063720703125,
              15.15961334843162
            ],
            [
              76.155517578125,
              15.227899481244123
            ],
            [
              76.228759765625,
              15.22540924686912
            ],
            [
              76.318359375,
              15.27069733280662
            ],
            [
              76.3193359375,
              15.27252838749412
            ]
          ]
        ]
      },
      "properties": {
        "name_en": "Tungabhadra",
        "name": "Tungabhadra",
        "scalerank": 8,
        "min_zoom": 7
      }
    },
    {
      "type": "Feature",
      "geometry": {
        "type": "MultiLineString",
        "coordinates": [
          [
            [
              75.318359375,
              13.228631903119123
            ],
            [
              75.45556640625,
              13.26959869999412
            ],
            [
              75.48964843750002,
              13.321161199994123
            ],
            [
              75.470703125,
              13.36749909061912
            ],
            [
              75.53076171875,
              13.49616119999412
            ]
          ],
          [
            [
              75.63173828125002,
              13.712176824994117
            ],
            [
              75.69570312500002,
              13.775409246869117
            ],
            [
              75.69521484375002,
              13.95551178593162
            ],
            [
              75.66542968750002,
              14.03058502811912
            ],
            [
              75.72080078125,
              14.07367584843162
            ],
            [
              75.685791015625,
              14.120965887494123
            ],
            [
              75.619384765625,
              14.33844635624412
            ],
            [
              75.63974609375,
              14.448016668744117
            ],
            [
              75.79482421875002,
              14.54816315311912
            ],
            [
              75.80507812500002,
              14.650653387494117
            ],
            [
              75.73544921875,
              14.695331121869117
            ],
            [
              75.73779296875,
              14.73969147343162
            ],
            [
              75.667236328125,
              14.835321356244123
            ],
            [
              75.69570312500002,
              14.879510809369123
            ],
            [
              75.67685546875,
              14.93549225468162
            ],
            [
              75.73232421875002,
              14.95880768436912
            ],
            [
              75.89384765625002,
              15.09259674686912
            ]
          ],
          [
            [
              76.318359375,
              15.27069733280662
            ],
            [
              76.33925781250002,
              15.324481512494117
            ],
            [
              76.505615234375,
              15.360126043744117
            ],
            [
              76.60634765625002,
              15.441424871869117
            ],
            [
              76.715576171875,
              15.49664948124412
            ],
            [
              76.7822265625,
              15.49445221561912
            ],
            [
              76.843994140625,
              15.651727606244123
            ],
            [
              77.07343750000001,
              15.92108795780662
            ],
            [
              77.14384765624999,
              15.96076080936912
            ],
            [
              77.22646484375002,
              15.976434637494123
            ],
            [
              77.30615234375,
              15.95709869999412
            ],
            [
              77.4287109375,
              15.955926824994123
            ],
            [
              77.58251953125,
              15.92804596561912
            ],
            [
              77.64121093750003,
              15.900653387494117
            ],
            [
              77.849853515625,
              15.89386627811912
            ],
            [
              77.887939453125,
              15.91913483280662
            ],
            [
              78.08750000000003,
              15.83295319218162
            ],
            [
              78.23691406250003,
              15.969598699994123
            ]
          ]
        ]
      },
      "properties": {
        "name_en": "Tungabhadra",
        "name": "Tungabhadra",
        "scalerank": 8,
        "min_zoom": 7
      }
    },
    {
      "type": "Feature",
      "geometry": {
        "type": "LineString",
        "coordinates": [
          [
            79.5322265625,
            22.01386139530662
          ],
          [
            79.45849609375,
            22.17316315311912
          ],
          [
            79.521240234375,
            22.251483465619117
          ],
          [
            79.46396484375003,
            22.31867096561912
          ],
          [
            79.498779296875,
            22.374872137494123
          ],
          [
            79.57763671875,
            22.35370514530662
          ],
          [
            79.64453125,
            22.39447662968162
          ],
          [
            79.692138671875,
            22.45844147343162
          ],
          [
            79.778564453125,
            22.396844793744123
          ],
          [
            79.83876953125002,
            22.379169012494117
          ],
          [
            80.06171875000001,
            22.39337799686912
          ],
          [
            80.09072265625002,
            22.34772369999412
          ],
          [
            80.09042968750003,
            22.249774481244117
          ],
          [
            80.036865234375,
            22.18537018436912
          ],
          [
            80.110595703125,
            22.00079987186912
          ],
          [
            80.1162109375,
            21.952020574994123
          ],
          [
            80.169677734375,
            21.90460846561912
          ],
          [
            80.189697265625,
            21.654169012494123
          ],
          [
            80.080322265625,
            21.571649481244123
          ],
          [
            79.927001953125,
            21.55158112186912
          ],
          [
            79.88037109375,
            21.44257233280662
          ],
          [
            79.79296875,
            21.37335846561912
          ],
          [
            79.74814453125003,
            21.257586981244117
          ],
          [
            79.6943359375,
            21.23541901249412
          ],
          [
            79.67490234375003,
            21.16193268436912
          ],
          [
            79.59873046875003,
            21.104510809369117
          ],
          [
            79.64541015625002,
            20.951532293744123
          ],
          [
            79.606201171875,
            20.87982819218162
          ],
          [
            79.688720703125,
            20.767840887494117
          ],
          [
            79.81728515625002,
            20.691278387494123
          ],
          [
            79.90380859375,
            20.68183014530662
          ],
          [
            79.93701171875,
            20.64960358280662
          ],
          [
            79.923583984375,
            20.54975006718162
          ],
          [
            79.939697265625,
            20.435174871869123
          ],
          [
            79.9638671875,
            20.401141668744117
          ],
          [
            79.94384765625,
            20.308221746869123
          ],
          [
            79.984375,
            20.22504303593162
          ],
          [
            79.93798828125,
            20.19440338749412
          ],
          [
            79.9755859375,
            20.04791901249412
          ],
          [
            79.94179687500002,
            19.984881903119117
          ],
          [
            79.88496093750001,
            19.97772858280662
          ],
          [
            79.82041015625003,
            20.04096100468162
          ],
          [
            79.770263671875,
            19.97992584843162
          ],
          [
            79.79824218750002,
            19.90704987186912
          ],
          [
            79.74560546875,
            19.81867096561912
          ],
          [
            79.7978515625,
            19.607049871869123
          ],
          [
            79.86376953125,
            19.51361725468162
          ],
          [
            79.932373046875,
            19.480340887494123
          ],
          [
            79.9716796875,
            19.392694403119123
          ],
          [
            79.96425781250002,
            19.31391022343162
          ],
          [
            79.93115234375,
            19.24933502811912
          ],
          [
            79.94384765625,
            19.16925690311912
          ],
          [
            79.86181640625,
            19.08112213749412
          ],
          [
            79.93359375,
            19.053241278119117
          ],
          [
            79.96484375,
            18.935419012494123
          ],
          [
            79.96035156250002,
            18.867206121869117
          ],
          [
            79.91689453125002,
            18.826678778119117
          ]
        ]
      },
      "properties": {
        "name_en": "Wainganga",
        "name": "Wainganga",
        "scalerank": 8,
        "min_zoom": 7
      }
    },
    {
      "type": "Feature",
      "geometry": {
        "type": "MultiLineString",
        "coordinates": [
          [
            [
              74.59414062500002,
              34.37958405155662
            ],
            [
              74.59384765625,
              34.37990143436912
            ],
            [
              74.54052734375,
              34.374872137494116
            ],
            [
              74.53173828125,
              34.301629949994116
            ]
          ],
          [
            [
              73.64296875000002,
              33.142206121869116
            ],
            [
              73.669189453125,
              33.18781159061912
            ],
            [
              73.6044921875,
              33.26637604374412
            ],
            [
              73.59775390625,
              33.32099030155662
            ]
          ]
        ]
      },
      "properties": {
        "name_en": "Jhelum",
        "name": "Jhelum",
        "scalerank": 7,
        "min_zoom": 6
      }
    },
    {
      "type": "Feature",
      "geometry": {
        "type": "MultiLineString",
        "coordinates": [
          [
            [
              75.3662109375,
              33.444452215619116
            ],
            [
              75.35693359375,
              33.47724030155662
            ],
            [
              75.18857421875,
              33.582879949994116
            ],
            [
              75.1099609375,
              33.69537994999412
            ],
            [
              75.09189453125,
              33.81439850468162
            ],
            [
              75.01953125,
              33.87958405155662
            ],
            [
              74.98261718750001,
              33.95094635624412
            ],
            [
              74.91640625000002,
              33.96491119999412
            ],
            [
              74.89013671875,
              34.02606842655662
            ],
            [
              74.71748046875001,
              34.14015534061912
            ],
            [
              74.620703125,
              34.25849030155662
            ],
            [
              74.63251953125001,
              34.31098053593162
            ],
            [
              74.59384765625,
              34.37990143436912
            ]
          ],
          [
            [
              73.59775390625,
              33.32099030155662
            ],
            [
              73.5712890625,
              33.386590887494116
            ],
            [
              73.625244140625,
              33.451288153119116
            ],
            [
              73.63046875,
              33.55609772343162
            ],
            [
              73.573974609375,
              33.62575104374412
            ],
            [
              73.59775390625,
              33.70795319218162
            ],
            [
              73.564697265625,
              33.80292389530662
            ],
            [
              73.577392578125,
              33.90997955936912
            ],
            [
              73.51611328125,
              34.00734284061912
            ],
            [
              73.460205078125,
              34.31903717655662
            ],
            [
              73.513427734375,
              34.32404205936912
            ],
            [
              73.62744140625,
              34.202997137494116
            ],
            [
              73.7076171875,
              34.17067291874412
            ],
            [
              73.818603515625,
              34.15602448124412
            ],
            [
              73.912841796875,
              34.10182526249412
            ],
            [
              74.02041015625002,
              34.09882233280662
            ],
            [
              74.11865234375,
              34.14960358280662
            ],
            [
              74.26943359375002,
              34.17750885624412
            ],
            [
              74.407958984375,
              34.268915106244116
            ],
            [
              74.53173828125,
              34.301629949994116
            ]
          ],
          [
            [
              72.13876953125,
              31.18329498905662
            ],
            [
              72.13857421875002,
              31.19293854374412
            ],
            [
              72.14169921875,
              31.20050690311912
            ],
            [
              72.1591796875,
              31.21710846561912
            ],
            [
              72.12929687500002,
              31.265643621869117
            ],
            [
              72.111328125,
              31.38129303593162
            ],
            [
              72.167236328125,
              31.69745514530662
            ],
            [
              72.24746093750002,
              31.81586334843162
            ],
            [
              72.266845703125,
              31.88507721561912
            ],
            [
              72.24033203125,
              32.005731512494116
            ],
            [
              72.2939453125,
              32.07819244999412
            ],
            [
              72.3365234375,
              32.23163483280662
            ],
            [
              72.39990234375,
              32.31586334843162
            ],
            [
              72.46337890625,
              32.33588287968162
            ],
            [
              72.53583984375001,
              32.40236237186912
            ],
            [
              72.611328125,
              32.43646881718162
            ],
            [
              72.77480468750002,
              32.45587799686912
            ],
            [
              72.93300781250002,
              32.54315827030662
            ],
            [
              73.065673828125,
              32.58112213749412
            ],
            [
              73.228125,
              32.59699127811912
            ],
            [
              73.26943359375002,
              32.635126043744116
            ],
            [
              73.4185546875,
              32.64826080936912
            ],
            [
              73.522216796875,
              32.70014069218162
            ],
            [
              73.59033203125,
              32.770624090619116
            ],
            [
              73.61220703125002,
              32.841180731244116
            ],
            [
              73.769775390625,
              32.97772858280662
            ],
            [
              73.76123046875,
              33.04469635624412
            ],
            [
              73.67041015625,
              33.083856512494116
            ],
            [
              73.64296875000002,
              33.142206121869116
            ]
          ]
        ]
      },
      "properties": {
        "name_en": "Jhelum",
        "name": "Jhelum",
        "scalerank": 7,
        "min_zoom": 6
      }
    },
    {
      "type": "Feature",
      "geometry": {
        "type": "MultiLineString",
        "coordinates": [
          [
            [
              76.43222656250003,
              12.51630280155662
            ],
            [
              76.432373046875,
              12.516131903119117
            ],
            [
              76.474609375,
              12.46088287968162
            ],
            [
              76.572265625,
              12.427362371869108
            ]
          ],
          [
            [
              77.81679687500002,
              11.81708405155662
            ],
            [
              77.826416015625,
              11.91095612186912
            ],
            [
              77.68740234375002,
              11.94818756718162
            ],
            [
              77.67490234375003,
              11.97052643436912
            ]
          ]
        ]
      },
      "properties": {
        "name_en": "Kaveri",
        "name": "Cauvery",
        "scalerank": 7,
        "min_zoom": 6
      }
    },
    {
      "type": "Feature",
      "geometry": {
        "type": "MultiLineString",
        "coordinates": [
          [
            [
              75.660400390625,
              12.33795807499412
            ],
            [
              75.75205078125,
              12.284198309369117
            ],
            [
              75.84921875,
              12.31085846561912
            ],
            [
              75.89423828125001,
              12.354120184369108
            ],
            [
              75.92099609375,
              12.43353912968162
            ],
            [
              75.95517578125,
              12.44379303593162
            ],
            [
              75.97792968750002,
              12.536639715619117
            ],
            [
              76.05478515625003,
              12.619159246869117
            ],
            [
              76.16572265625001,
              12.582294012494117
            ],
            [
              76.23886718750003,
              12.51666901249412
            ],
            [
              76.432373046875,
              12.516131903119117
            ]
          ],
          [
            [
              77.67490234375003,
              11.97052643436912
            ],
            [
              77.727294921875,
              12.06110260624412
            ],
            [
              77.73496093750003,
              12.163592840619117
            ],
            [
              77.667724609375,
              12.20392487186912
            ],
            [
              77.4921875,
              12.20551178593162
            ],
            [
              77.42490234375003,
              12.292987371869117
            ],
            [
              77.34619140625,
              12.282733465619117
            ],
            [
              77.29931640625,
              12.30634186405662
            ],
            [
              77.182861328125,
              12.308124090619117
            ],
            [
              77.12021484375003,
              12.23554108280662
            ],
            [
              77.12021484375003,
              12.200799871869108
            ],
            [
              77.01132812500003,
              12.182879949994117
            ],
            [
              77.01552734375002,
              12.238153387494108
            ],
            [
              76.91367187500003,
              12.22553131718162
            ],
            [
              76.79238281250002,
              12.36701080936912
            ],
            [
              76.77871093750002,
              12.40045807499412
            ],
            [
              76.65761718750002,
              12.44037506718162
            ],
            [
              76.572265625,
              12.427362371869108
            ]
          ],
          [
            [
              77.81679687500002,
              11.81708405155662
            ],
            [
              77.77138671875002,
              11.666376043744108
            ],
            [
              77.74111328125002,
              11.620135809369117
            ],
            [
              77.73037109375002,
              11.52240631718162
            ],
            [
              77.687744140625,
              11.44281647343162
            ],
            [
              77.716796875,
              11.37836334843162
            ],
            [
              77.85107421875,
              11.24371979374412
            ],
            [
              77.88808593750002,
              11.09784577030662
            ],
            [
              77.9169921875,
              11.071551824994117
            ],
            [
              78.031982421875,
              11.09039948124412
            ],
            [
              78.12343750000002,
              11.06195709843162
            ],
            [
              78.202392578125,
              10.951044012494108
            ],
            [
              78.363037109375,
              10.96051666874412
            ],
            [
              78.48681640625,
              10.909442449994117
            ],
            [
              78.677978515625,
              10.869403387494117
            ]
          ],
          [
            [
              79.528564453125,
              10.33832428593162
            ],
            [
              79.46923828125,
              10.415790106244117
            ],
            [
              79.5,
              10.542987371869117
            ],
            [
              79.42988281250001,
              10.72382233280662
            ],
            [
              79.333251953125,
              10.802606512494108
            ],
            [
              79.16835937500002,
              10.797870184369117
            ],
            [
              79.05927734375001,
              10.816669012494117
            ],
            [
              78.93837890625002,
              10.79669830936912
            ],
            [
              78.90156250000001,
              10.816669012494117
            ],
            [
              78.86171875000002,
              10.82575104374412
            ],
            [
              78.73095703125,
              10.823504949994117
            ],
            [
              78.60000000000002,
              10.87811920780662
            ]
          ],
          [
            [
              79.84121093750002,
              10.90546295780662
            ],
            [
              79.66259765625,
              10.90546295780662
            ],
            [
              79.6318359375,
              10.93439362186912
            ],
            [
              79.46054687500003,
              10.919061590619108
            ],
            [
              79.43359375,
              10.939569403119108
            ],
            [
              79.2626953125,
              10.93402741093162
            ],
            [
              79.10908203125001,
              10.866961981244117
            ],
            [
              78.91953125000003,
              10.84210846561912
            ],
            [
              78.89980468750002,
              10.834002996869117
            ],
            [
              78.88173828125002,
              10.816669012494117
            ]
          ]
        ]
      },
      "properties": {
        "name_en": "Kaveri",
        "name": "Cauvery",
        "scalerank": 7,
        "min_zoom": 6
      }
    },
    {
      "type": "Feature",
      "geometry": {
        "type": "MultiLineString",
        "coordinates": [
          [
            [
              75.58134765625002,
              24.647723699994117
            ],
            [
              75.596923828125,
              24.54193756718162
            ],
            [
              75.4458984375,
              24.36688873905662
            ],
            [
              75.35244140625002,
              24.30609772343162
            ],
            [
              75.385498046875,
              24.222528387494123
            ]
          ],
          [
            [
              75.57167968750002,
              24.918719793744117
            ],
            [
              75.592041015625,
              24.810077215619117
            ],
            [
              75.50722656250002,
              24.74396393436912
            ]
          ]
        ]
      },
      "properties": {
        "name_en": "Chambal",
        "name": "Chambal",
        "scalerank": 7,
        "min_zoom": 6
      }
    },
    {
      "type": "Feature",
      "geometry": {
        "type": "MultiLineString",
        "coordinates": [
          [
            [
              75.667236328125,
              22.47321198124412
            ],
            [
              75.583740234375,
              22.52301666874412
            ],
            [
              75.51015625000002,
              22.602899481244123
            ],
            [
              75.50332031250002,
              22.726434637494123
            ],
            [
              75.46865234375002,
              22.81207916874412
            ],
            [
              75.522705078125,
              23.09003327030662
            ],
            [
              75.49648437500002,
              23.226678778119123
            ],
            [
              75.392578125,
              23.389667059369117
            ],
            [
              75.39501953125,
              23.46771881718162
            ],
            [
              75.35458984375,
              23.54389069218162
            ],
            [
              75.35878906250002,
              23.672381903119117
            ],
            [
              75.29335937500002,
              23.71564362186912
            ],
            [
              75.26992187500002,
              23.774774481244123
            ],
            [
              75.349609375,
              23.802362371869123
            ],
            [
              75.373046875,
              23.85053131718162
            ],
            [
              75.454345703125,
              23.907733465619117
            ],
            [
              75.51699218750002,
              24.059344793744117
            ],
            [
              75.385498046875,
              24.222528387494123
            ]
          ],
          [
            [
              75.50722656250002,
              24.74396393436912
            ],
            [
              75.58134765625002,
              24.647723699994117
            ]
          ],
          [
            [
              75.57167968750002,
              24.918719793744117
            ],
            [
              75.554443359375,
              24.94733307499412
            ],
            [
              75.930908203125,
              25.283710028119117
            ],
            [
              75.969482421875,
              25.234637762494117
            ],
            [
              76.02294921875,
              25.32184479374412
            ],
            [
              76.12783203125002,
              25.390252996869123
            ],
            [
              76.16748046875,
              25.48285553593162
            ],
            [
              76.2705078125,
              25.52948639530662
            ],
            [
              76.28525390625003,
              25.69159577030662
            ],
            [
              76.36328125,
              25.75690338749412
            ],
            [
              76.433837890625,
              25.78522369999412
            ],
            [
              76.4873046875,
              25.85162994999412
            ],
            [
              76.55478515625003,
              25.85162994999412
            ],
            [
              76.65175781250002,
              25.92267487186912
            ],
            [
              76.72705078125,
              25.91632721561912
            ],
            [
              76.79599609375003,
              25.964618231244117
            ],
            [
              76.8154296875,
              26.01886627811912
            ],
            [
              76.907958984375,
              26.098651434369117
            ],
            [
              77.082275390625,
              26.185321356244117
            ],
            [
              77.124755859375,
              26.237909246869116
            ],
            [
              77.209716796875,
              26.24201080936912
            ],
            [
              77.32333984375003,
              26.352069403119117
            ],
            [
              77.43125000000003,
              26.37372467655662
            ],
            [
              77.61679687500003,
              26.483026434369116
            ],
            [
              77.71503906250001,
              26.50604889530662
            ],
            [
              77.83144531250002,
              26.575799871869116
            ],
            [
              77.89423828125001,
              26.65973541874412
            ],
            [
              78.01279296875003,
              26.69562409061912
            ],
            [
              78.07929687500001,
              26.682977606244116
            ],
            [
              78.10117187500003,
              26.795184637494117
            ],
            [
              78.1689453125,
              26.82221100468162
            ],
            [
              78.2548828125,
              26.817401434369117
            ],
            [
              78.28603515625002,
              26.85492584843162
            ],
            [
              78.371337890625,
              26.851092840619117
            ],
            [
              78.46152343750003,
              26.792352606244116
            ],
            [
              78.5634765625,
              26.758563543744117
            ],
            [
              78.69326171875002,
              26.79791901249412
            ],
            [
              78.79248046875,
              26.76215241093162
            ],
            [
              78.861328125,
              26.701288153119116
            ],
            [
              78.941162109375,
              26.66986725468162
            ],
            [
              79.02626953125002,
              26.59149811405662
            ],
            [
              79.114501953125,
              26.53620026249412
            ],
            [
              79.244873046875,
              26.502069403119116
            ]
          ]
        ]
      },
      "properties": {
        "name_en": "Chambal",
        "name": "Chambal",
        "scalerank": 7,
        "min_zoom": 6
      }
    },
    {
      "type": "Feature",
      "geometry": {
        "type": "LineString",
        "coordinates": [
          [
            80.92324218750002,
            30.55206940311912
          ],
          [
            81.02509765625001,
            30.54181549686912
          ],
          [
            81.09873046875003,
            30.46356842655662
          ],
          [
            81.12246093750002,
            30.36029694218162
          ],
          [
            81.169921875,
            30.318963934369116
          ],
          [
            81.197509765625,
            30.223749090619116
          ],
          [
            81.32568359375,
            30.15582916874412
          ],
          [
            81.44082031250002,
            30.175311590619117
          ],
          [
            81.541259765625,
            30.07147858280662
          ],
          [
            81.746337890625,
            30.03693268436912
          ],
          [
            81.77978515625,
            29.976678778119116
          ],
          [
            81.86005859375001,
            29.92694733280662
          ],
          [
            81.87451171875,
            29.834491278119117
          ],
          [
            81.91552734375,
            29.77875397343162
          ],
          [
            82.012451171875,
            29.753290106244116
          ],
          [
            81.986083984375,
            29.70404694218162
          ],
          [
            81.787109375,
            29.62042877811912
          ],
          [
            81.78076171875,
            29.534442449994117
          ],
          [
            81.70839843750002,
            29.46796295780662
          ],
          [
            81.73876953125,
            29.352899481244116
          ],
          [
            81.723876953125,
            29.28070709843162
          ],
          [
            81.61591796875001,
            29.22321198124412
          ],
          [
            81.54013671875003,
            29.119501043744116
          ],
          [
            81.40976562500003,
            29.023944403119117
          ],
          [
            81.425537109375,
            28.90363190311912
          ],
          [
            81.33779296875002,
            28.89423248905662
          ],
          [
            81.20751953125,
            28.90790436405662
          ],
          [
            81.053955078125,
            28.97614166874412
          ],
          [
            80.99208984375002,
            28.935174871869116
          ],
          [
            81.09462890625002,
            28.853876043744116
          ],
          [
            81.135498046875,
            28.86627838749412
          ],
          [
            81.21054687500003,
            28.811639715619116
          ],
          [
            81.27685546875,
            28.697137762494116
          ],
          [
            81.27783203125,
            28.658465887494117
          ],
          [
            81.197509765625,
            28.33930084843162
          ],
          [
            81.09921875000003,
            28.339374090619117
          ],
          [
            81.066650390625,
            28.24494049686912
          ],
          [
            81.11464843750002,
            28.19196198124412
          ],
          [
            81.1337890625,
            28.110956121869116
          ],
          [
            81.183837890625,
            28.071161199994116
          ],
          [
            81.15595703125001,
            28.027118231244117
          ],
          [
            81.288818359375,
            27.93280670780662
          ],
          [
            81.28115234375002,
            27.78278229374412
          ],
          [
            81.252197265625,
            27.71491119999412
          ],
          [
            81.31416015625001,
            27.64350006718162
          ],
          [
            81.30654296875002,
            27.538690496869116
          ],
          [
            81.354736328125,
            27.44623444218162
          ],
          [
            81.396240234375,
            27.41388580936912
          ],
          [
            81.403564453125,
            27.32794830936912
          ],
          [
            81.45468750000003,
            27.28339264530662
          ],
          [
            81.43359375,
            27.23029205936912
          ],
          [
            81.448974609375,
            27.142352606244117
          ],
          [
            81.50087890625002,
            27.05866119999412
          ],
          [
            81.60693359375,
            27.047137762494117
          ],
          [
            81.787109375,
            26.89655182499412
          ],
          [
            81.82949218750002,
            26.820672918744116
          ],
          [
            81.98574218750002,
            26.79376862186912
          ],
          [
            82.094482421875,
            26.85309479374412
          ],
          [
            82.2294921875,
            26.81635162968162
          ],
          [
            82.225341796875,
            26.76959869999412
          ],
          [
            82.41855468750003,
            26.648309637494116
          ],
          [
            82.4755859375,
            26.65863678593162
          ],
          [
            82.55117187500002,
            26.62030670780662
          ],
          [
            82.64902343750003,
            26.61359284061912
          ],
          [
            82.703125,
            26.56110260624412
          ],
          [
            82.814453125,
            26.57782623905662
          ],
          [
            83.00429687500002,
            26.476092840619117
          ],
          [
            83.07656250000002,
            26.399530340619116
          ],
          [
            83.32275390625,
            26.35187409061912
          ],
          [
            83.42861328125002,
            26.27106354374412
          ],
          [
            83.70751953125,
            26.26801178593162
          ],
          [
            83.774658203125,
            26.24884674686912
          ],
          [
            83.86181640625,
            26.18512604374412
          ],
          [
            83.91494140625002,
            26.121600653119117
          ],
          [
            83.988037109375,
            26.11823151249412
          ],
          [
            84.150390625,
            26.066034246869116
          ],
          [
            84.261474609375,
            25.93134186405662
          ],
          [
            84.374267578125,
            25.94037506718162
          ],
          [
            84.41953125000003,
            25.88959381718162
          ],
          [
            84.53164062500002,
            25.86212799686912
          ],
          [
            84.657958984375,
            25.72809479374412
          ],
          [
            84.713134765625,
            25.74176666874412
          ]
        ]
      },
      "properties": {
        "name_en": "Ghaghara",
        "name": "Ghäghara",
        "scalerank": 7,
        "min_zoom": 6
      }
    },
    {
      "type": "Feature",
      "geometry": {
        "type": "LineString",
        "coordinates": [
          [
            88.591796875,
            27.695086981244117
          ],
          [
            88.659912109375,
            27.60578034061912
          ],
          [
            88.64697265625,
            27.549920965619116
          ],
          [
            88.5439453125,
            27.52374909061912
          ],
          [
            88.52060546875003,
            27.40155670780662
          ],
          [
            88.4404296875,
            27.269891668744116
          ],
          [
            88.495361328125,
            27.232928778119117
          ],
          [
            88.533203125,
            27.154315496869117
          ],
          [
            88.43466796875003,
            27.06659577030662
          ],
          [
            88.4423828125,
            26.96332428593162
          ],
          [
            88.50927734375,
            26.85834381718162
          ],
          [
            88.6123046875,
            26.74909088749412
          ],
          [
            88.66416015625003,
            26.663592840619117
          ],
          [
            88.73916015625002,
            26.59516022343162
          ],
          [
            88.77509765625001,
            26.460077215619116
          ],
          [
            88.937255859375,
            26.27667877811912
          ],
          [
            89.054443359375,
            26.164667059369116
          ],
          [
            89.133056640625,
            26.070672918744116
          ],
          [
            89.167236328125,
            25.95404694218162
          ],
          [
            89.21992187500001,
            25.926532293744117
          ],
          [
            89.31796875000003,
            25.83051178593162
          ],
          [
            89.468017578125,
            25.77338287968162
          ],
          [
            89.537841796875,
            25.67438385624412
          ],
          [
            89.570068359375,
            25.545917059369117
          ],
          [
            89.66611328125003,
            25.519061590619117
          ],
          [
            89.697021484375,
            25.432635809369117
          ]
        ]
      },
      "properties": {
        "name_en": "Teesta",
        "name": "Tista",
        "scalerank": 7,
        "min_zoom": 6
      }
    },
    {
      "type": "Feature",
      "geometry": {
        "type": "LineString",
        "coordinates": [
          [
            78.13076171875002,
            21.700799871869123
          ],
          [
            77.9970703125,
            21.684198309369123
          ],
          [
            77.92431640625,
            21.725116278119117
          ],
          [
            77.80751953125002,
            21.733417059369117
          ],
          [
            77.77841796875003,
            21.81110260624412
          ],
          [
            77.72890625000002,
            21.821405340619123
          ],
          [
            77.312255859375,
            21.808124090619117
          ],
          [
            77.17763671875002,
            21.72907135624412
          ],
          [
            77.02880859375,
            21.69367096561912
          ],
          [
            76.91738281250002,
            21.618182684369117
          ],
          [
            76.84365234375002,
            21.613397528119123
          ],
          [
            76.793701171875,
            21.57709381718162
          ],
          [
            76.77109375000003,
            21.512713934369117
          ],
          [
            76.67333984375,
            21.453241278119123
          ],
          [
            76.60683593750002,
            21.438983465619117
          ],
          [
            76.49257812500002,
            21.451288153119123
          ],
          [
            76.34345703125001,
            21.39984772343162
          ],
          [
            76.23496093750003,
            21.29755280155662
          ],
          [
            76.17373046875002,
            21.25885651249412
          ],
          [
            76.00039062500002,
            21.102411199994123
          ],
          [
            75.86767578125,
            21.06085846561912
          ],
          [
            75.771484375,
            21.06293366093162
          ],
          [
            75.66455078125,
            21.10443756718162
          ],
          [
            75.57802734375002,
            21.117450262494117
          ],
          [
            75.440185546875,
            21.170038153119123
          ],
          [
            75.23984375,
            21.149774481244123
          ],
          [
            75.177001953125,
            21.17877838749412
          ],
          [
            75.12158203125,
            21.16632721561912
          ],
          [
            75.01406250000002,
            21.186297918744117
          ],
          [
            74.902587890625,
            21.264032293744123
          ],
          [
            74.827880859375,
            21.28095123905662
          ],
          [
            74.76220703125,
            21.360467840619123
          ],
          [
            74.68125,
            21.399774481244123
          ],
          [
            74.4048828125,
            21.444110418744117
          ],
          [
            74.31386718750002,
            21.51715729374412
          ],
          [
            74.134033203125,
            21.51593659061912
          ],
          [
            73.941015625,
            21.473749090619123
          ],
          [
            73.84765625,
            21.424823309369117
          ],
          [
            73.806396484375,
            21.36981842655662
          ],
          [
            73.72744140625002,
            21.32477448124412
          ],
          [
            73.679443359375,
            21.245477606244123
          ],
          [
            73.52431640625002,
            21.27179596561912
          ],
          [
            73.388427734375,
            21.280389715619123
          ],
          [
            73.19765625000002,
            21.228143621869123
          ],
          [
            73.1470703125,
            21.23493073124412
          ],
          [
            73.071044921875,
            21.29376862186912
          ],
          [
            72.98183593750002,
            21.305292059369123
          ],
          [
            72.87744140625,
            21.22931549686912
          ],
          [
            72.72861328125,
            21.148065496869123
          ]
        ]
      },
      "properties": {
        "name_en": "Tapti",
        "name": "Tapi",
        "scalerank": 7,
        "min_zoom": 6
      }
    },
    {
      "type": "Feature",
      "geometry": {
        "type": "LineString",
        "coordinates": [
          [
            84.66806640625003,
            22.26520416874412
          ],
          [
            84.77285156250002,
            22.252460028119117
          ],
          [
            84.81728515625002,
            22.209833074994123
          ],
          [
            84.86328125,
            22.098260809369123
          ],
          [
            84.87167968750003,
            21.869159246869117
          ],
          [
            84.97011718750002,
            21.832635809369123
          ],
          [
            84.99521484375003,
            21.741327215619123
          ],
          [
            84.904296875,
            21.712909246869117
          ],
          [
            84.925537109375,
            21.65534088749412
          ],
          [
            85.01035156250003,
            21.603534246869117
          ],
          [
            85.001220703125,
            21.53485748905662
          ],
          [
            84.94013671875001,
            21.43964264530662
          ],
          [
            84.96259765625001,
            21.35639069218162
          ],
          [
            85.05751953125002,
            21.231708074994117
          ],
          [
            85.1357421875,
            21.187616278119123
          ],
          [
            85.12763671875001,
            21.107928778119117
          ],
          [
            85.22998046875,
            21.029901434369123
          ],
          [
            85.244873046875,
            20.90668366093162
          ],
          [
            85.3544921875,
            20.796014715619123
          ],
          [
            85.55244140625001,
            20.741229559369117
          ],
          [
            85.60781250000002,
            20.75409577030662
          ],
          [
            85.641357421875,
            20.80646393436912
          ],
          [
            85.81201171875,
            20.88715241093162
          ],
          [
            85.9208984375,
            20.868426824994117
          ],
          [
            86.13134765625,
            20.87372467655662
          ],
          [
            86.19736328125003,
            20.84760162968162
          ],
          [
            86.44404296875001,
            20.68329498905662
          ],
          [
            86.5576171875,
            20.700458074994117
          ],
          [
            86.710693359375,
            20.67816803593162
          ],
          [
            86.749267578125,
            20.61139557499412
          ],
          [
            86.94013671875001,
            20.698016668744117
          ]
        ]
      },
      "properties": {
        "name_en": "Brahmani",
        "name": "Brahmani",
        "scalerank": 7,
        "min_zoom": 6
      }
    },
    {
      "type": "Feature",
      "geometry": {
        "type": "MultiLineString",
        "coordinates": [
          [
            [
              81.294677734375,
              30.79169342655662
            ],
            [
              81.293701171875,
              30.79230377811912
            ],
            [
              81.19931640625003,
              30.85211823124412
            ]
          ],
          [
            [
              76.43505859375,
              31.422235418744116
            ],
            [
              76.46914062500002,
              31.42597077030662
            ],
            [
              76.60986328125,
              31.288836981244117
            ],
            [
              76.649658203125,
              31.267694403119116
            ],
            [
              76.73652343750001,
              31.30866119999412
            ],
            [
              76.7646484375,
              31.40863678593162
            ]
          ]
        ]
      },
      "properties": {
        "name_en": "Sutlej",
        "name": "Sutlej",
        "scalerank": 6,
        "min_zoom": 5
      }
    },
    {
      "type": "Feature",
      "geometry": {
        "type": "MultiLineString",
        "coordinates": [
          [
            [
              81.293701171875,
              30.79230377811912
            ],
            [
              81.37568359375001,
              30.75812409061912
            ]
          ],
          [
            [
              81.19931640625003,
              30.85211823124412
            ],
            [
              81.15087890625,
              30.91913483280662
            ],
            [
              80.93701171875,
              30.98859284061912
            ],
            [
              80.76552734375002,
              31.12128327030662
            ],
            [
              80.65273437500002,
              31.12665436405662
            ],
            [
              80.48496093750003,
              31.045526434369116
            ],
            [
              80.28574218750003,
              31.114374090619116
            ],
            [
              80.15244140625003,
              31.18598053593162
            ],
            [
              80.08603515625003,
              31.26044342655662
            ],
            [
              79.99824218750001,
              31.30621979374412
            ],
            [
              80.001708984375,
              31.34345123905662
            ],
            [
              79.89492187500002,
              31.46173737186912
            ],
            [
              79.806640625,
              31.49799225468162
            ],
            [
              79.679443359375,
              31.48725006718162
            ],
            [
              79.52587890625,
              31.50958893436912
            ],
            [
              79.43593750000002,
              31.561395574994116
            ],
            [
              79.35410156250003,
              31.63324616093162
            ],
            [
              79.121337890625,
              31.69660065311912
            ],
            [
              79.049072265625,
              31.68976471561912
            ],
            [
              78.99091796875001,
              31.64887116093162
            ],
            [
              78.84267578125002,
              31.805194403119117
            ],
            [
              78.76962890625003,
              31.808124090619117
            ],
            [
              78.703125,
              31.84662506718162
            ],
            [
              78.6279296875,
              31.765497137494116
            ],
            [
              78.454833984375,
              31.675409246869116
            ],
            [
              78.4423828125,
              31.60040924686912
            ],
            [
              78.313720703125,
              31.608905340619117
            ],
            [
              78.272216796875,
              31.52838776249412
            ],
            [
              78.18906250000003,
              31.51227448124412
            ],
            [
              77.94580078125,
              31.573114324994116
            ],
            [
              77.82929687500001,
              31.56391022343162
            ],
            [
              77.63320312500002,
              31.45441315311912
            ],
            [
              77.62050781250002,
              31.39496491093162
            ],
            [
              77.53798828125002,
              31.35443756718162
            ],
            [
              77.356201171875,
              31.35053131718162
            ],
            [
              77.32041015625003,
              31.287860418744117
            ],
            [
              77.1376953125,
              31.237909246869116
            ],
            [
              76.99375000000003,
              31.30670807499412
            ],
            [
              76.88417968750002,
              31.414569403119117
            ],
            [
              76.7646484375,
              31.40863678593162
            ]
          ],
          [
            [
              76.43505859375,
              31.422235418744116
            ],
            [
              76.37412109375003,
              31.40949127811912
            ],
            [
              76.378173828125,
              31.338983465619116
            ],
            [
              76.437255859375,
              31.24274323124412
            ],
            [
              76.5380859375,
              31.18329498905662
            ],
            [
              76.58730468750002,
              31.07855866093162
            ],
            [
              76.53125,
              31.045526434369116
            ],
            [
              76.5322265625,
              30.997333074994117
            ],
            [
              76.452880859375,
              30.973651434369117
            ],
            [
              76.39541015625002,
              31.01154205936912
            ],
            [
              76.2197265625,
              31.018573309369117
            ],
            [
              76.08251953125,
              30.99091217655662
            ],
            [
              75.92294921875,
              31.02252838749412
            ],
            [
              75.8296875,
              30.99713776249412
            ],
            [
              75.53916015625,
              30.97260162968162
            ],
            [
              75.39560546875,
              30.98517487186912
            ],
            [
              75.296484375,
              31.034686590619117
            ],
            [
              75.197509765625,
              31.052264715619117
            ],
            [
              75.17714843750002,
              31.08991119999412
            ],
            [
              75.0171875,
              31.18183014530662
            ],
            [
              74.9634765625,
              31.167254949994117
            ],
            [
              74.933837890625,
              31.162958074994116
            ],
            [
              74.811279296875,
              31.147967840619117
            ],
            [
              74.708251953125,
              31.114374090619116
            ],
            [
              74.6005859375,
              31.05683014530662
            ],
            [
              74.51904296875,
              30.962665106244117
            ],
            [
              74.45810546875,
              30.953631903119117
            ],
            [
              74.40087890625,
              30.893329168744117
            ],
            [
              74.329345703125,
              30.89984772343162
            ],
            [
              74.2662109375,
              30.788592840619117
            ],
            [
              74.16318359375,
              30.66510651249412
            ],
            [
              74.05673828125,
              30.591815496869117
            ],
            [
              74.05712890625,
              30.531610418744116
            ],
            [
              74.00400390625,
              30.50910065311912
            ],
            [
              73.90566406250002,
              30.395038153119117
            ],
            [
              73.83408203125,
              30.352655340619116
            ],
            [
              73.769775390625,
              30.36774323124412
            ],
            [
              73.6646484375,
              30.31745026249412
            ],
            [
              73.570556640625,
              30.313104559369116
            ],
            [
              73.539794921875,
              30.277704168744116
            ],
            [
              73.41787109375002,
              30.224725653119116
            ],
            [
              73.340576171875,
              30.21625397343162
            ],
            [
              73.334716796875,
              30.171405340619117
            ],
            [
              73.13916015625,
              30.086542059369116
            ],
            [
              73.05322265625,
              30.093377996869116
            ],
            [
              72.945068359375,
              29.989618231244116
            ],
            [
              72.91328125000001,
              30.00800202030662
            ],
            [
              72.76767578125,
              29.94342682499412
            ],
            [
              72.7099609375,
              29.90241119999412
            ],
            [
              72.635498046875,
              29.89252350468162
            ],
            [
              72.61835937500001,
              29.82587311405662
            ],
            [
              72.47373046875,
              29.85321686405662
            ],
            [
              72.32363281250002,
              29.80536530155662
            ],
            [
              72.249609375,
              29.71173737186912
            ],
            [
              72.185546875,
              29.70551178593162
            ],
            [
              72.148193359375,
              29.659540106244116
            ],
            [
              72.166015625,
              29.579461981244116
            ],
            [
              72.064697265625,
              29.546991278119116
            ],
            [
              72.01845703125002,
              29.50665924686912
            ],
            [
              71.88134765625,
              29.46222565311912
            ],
            [
              71.80615234375,
              29.477069403119117
            ],
            [
              71.71962890625002,
              29.442645574994117
            ],
            [
              71.667724609375,
              29.47370026249412
            ],
            [
              71.568115234375,
              29.39398834843162
            ],
            [
              71.388427734375,
              29.366327215619116
            ],
            [
              71.358642578125,
              29.40204498905662
            ],
            [
              71.254638671875,
              29.426385809369116
            ],
            [
              71.21816406250002,
              29.38678619999412
            ],
            [
              71.168212890625,
              29.39740631718162
            ],
            [
              71.02197265625,
              29.36652252811912
            ]
          ]
        ]
      },
      "properties": {
        "name_en": "Sutlej",
        "name": "Sutlej",
        "scalerank": 6,
        "min_zoom": 5
      }
    },
    {
      "type": "Feature",
      "geometry": {
        "type": "MultiLineString",
        "coordinates": [
          [
            [
              80.625244140625,
              20.598993231244123
            ],
            [
              80.61474609375,
              20.698016668744117
            ],
            [
              80.632080078125,
              20.75336334843162
            ],
            [
              80.74824218750001,
              20.77863190311912
            ],
            [
              80.841796875,
              20.93573639530662
            ],
            [
              80.9306640625,
              21.027606512494117
            ],
            [
              81.03095703125001,
              21.065204168744117
            ],
            [
              81.08828125000002,
              21.05426666874412
            ],
            [
              81.13466796875002,
              21.095721746869117
            ],
            [
              81.23164062500001,
              21.10211823124412
            ],
            [
              81.265869140625,
              21.239276434369117
            ],
            [
              81.32041015625003,
              21.37641022343162
            ],
            [
              81.368896484375,
              21.43512604374412
            ],
            [
              81.3564453125,
              21.48749420780662
            ],
            [
              81.389404296875,
              21.57367584843162
            ],
            [
              81.435791015625,
              21.616961981244117
            ],
            [
              81.51914062500003,
              21.61298248905662
            ],
            [
              81.602294921875,
              21.63654205936912
            ],
            [
              81.674072265625,
              21.57599518436912
            ],
            [
              81.713134765625,
              21.690448309369117
            ],
            [
              81.70068359375,
              21.75824616093162
            ],
            [
              81.87900390625003,
              21.78156159061912
            ],
            [
              82.034912109375,
              21.88825104374412
            ],
            [
              82.109375,
              21.849383856244117
            ],
            [
              82.17011718750001,
              21.85175202030662
            ],
            [
              82.18642578125002,
              21.78839752811912
            ],
            [
              82.27656250000001,
              21.760028387494117
            ],
            [
              82.32470703125,
              21.71906159061912
            ],
            [
              82.44443359375003,
              21.753778387494123
            ],
            [
              82.65859375000002,
              21.721307684369123
            ],
            [
              82.80615234375,
              21.735223699994123
            ],
            [
              82.852294921875,
              21.702508856244123
            ],
            [
              83.01699218750002,
              21.735467840619123
            ],
            [
              83.29970703125002,
              21.69513580936912
            ]
          ],
          [
            [
              83.85654296875003,
              21.52045319218162
            ],
            [
              83.933837890625,
              21.49237702030662
            ],
            [
              83.974609375,
              21.390155340619117
            ],
            [
              83.8974609375,
              21.30756256718162
            ],
            [
              83.9033203125,
              21.18842194218162
            ],
            [
              83.82998046875002,
              21.05475494999412
            ],
            [
              83.832763671875,
              20.930780340619123
            ],
            [
              83.96474609375002,
              20.83588287968162
            ],
            [
              84.04833984375,
              20.814081121869123
            ],
            [
              84.228515625,
              20.89057037968162
            ],
            [
              84.3134765625,
              20.86774323124412
            ],
            [
              84.36464843750002,
              20.75739166874412
            ],
            [
              84.51621093750003,
              20.736200262494123
            ],
            [
              84.729736328125,
              20.60761139530662
            ],
            [
              84.764404296875,
              20.539325262494117
            ],
            [
              84.8095703125,
              20.51227448124412
            ],
            [
              84.89541015625002,
              20.518085028119117
            ],
            [
              85.01621093750003,
              20.43878815311912
            ],
            [
              85.16933593750002,
              20.37836334843162
            ],
            [
              85.2333984375,
              20.39630768436912
            ],
            [
              85.34433593750003,
              20.356708074994117
            ],
            [
              85.3974609375,
              20.381708074994123
            ],
            [
              85.49453125000002,
              20.37592194218162
            ],
            [
              85.644775390625,
              20.45783112186912
            ],
            [
              85.7236328125,
              20.43732330936912
            ],
            [
              85.7724609375,
              20.47138092655662
            ],
            [
              85.86533203125003,
              20.44574616093162
            ],
            [
              85.964111328125,
              20.36225006718162
            ],
            [
              86.01132812500003,
              20.366717840619117
            ],
            [
              86.06308593750003,
              20.26129791874412
            ],
            [
              86.13320312500002,
              20.22101471561912
            ],
            [
              86.15869140625,
              20.14313385624412
            ]
          ]
        ]
      },
      "properties": {
        "name_en": "Mahanadi",
        "name": "Mahäna Nadï",
        "scalerank": 6,
        "min_zoom": 5
      }
    },
    {
      "type": "Feature",
      "geometry": {
        "type": "LineString",
        "coordinates": [
          [
            79.31337890625002,
            16.579364324994117
          ],
          [
            79.265625,
            16.569598699994117
          ],
          [
            79.21347656250003,
            16.49323151249412
          ],
          [
            79.208251953125,
            16.388690496869117
          ],
          [
            79.2333984375,
            16.33051178593162
          ],
          [
            79.21474609375002,
            16.244501043744123
          ],
          [
            79.16054687500002,
            16.219354559369123
          ],
          [
            79.02167968750001,
            16.24713776249412
          ],
          [
            78.99716796875003,
            16.23029205936912
          ]
        ]
      },
      "properties": {
        "name_en": "Krishna",
        "name": "Krishna",
        "scalerank": 6,
        "min_zoom": 5
      }
    },
    {
      "type": "Feature",
      "geometry": {
        "type": "MultiLineString",
        "coordinates": [
          [
            [
              73.79638671875,
              17.991815496869123
            ],
            [
              73.8560546875,
              17.976190496869123
            ],
            [
              73.931396484375,
              17.910272528119123
            ],
            [
              73.983154296875,
              17.80487702030662
            ],
            [
              74.03603515625002,
              17.765252996869123
            ],
            [
              74.04599609375,
              17.70319244999412
            ],
            [
              74.12539062500002,
              17.64179108280662
            ],
            [
              74.14609375,
              17.578973699994123
            ],
            [
              74.09033203125,
              17.49054596561912
            ],
            [
              74.1083984375,
              17.391620184369117
            ],
            [
              74.20986328125002,
              17.281610418744123
            ],
            [
              74.20322265625,
              17.15436432499412
            ],
            [
              74.30361328125002,
              17.107294012494123
            ],
            [
              74.33632812500002,
              17.12006256718162
            ],
            [
              74.37929687500002,
              17.031610418744123
            ],
            [
              74.447998046875,
              16.993426824994117
            ],
            [
              74.55068359375002,
              16.88141510624412
            ],
            [
              74.551513671875,
              16.82953522343162
            ],
            [
              74.60888671875,
              16.810809637494117
            ],
            [
              74.671142578125,
              16.72992584843162
            ],
            [
              74.61591796875001,
              16.719989324994117
            ],
            [
              74.630615234375,
              16.616961981244117
            ],
            [
              74.697998046875,
              16.56549713749412
            ],
            [
              74.779296875,
              16.59100983280662
            ],
            [
              74.80615234375,
              16.650751043744123
            ],
            [
              74.88974609375,
              16.66913483280662
            ],
            [
              74.91640625000002,
              16.63495514530662
            ],
            [
              74.98769531250002,
              16.666620184369123
            ],
            [
              75.09482421875,
              16.54010651249412
            ],
            [
              75.16005859375002,
              16.55182526249412
            ],
            [
              75.16005859375002,
              16.606463934369117
            ],
            [
              75.21718750000002,
              16.62665436405662
            ],
            [
              75.26318359375,
              16.593377996869123
            ],
            [
              75.36005859375001,
              16.601581121869117
            ],
            [
              75.40478515625,
              16.537225653119123
            ],
            [
              75.568115234375,
              16.42865631718162
            ],
            [
              75.6298828125,
              16.44940827030662
            ],
            [
              75.7001953125,
              16.41925690311912
            ],
            [
              75.78554687500002,
              16.34906647343162
            ],
            [
              75.831640625,
              16.36066315311912
            ],
            [
              75.983154296875,
              16.31220123905662
            ],
            [
              76.05322265625,
              16.27179596561912
            ],
            [
              76.07958984375,
              16.197772528119117
            ],
            [
              76.20166015625,
              16.181903387494117
            ],
            [
              76.28076171875,
              16.154559637494117
            ],
            [
              76.36777343750003,
              16.24310944218162
            ],
            [
              76.4765625,
              16.25079987186912
            ],
            [
              76.55224609375,
              16.336297918744123
            ],
            [
              76.77392578125,
              16.43634674686912
            ],
            [
              76.80927734375001,
              16.41950104374412
            ],
            [
              76.87451171875,
              16.483514715619123
            ],
            [
              77.051513671875,
              16.51898834843162
            ],
            [
              77.148681640625,
              16.47199127811912
            ],
            [
              77.16542968750002,
              16.441522528119123
            ],
            [
              77.39394531250002,
              16.38117096561912
            ],
            [
              77.49326171875003,
              16.37824127811912
            ],
            [
              77.57167968750002,
              16.347919012494117
            ],
            [
              77.645751953125,
              16.35199616093162
            ],
            [
              77.734619140625,
              16.32660553593162
            ],
            [
              77.8603515625,
              16.248797918744117
            ],
            [
              77.935791015625,
              16.14093659061912
            ],
            [
              78.176025390625,
              15.94916412968162
            ],
            [
              78.40000000000003,
              16.08344147343162
            ],
            [
              78.499755859375,
              16.093768621869117
            ],
            [
              78.58154296875,
              16.056170965619117
            ],
            [
              78.629150390625,
              16.07111237186912
            ],
            [
              78.76093750000001,
              16.027704168744123
            ],
            [
              78.81904296875001,
              16.04840729374412
            ],
            [
              78.9228515625,
              16.18976471561912
            ],
            [
              78.99716796875003,
              16.23029205936912
            ]
          ],
          [
            [
              80.88271484375002,
              16.013690496869117
            ],
            [
              80.86855468750002,
              16.107440496869117
            ],
            [
              80.8173828125,
              16.263788153119123
            ],
            [
              80.7177734375,
              16.356952215619117
            ],
            [
              80.68300781250002,
              16.43634674686912
            ],
            [
              80.62070312500003,
              16.49396393436912
            ],
            [
              80.47597656250002,
              16.58991119999412
            ],
            [
              80.27207031250003,
              16.57977936405662
            ],
            [
              80.140380859375,
              16.65827057499412
            ],
            [
              80.12050781250002,
              16.79132721561912
            ],
            [
              80.07333984375003,
              16.822870184369123
            ],
            [
              80.04296875,
              16.738544012494117
            ],
            [
              79.95810546875003,
              16.63043854374412
            ],
            [
              79.90966796875,
              16.63129303593162
            ],
            [
              79.88232421875,
              16.703241278119123
            ],
            [
              79.82626953125003,
              16.69208405155662
            ],
            [
              79.751953125,
              16.723749090619123
            ],
            [
              79.72089843750001,
              16.68903229374412
            ],
            [
              79.50429687500002,
              16.641864324994117
            ],
            [
              79.40625,
              16.58722565311912
            ],
            [
              79.31337890625002,
              16.579364324994117
            ]
          ]
        ]
      },
      "properties": {
        "name_en": "Krishna",
        "name": "Krishna",
        "scalerank": 6,
        "min_zoom": 5
      }
    },
    {
      "type": "Feature",
      "geometry": {
        "type": "LineString",
        "coordinates": [
          [
            78.33994140625003,
            30.915155340619116
          ],
          [
            78.217041015625,
            30.819598699994117
          ],
          [
            78.095458984375,
            30.775506903119116
          ],
          [
            78.0537109375,
            30.66583893436912
          ],
          [
            78.0205078125,
            30.64704010624412
          ],
          [
            77.95810546875003,
            30.51105377811912
          ],
          [
            77.89423828125001,
            30.53839752811912
          ],
          [
            77.79160156250003,
            30.507342840619117
          ],
          [
            77.66494140625002,
            30.44599030155662
          ],
          [
            77.59775390625003,
            30.43707916874412
          ],
          [
            77.5849609375,
            30.32526276249412
          ],
          [
            77.53818359375003,
            30.20941803593162
          ],
          [
            77.48427734375002,
            30.152948309369116
          ],
          [
            77.3701171875,
            30.09650299686912
          ],
          [
            77.22998046875,
            29.976678778119116
          ],
          [
            77.180419921875,
            29.804315496869116
          ],
          [
            77.10664062500001,
            29.70233795780662
          ],
          [
            77.064697265625,
            29.569598699994117
          ],
          [
            77.07753906250002,
            29.49225494999412
          ],
          [
            77.12021484375003,
            29.48383209843162
          ],
          [
            77.14990234375,
            29.403436590619116
          ],
          [
            77.130615234375,
            29.280633856244116
          ],
          [
            77.141357421875,
            29.130389715619117
          ],
          [
            77.21992187500001,
            28.90607330936912
          ],
          [
            77.195556640625,
            28.80683014530662
          ],
          [
            77.259033203125,
            28.59259674686912
          ],
          [
            77.34345703125001,
            28.49835846561912
          ],
          [
            77.4658203125,
            28.434344793744117
          ],
          [
            77.4970703125,
            28.393329168744117
          ],
          [
            77.46640625000003,
            28.31525299686912
          ],
          [
            77.52890625000003,
            28.253534246869116
          ],
          [
            77.494873046875,
            28.15192291874412
          ],
          [
            77.51962890625003,
            27.89826080936912
          ],
          [
            77.58505859375003,
            27.85968659061912
          ],
          [
            77.60546875,
            27.79877350468162
          ],
          [
            77.687255859375,
            27.715692449994116
          ],
          [
            77.67822265625,
            27.65497467655662
          ],
          [
            77.70566406250003,
            27.58795807499412
          ],
          [
            77.6845703125,
            27.514911199994117
          ],
          [
            77.77822265625002,
            27.34186432499412
          ],
          [
            77.82177734375,
            27.30914948124412
          ],
          [
            77.9599609375,
            27.291034246869117
          ],
          [
            78.03115234375002,
            27.219354559369116
          ],
          [
            78.11083984375,
            27.18048737186912
          ],
          [
            78.21083984375002,
            27.16913483280662
          ],
          [
            78.2138671875,
            27.086542059369116
          ],
          [
            78.306396484375,
            27.125262762494117
          ],
          [
            78.4111328125,
            27.05597565311912
          ],
          [
            78.45664062500003,
            26.993524481244116
          ],
          [
            78.555908203125,
            26.97565338749412
          ],
          [
            78.6416015625,
            26.88629791874412
          ],
          [
            78.695556640625,
            26.92145416874412
          ],
          [
            78.75234375000002,
            26.904071356244117
          ],
          [
            78.85791015625,
            26.80329010624412
          ],
          [
            78.9853515625,
            26.75751373905662
          ],
          [
            79.08349609375,
            26.598260809369116
          ],
          [
            79.18027343750003,
            26.587518621869116
          ],
          [
            79.244873046875,
            26.502069403119116
          ],
          [
            79.31308593750003,
            26.406512762494117
          ],
          [
            79.416015625,
            26.436542059369117
          ],
          [
            79.480224609375,
            26.38385651249412
          ],
          [
            79.56640625,
            26.26251862186912
          ],
          [
            79.74130859375003,
            26.173114324994117
          ],
          [
            79.7724609375,
            26.11163971561912
          ],
          [
            79.84707031250002,
            26.11469147343162
          ],
          [
            79.98476562500002,
            26.06391022343162
          ],
          [
            80.05908203125,
            26.07623932499412
          ],
          [
            80.07343750000001,
            26.009295965619117
          ],
          [
            80.211181640625,
            25.92047760624412
          ],
          [
            80.27685546875,
            25.92633698124412
          ],
          [
            80.44638671875003,
            25.905877996869123
          ],
          [
            80.46933593750003,
            25.84235260624412
          ],
          [
            80.56171875000001,
            25.738153387494123
          ],
          [
            80.73046875,
            25.68646881718162
          ],
          [
            80.92343750000003,
            25.68549225468162
          ],
          [
            80.94052734375003,
            25.62543366093162
          ],
          [
            81.01279296875003,
            25.624774481244117
          ],
          [
            81.017333984375,
            25.54254791874412
          ],
          [
            81.17099609375003,
            25.50018952030662
          ],
          [
            81.15283203125,
            25.42987702030662
          ],
          [
            81.183837890625,
            25.37116119999412
          ],
          [
            81.26123046875,
            25.32941315311912
          ],
          [
            81.32041015625003,
            25.344501043744117
          ],
          [
            81.38330078125,
            25.28998444218162
          ],
          [
            81.512939453125,
            25.27558014530662
          ],
          [
            81.6201171875,
            25.347919012494117
          ],
          [
            81.79335937500002,
            25.37457916874412
          ],
          [
            81.82832031250001,
            25.416376043744123
          ],
          [
            81.903076171875,
            25.41461823124412
          ]
        ]
      },
      "properties": {
        "name_en": "Yamuna",
        "name": "Yamuna",
        "scalerank": 6,
        "min_zoom": 5
      }
    },
    {
      "type": "Feature",
      "geometry": {
        "type": "LineString",
        "coordinates": [
          [
            81.57421875,
            22.75372955936912
          ],
          [
            81.4619140625,
            22.765155340619117
          ],
          [
            81.40761718750002,
            22.842645574994123
          ],
          [
            81.271240234375,
            22.88214752811912
          ],
          [
            81.03525390625003,
            22.98187897343162
          ],
          [
            81.00634765625,
            22.935321356244117
          ],
          [
            80.88906250000002,
            22.952997137494123
          ],
          [
            80.892822265625,
            23.017840887494117
          ],
          [
            80.82822265625003,
            23.05097077030662
          ],
          [
            80.76552734375002,
            23.021258856244117
          ],
          [
            80.51914062500003,
            22.952997137494123
          ],
          [
            80.51914062500003,
            22.88068268436912
          ],
          [
            80.47675781250001,
            22.84235260624412
          ],
          [
            80.51035156250003,
            22.726092840619117
          ],
          [
            80.477783203125,
            22.674676824994123
          ],
          [
            80.4990234375,
            22.61371491093162
          ],
          [
            80.450439453125,
            22.578973699994123
          ],
          [
            80.389404296875,
            22.58307526249412
          ],
          [
            80.33408203125003,
            22.654413153119123
          ],
          [
            80.32724609375003,
            22.726434637494123
          ],
          [
            80.24423828125003,
            22.801874090619123
          ],
          [
            80.1650390625,
            22.76618073124412
          ],
          [
            80.059814453125,
            22.77484772343162
          ],
          [
            79.93017578125,
            22.87726471561912
          ],
          [
            79.94384765625,
            22.94208405155662
          ],
          [
            79.90966796875,
            23.00763580936912
          ],
          [
            79.9404296875,
            23.10382721561912
          ],
          [
            79.8544921875,
            23.10114166874412
          ],
          [
            79.78925781250001,
            23.13190338749412
          ],
          [
            79.6865234375,
            23.09699127811912
          ],
          [
            79.51601562500002,
            23.136835028119123
          ],
          [
            79.409912109375,
            23.09699127811912
          ],
          [
            79.158935546875,
            23.06903717655662
          ],
          [
            79.100830078125,
            23.021258856244117
          ],
          [
            79.03896484375002,
            23.016229559369123
          ],
          [
            78.964111328125,
            23.04828522343162
          ],
          [
            78.77187500000002,
            23.041131903119123
          ],
          [
            78.49404296875002,
            23.005731512494123
          ],
          [
            78.30605468750002,
            22.89801666874412
          ],
          [
            78.15488281250003,
            22.87042877811912
          ],
          [
            78.120361328125,
            22.78876373905662
          ],
          [
            78.00390625,
            22.819696356244123
          ],
          [
            77.94677734375,
            22.81378815311912
          ],
          [
            77.90859375000002,
            22.86359284061912
          ],
          [
            77.81904296875001,
            22.84931061405662
          ],
          [
            77.77197265625,
            22.78522369999412
          ],
          [
            77.639404296875,
            22.73151276249412
          ],
          [
            77.5888671875,
            22.686151434369123
          ],
          [
            77.42470703125002,
            22.626727606244117
          ],
          [
            77.31259765625003,
            22.559686590619123
          ],
          [
            77.27236328125002,
            22.594842840619123
          ],
          [
            77.14023437500003,
            22.56281159061912
          ],
          [
            77.049072265625,
            22.500995184369117
          ],
          [
            76.921630859375,
            22.493670965619117
          ],
          [
            76.833984375,
            22.44843170780662
          ],
          [
            76.78339843750001,
            22.394891668744123
          ],
          [
            76.762939453125,
            22.309930731244123
          ],
          [
            76.667724609375,
            22.25836823124412
          ],
          [
            76.5654296875,
            22.22675202030662
          ],
          [
            76.4765625,
            22.281366278119123
          ],
          [
            76.43505859375,
            22.33600494999412
          ],
          [
            76.24160156250002,
            22.29230377811912
          ],
          [
            76.20205078125002,
            22.250995184369117
          ],
          [
            76.09677734375003,
            22.242206121869117
          ],
          [
            75.95419921875,
            22.187860418744123
          ],
          [
            75.81796875,
            22.185809637494117
          ],
          [
            75.6904296875,
            22.154559637494117
          ],
          [
            75.6314453125,
            22.17279694218162
          ],
          [
            75.06757812500001,
            22.10260651249412
          ],
          [
            74.98261718750001,
            22.07599518436912
          ],
          [
            74.769775390625,
            22.07599518436912
          ],
          [
            74.58984375,
            22.022967840619117
          ],
          [
            74.530859375,
            22.049676824994123
          ],
          [
            74.43271484375,
            22.03949616093162
          ],
          [
            74.28427734375,
            21.94501373905662
          ],
          [
            74.204833984375,
            21.92511627811912
          ],
          [
            74.12880859375002,
            21.951776434369123
          ],
          [
            74.06103515625,
            21.94037506718162
          ],
          [
            73.917578125,
            21.866961981244117
          ],
          [
            73.756103515625,
            21.83576080936912
          ],
          [
            73.60703125,
            21.91205475468162
          ],
          [
            73.53134765625,
            21.98151276249412
          ],
          [
            73.443603515625,
            21.986590887494117
          ],
          [
            73.412841796875,
            21.91766998905662
          ],
          [
            73.336669921875,
            21.88580963749412
          ],
          [
            73.26806640625,
            21.93646881718162
          ],
          [
            73.227294921875,
            21.914569403119117
          ],
          [
            73.2451171875,
            21.84442780155662
          ],
          [
            73.13613281250002,
            21.843866278119123
          ],
          [
            73.13173828125002,
            21.753778387494123
          ]
        ]
      },
      "properties": {
        "name_en": "Narmada",
        "name": "Narmada",
        "scalerank": 6,
        "min_zoom": 5
      }
    },
    {
      "type": "Feature",
      "geometry": {
        "type": "MultiLineString",
        "coordinates": [
          [
            [
              77.435546875,
              32.293085028119116
            ],
            [
              77.3564453125,
              32.31671784061912
            ],
            [
              77.29775390625002,
              32.36823151249412
            ],
            [
              77.07871093750003,
              32.50043366093162
            ],
            [
              76.975830078125,
              32.52516510624412
            ],
            [
              76.949462890625,
              32.59979889530662
            ],
            [
              76.84970703125003,
              32.64772369999412
            ],
            [
              76.71445312500003,
              32.68043854374412
            ],
            [
              76.60908203125001,
              32.750604559369116
            ],
            [
              76.47705078125,
              32.75446198124412
            ],
            [
              76.42822265625,
              32.79962799686912
            ],
            [
              76.46240234375,
              32.90875885624412
            ],
            [
              76.43310546875,
              33.03290436405662
            ],
            [
              76.354736328125,
              33.11591217655662
            ],
            [
              76.24550781250002,
              33.17897369999412
            ],
            [
              76.19863281250002,
              33.24245026249412
            ],
            [
              76.103271484375,
              33.30329010624412
            ],
            [
              75.8326171875,
              33.37726471561912
            ],
            [
              75.770751953125,
              33.38300202030662
            ],
            [
              75.7251953125,
              33.33473541874412
            ],
            [
              75.790625,
              33.24953034061912
            ],
            [
              75.8111328125,
              33.181268621869116
            ],
            [
              75.59951171875002,
              33.14142487186912
            ],
            [
              75.40771484375,
              33.13600494999412
            ],
            [
              75.32460937500002,
              33.15582916874412
            ],
            [
              75.2919921875,
              33.209588934369116
            ],
            [
              75.1626953125,
              33.273065496869116
            ],
            [
              75.06943359375,
              33.16596100468162
            ],
            [
              74.903564453125,
              33.168329168744116
            ],
            [
              74.818359375,
              33.19337799686912
            ],
            [
              74.793701171875,
              33.07916901249412
            ],
            [
              74.80849609375002,
              33.00189850468162
            ],
            [
              74.7841796875,
              32.92096588749412
            ],
            [
              74.53339843750001,
              32.783075262494116
            ],
            [
              74.46865234375002,
              32.70111725468162
            ],
            [
              74.316015625,
              32.60255768436912
            ],
            [
              74.154541015625,
              32.528436590619116
            ],
            [
              74.103515625,
              32.47682526249412
            ],
            [
              73.99130859375,
              32.41925690311912
            ],
            [
              73.79052734375,
              32.38287994999412
            ],
            [
              73.756103515625,
              32.34149811405662
            ],
            [
              73.67666015625002,
              32.34711334843162
            ],
            [
              73.51220703125,
              32.23786041874412
            ],
            [
              73.42041015625,
              32.236200262494116
            ],
            [
              73.214111328125,
              32.03510162968162
            ],
            [
              73.187744140625,
              31.94953034061912
            ],
            [
              73.108154296875,
              31.830096746869117
            ],
            [
              73.00136718750002,
              31.792254949994117
            ],
            [
              72.91943359375,
              31.71027252811912
            ],
            [
              72.67226562500002,
              31.671893621869117
            ],
            [
              72.542724609375,
              31.60785553593162
            ],
            [
              72.51708984375,
              31.569208074994116
            ],
            [
              72.361328125,
              31.488055731244117
            ],
            [
              72.251220703125,
              31.36456940311912
            ],
            [
              72.23408203125001,
              31.220233465619117
            ],
            [
              72.190185546875,
              31.19830963749412
            ],
            [
              72.13857421875002,
              31.18329498905662
            ]
          ],
          [
            [
              72.13876953125,
              31.18329498905662
            ],
            [
              72.1392578125,
              31.09406159061912
            ],
            [
              72.07822265625,
              30.994745184369116
            ],
            [
              72.01845703125002,
              30.953387762494117
            ],
            [
              71.98583984375,
              30.88568756718162
            ],
            [
              71.85791015625,
              30.77289459843162
            ],
            [
              71.8369140625,
              30.66193268436912
            ],
            [
              71.712890625,
              30.57318756718162
            ],
            [
              71.49355468750002,
              30.454217840619116
            ],
            [
              71.4140625,
              30.334491278119117
            ],
            [
              71.3638671875,
              30.31622955936912
            ],
            [
              71.30996093750002,
              30.13263580936912
            ],
            [
              71.25185546875002,
              30.044305731244116
            ],
            [
              71.21992187500001,
              29.91522858280662
            ],
            [
              71.173828125,
              29.86542389530662
            ],
            [
              71.2060546875,
              29.79328034061912
            ],
            [
              71.140625,
              29.63983795780662
            ],
            [
              71.05380859375,
              29.59650299686912
            ],
            [
              71.00771484375002,
              29.53168366093162
            ],
            [
              71.045654296875,
              29.42487213749412
            ],
            [
              71.02197265625,
              29.39386627811912
            ],
            [
              71.003662109375,
              29.293329168744116
            ],
            [
              70.921484375,
              29.216424871869116
            ],
            [
              70.84755859375002,
              29.22785065311912
            ],
            [
              70.8203125,
              29.173602606244117
            ],
            [
              70.74589843750002,
              29.135760809369117
            ],
            [
              70.69863281250002,
              29.037616278119117
            ],
            [
              70.63916015625,
              29.03681061405662
            ]
          ]
        ]
      },
      "properties": {
        "name_en": "Chenab",
        "name": "Chenab",
        "scalerank": 6,
        "min_zoom": 5
      }
    },
    {
      "type": "Feature",
      "geometry": {
        "type": "MultiLineString",
        "coordinates": [
          [
            [
              73.65244140625,
              20.01276276249412
            ],
            [
              73.68603515625,
              20.042987371869117
            ],
            [
              73.82216796875002,
              19.997821356244117
            ],
            [
              73.975341796875,
              19.98847077030662
            ],
            [
              74.05712890625,
              20.04755280155662
            ],
            [
              74.38916015625,
              19.93060944218162
            ],
            [
              74.44248046875,
              19.881952215619123
            ],
            [
              74.50888671875,
              19.889276434369123
            ],
            [
              74.560791015625,
              19.811786199994117
            ],
            [
              74.69843750000001,
              19.766131903119117
            ],
            [
              74.759375,
              19.761102606244123
            ],
            [
              74.82900390625002,
              19.67157623905662
            ],
            [
              74.95156250000002,
              19.656610418744123
            ],
            [
              75.03662109375,
              19.61493561405662
            ],
            [
              75.1607421875,
              19.59589264530662
            ],
            [
              75.24697265625002,
              19.532831121869123
            ],
            [
              75.335205078125,
              19.50568268436912
            ],
            [
              75.43671875000001,
              19.42059967655662
            ],
            [
              75.490234375,
              19.434344793744117
            ],
            [
              75.548095703125,
              19.38947174686912
            ],
            [
              75.720703125,
              19.352167059369123
            ],
            [
              75.787353515625,
              19.39642975468162
            ],
            [
              75.834716796875,
              19.375751043744117
            ],
            [
              75.91425781250001,
              19.38898346561912
            ],
            [
              75.907470703125,
              19.31732819218162
            ],
            [
              76.020751953125,
              19.29962799686912
            ],
            [
              76.093017578125,
              19.31391022343162
            ],
            [
              76.209716796875,
              19.26544830936912
            ],
            [
              76.30488281250001,
              19.265155340619117
            ],
            [
              76.36123046875002,
              19.233270574994123
            ],
            [
              76.329345703125,
              19.10932037968162
            ],
            [
              76.38037109375,
              19.128290106244123
            ],
            [
              76.46523437500002,
              19.066278387494123
            ],
            [
              76.5654296875,
              19.11188385624412
            ],
            [
              76.62060546875,
              19.080585028119117
            ],
            [
              76.61953125000002,
              19.024530340619123
            ],
            [
              76.699951171875,
              19.021844793744123
            ],
            [
              76.75751953125001,
              18.98969147343162
            ],
            [
              76.84482421875003,
              19.06745026249412
            ],
            [
              76.921630859375,
              19.053241278119117
            ],
            [
              76.97597656250002,
              19.099383856244117
            ],
            [
              77.05488281250001,
              19.09906647343162
            ],
            [
              77.13369140625002,
              19.06696198124412
            ],
            [
              77.29824218750002,
              19.14398834843162
            ],
            [
              77.36152343750001,
              19.15827057499412
            ],
            [
              77.40195312500003,
              19.073504949994117
            ],
            [
              77.4765625,
              19.012225653119117
            ],
            [
              77.57187500000003,
              18.98725006718162
            ],
            [
              77.70947265625,
              18.87702057499412
            ],
            [
              77.86142578125003,
              18.83075592655662
            ],
            [
              77.94482421875,
              18.82965729374412
            ],
            [
              78.029296875,
              18.872577215619117
            ],
            [
              78.06103515625,
              18.921502996869123
            ],
            [
              78.21533203125,
              19.002069403119123
            ],
            [
              78.2802734375,
              18.98029205936912
            ],
            [
              78.37753906250003,
              18.99042389530662
            ],
            [
              78.549072265625,
              18.94635651249412
            ],
            [
              78.57041015625003,
              18.98444244999412
            ],
            [
              78.64736328125002,
              18.988055731244117
            ],
            [
              78.70986328125002,
              19.032733465619117
            ],
            [
              78.775634765625,
              19.00763580936912
            ],
            [
              78.853759765625,
              19.06061432499412
            ],
            [
              79.01210937500002,
              19.081415106244123
            ],
            [
              79.07187500000003,
              19.045770574994123
            ],
            [
              79.117919921875,
              18.939081121869123
            ],
            [
              79.162353515625,
              18.88934967655662
            ],
            [
              79.2412109375,
              18.86200592655662
            ],
            [
              79.292724609375,
              18.813592840619123
            ],
            [
              79.389892578125,
              18.857440496869117
            ],
            [
              79.45087890625001,
              18.84088776249412
            ],
            [
              79.640869140625,
              18.734247137494123
            ],
            [
              79.6865234375,
              18.679803778119123
            ],
            [
              79.81396484375,
              18.72186920780662
            ],
            [
              79.85439453125002,
              18.813592840619123
            ],
            [
              79.8388671875,
              18.87592194218162
            ],
            [
              79.8720703125,
              18.86200592655662
            ],
            [
              79.90283203125,
              18.834100653119123
            ],
            [
              79.968017578125,
              18.79657623905662
            ],
            [
              80.001708984375,
              18.785663153119117
            ],
            [
              80.090576171875,
              18.697528387494117
            ],
            [
              80.169677734375,
              18.69013092655662
            ],
            [
              80.30312500000002,
              18.70514557499412
            ],
            [
              80.31982421875,
              18.64227936405662
            ],
            [
              80.38193359375003,
              18.54669830936912
            ],
            [
              80.388916015625,
              18.47760651249412
            ],
            [
              80.46630859375,
              18.41937897343162
            ],
            [
              80.47861328125003,
              18.329364324994117
            ],
            [
              80.521484375,
              18.26178619999412
            ],
            [
              80.697265625,
              18.159442449994117
            ],
            [
              80.77626953125002,
              18.02313873905662
            ],
            [
              80.83095703125002,
              18.00250885624412
            ],
            [
              80.896484375,
              17.92291901249412
            ],
            [
              80.86855468750002,
              17.77521393436912
            ],
            [
              80.91552734375,
              17.63434479374412
            ],
            [
              81.00576171875002,
              17.63141510624412
            ],
            [
              81.036376953125,
              17.590350653119117
            ],
            [
              81.1162109375,
              17.60761139530662
            ],
            [
              81.267822265625,
              17.55084869999412
            ],
            [
              81.293212890625,
              17.49738190311912
            ],
            [
              81.43056640625002,
              17.45746491093162
            ],
            [
              81.49863281250003,
              17.466571356244117
            ],
            [
              81.61591796875001,
              17.391620184369117
            ],
            [
              81.62949218750003,
              17.31964752811912
            ],
            [
              81.67050781250003,
              17.30597565311912
            ],
            [
              81.65000000000003,
              17.206659246869123
            ],
            [
              81.696044921875,
              17.095575262494123
            ],
            [
              81.75,
              17.03107330936912
            ],
            [
              81.759033203125,
              16.96625397343162
            ],
            [
              81.729736328125,
              16.915057684369117
            ],
            [
              81.79775390625002,
              16.70490143436912
            ],
            [
              81.86376953125,
              16.578143621869117
            ],
            [
              81.84716796875,
              16.49518463749412
            ],
            [
              81.748779296875,
              16.417108465619123
            ],
            [
              81.71152343750003,
              16.31220123905662
            ]
          ],
          [
            [
              82.34267578125002,
              16.701434637494117
            ],
            [
              82.21494140625003,
              16.71088287968162
            ],
            [
              82.0888671875,
              16.68280670780662
            ],
            [
              81.93125000000003,
              16.716913153119123
            ],
            [
              81.8486328125,
              16.77155182499412
            ],
            [
              81.772216796875,
              16.89276764530662
            ],
            [
              81.759033203125,
              16.955438543744123
            ]
          ]
        ]
      },
      "properties": {
        "name_en": "Godavari",
        "name": "Godävari",
        "scalerank": 5,
        "min_zoom": 4.7
      }
    },
    {
      "type": "Feature",
      "geometry": {
        "type": "MultiLineString",
        "coordinates": [
          [
            [
              89.060302734375,
              22.130633856244117
            ],
            [
              89.06191406250002,
              22.21173737186912
            ],
            [
              88.9892578125,
              22.38703034061912
            ],
            [
              89.002197265625,
              22.42816803593162
            ],
            [
              88.94980468750003,
              22.56220123905662
            ],
            [
              88.92958984375002,
              22.65875885624412
            ],
            [
              88.8681640625,
              22.66364166874412
            ],
            [
              88.83828125000002,
              22.73944733280662
            ],
            [
              88.8486328125,
              22.829852606244117
            ],
            [
              88.75625000000002,
              22.87042877811912
            ],
            [
              88.7392578125,
              22.935321356244117
            ],
            [
              88.622802734375,
              22.94452545780662
            ],
            [
              88.53652343750002,
              22.98029205936912
            ],
            [
              88.4853515625,
              22.931903387494117
            ],
            [
              88.44443359375003,
              22.94550202030662
            ],
            [
              88.40625,
              22.94550202030662
            ]
          ],
          [
            [
              79.84072265625002,
              30.88849518436912
            ],
            [
              79.813720703125,
              30.84015534061912
            ],
            [
              79.8369140625,
              30.73395416874412
            ],
            [
              79.87490234375002,
              30.689227606244117
            ],
            [
              79.779296875,
              30.595477606244117
            ],
            [
              79.73828125,
              30.52411530155662
            ],
            [
              79.65468750000002,
              30.50165436405662
            ],
            [
              79.59326171875,
              30.550653387494116
            ],
            [
              79.52255859375003,
              30.563983465619117
            ],
            [
              79.388916015625,
              30.422381903119117
            ],
            [
              79.3212890625,
              30.398065496869116
            ],
            [
              79.26884765624999,
              30.304461981244117
            ],
            [
              79.18955078125003,
              30.277704168744116
            ],
            [
              79.136962890625,
              30.304315496869116
            ],
            [
              79.00068359375001,
              30.306024481244116
            ],
            [
              78.80312500000002,
              30.23590729374412
            ],
            [
              78.68710937500003,
              30.240008856244117
            ],
            [
              78.59423828125,
              30.14520905155662
            ],
            [
              78.578857421875,
              30.09760162968162
            ],
            [
              78.46337890625,
              30.072870184369116
            ],
            [
              78.405029296875,
              30.132342840619117
            ],
            [
              78.320068359375,
              30.14057037968162
            ],
            [
              78.280029296875,
              30.07160065311912
            ],
            [
              78.1640625,
              29.94989655155662
            ],
            [
              78.16074218750003,
              29.877215887494117
            ],
            [
              78.1904296875,
              29.79266998905662
            ],
            [
              78.18906250000003,
              29.70673248905662
            ],
            [
              78.15488281250003,
              29.675067449994117
            ],
            [
              78.01884765624999,
              29.61920807499412
            ],
            [
              77.99179687500003,
              29.53107330936912
            ],
            [
              78.05244140625001,
              29.434833074994117
            ],
            [
              78.05244140625001,
              29.37396881718162
            ],
            [
              78.1171875,
              29.25141022343162
            ],
            [
              78.12089843749999,
              29.192157293744117
            ],
            [
              78.079833984375,
              29.140643621869117
            ],
            [
              78.07236328125003,
              28.96930573124412
            ],
            [
              78.10595703125,
              28.91364166874412
            ],
            [
              78.09589843750001,
              28.828485418744116
            ],
            [
              78.18271484375003,
              28.692889715619117
            ],
            [
              78.1953125,
              28.57025787968162
            ],
            [
              78.2646484375,
              28.488788153119117
            ],
            [
              78.29013671875003,
              28.30695221561912
            ],
            [
              78.38271484375002,
              28.22199127811912
            ],
            [
              78.46337890625,
              28.10590241093162
            ],
            [
              78.6142578125,
              27.99603912968162
            ],
            [
              78.75996093750001,
              27.945575262494117
            ],
            [
              78.87705078125003,
              27.92218659061912
            ],
            [
              78.95673828125001,
              27.83844635624412
            ],
            [
              79.155517578125,
              27.81793854374412
            ],
            [
              79.20361328125,
              27.69135162968162
            ],
            [
              79.33193359375002,
              27.636835028119116
            ],
            [
              79.409912109375,
              27.646600653119116
            ],
            [
              79.46464843749999,
              27.586542059369116
            ],
            [
              79.557861328125,
              27.53082916874412
            ],
            [
              79.56171875000001,
              27.48688385624412
            ],
            [
              79.62246093750002,
              27.417499090619117
            ],
            [
              79.62841796875,
              27.351825262494117
            ],
            [
              79.69775390625,
              27.24152252811912
            ],
            [
              79.81904296875001,
              27.15692780155662
            ],
            [
              79.91152343750002,
              27.14838287968162
            ],
            [
              80.012451171875,
              27.017108465619117
            ],
            [
              80.01992187500002,
              26.95722077030662
            ],
            [
              80.10781250000002,
              26.87372467655662
            ],
            [
              80.128173828125,
              26.76215241093162
            ],
            [
              80.2451171875,
              26.68195221561912
            ],
            [
              80.296875,
              26.548700262494116
            ],
            [
              80.4033203125,
              26.44159577030662
            ],
            [
              80.50996093750001,
              26.38104889530662
            ],
            [
              80.558837890625,
              26.23822662968162
            ],
            [
              80.59765625,
              26.174579168744117
            ],
            [
              80.673095703125,
              26.11481354374412
            ],
            [
              80.742919921875,
              26.11017487186912
            ],
            [
              80.85341796875002,
              26.05817291874412
            ],
            [
              80.9619140625,
              26.07697174686912
            ],
            [
              81.04833984375,
              26.044061590619116
            ],
            [
              81.065185546875,
              26.00031159061912
            ],
            [
              81.2041015625,
              25.93927643436912
            ],
            [
              81.22451171875002,
              25.868524481244123
            ],
            [
              81.302001953125,
              25.84076569218162
            ],
            [
              81.392822265625,
              25.77216217655662
            ],
            [
              81.3828125,
              25.68207428593162
            ],
            [
              81.53896484375002,
              25.591083074994117
            ],
            [
              81.63007812500001,
              25.586542059369123
            ],
            [
              81.70468750000003,
              25.49469635624412
            ],
            [
              81.7783203125,
              25.47797272343162
            ],
            [
              81.8857421875,
              25.51288483280662
            ],
            [
              81.9375,
              25.344501043744117
            ],
            [
              82.04296875,
              25.335565496869123
            ],
            [
              82.08837890625,
              25.27887604374412
            ],
            [
              82.181396484375,
              25.31659577030662
            ],
            [
              82.31240234375002,
              25.26312897343162
            ],
            [
              82.383056640625,
              25.261981512494117
            ],
            [
              82.52714843749999,
              25.15949127811912
            ],
            [
              82.5927734375,
              25.17316315311912
            ],
            [
              82.636962890625,
              25.220331121869123
            ],
            [
              82.778564453125,
              25.12494537968162
            ],
            [
              82.83554687500003,
              25.11859772343162
            ],
            [
              82.92041015625,
              25.194598699994117
            ],
            [
              83.01992187500002,
              25.227801824994117
            ],
            [
              83.00625000000002,
              25.28925202030662
            ],
            [
              83.04150390625,
              25.32306549686912
            ],
            [
              83.13496093750001,
              25.326434637494117
            ],
            [
              83.17783203125003,
              25.410272528119123
            ],
            [
              83.123046875,
              25.45221588749412
            ],
            [
              83.21259765625001,
              25.53522369999412
            ],
            [
              83.31171875000001,
              25.479120184369123
            ],
            [
              83.409423828125,
              25.48700592655662
            ],
            [
              83.48291015625,
              25.42304108280662
            ],
            [
              83.541259765625,
              25.439471746869117
            ],
            [
              83.49091796875001,
              25.517108465619117
            ],
            [
              83.61708984375002,
              25.59772369999412
            ],
            [
              83.69296875000003,
              25.61469147343162
            ],
            [
              83.77197265625,
              25.51727936405662
            ],
            [
              83.897705078125,
              25.52399323124412
            ],
            [
              84.00341796875,
              25.608270574994123
            ],
            [
              84.05810546875,
              25.67377350468162
            ],
            [
              84.14345703125002,
              25.73627350468162
            ],
            [
              84.2724609375,
              25.69293854374412
            ],
            [
              84.37265625000003,
              25.765155340619117
            ],
            [
              84.498779296875,
              25.699090887494123
            ],
            [
              84.668212890625,
              25.705926824994123
            ],
            [
              84.728515625,
              25.74970123905662
            ],
            [
              84.85312500000003,
              25.712420965619117
            ],
            [
              84.996337890625,
              25.734881903119117
            ],
            [
              85.0859375,
              25.721063543744123
            ],
            [
              85.142822265625,
              25.641864324994117
            ],
            [
              85.18271484375003,
              25.63764069218162
            ],
            [
              85.2724609375,
              25.567401434369117
            ],
            [
              85.38808593750002,
              25.50836823124412
            ],
            [
              85.51503906250002,
              25.58466217655662
            ],
            [
              85.57656250000002,
              25.50836823124412
            ],
            [
              85.65195312500003,
              25.46344635624412
            ],
            [
              85.7216796875,
              25.504169012494117
            ],
            [
              85.83066406250003,
              25.50495026249412
            ],
            [
              85.99697265625002,
              25.38031647343162
            ],
            [
              86.03916015625003,
              25.33038971561912
            ],
            [
              86.185791015625,
              25.31928131718162
            ],
            [
              86.2412109375,
              25.330194403119123
            ],
            [
              86.30615234375,
              25.29266998905662
            ],
            [
              86.37783203125002,
              25.31037018436912
            ],
            [
              86.446044921875,
              25.36188385624412
            ],
            [
              86.5068359375,
              25.462665106244117
            ],
            [
              86.59072265625002,
              25.461200262494117
            ],
            [
              86.57958984375,
              25.37506744999412
            ],
            [
              86.61123046875002,
              25.30353424686912
            ],
            [
              86.69384765625,
              25.25641510624412
            ],
            [
              86.782470703125,
              25.27558014530662
            ],
            [
              86.889892578125,
              25.349969793744123
            ],
            [
              86.97421875000003,
              25.28925202030662
            ],
            [
              87.159912109375,
              25.227801824994117
            ],
            [
              87.21767578125002,
              25.24835846561912
            ],
            [
              87.28212890625002,
              25.35614655155662
            ],
            [
              87.35107421875,
              25.39850494999412
            ],
            [
              87.44384765625,
              25.40595123905662
            ],
            [
              87.511962890625,
              25.381952215619123
            ],
            [
              87.53574218750003,
              25.32013580936912
            ],
            [
              87.5986328125,
              25.266717840619123
            ],
            [
              87.72607421875,
              25.25165436405662
            ],
            [
              87.78369140625,
              25.21417877811912
            ],
            [
              87.78095703125001,
              25.08991119999412
            ],
            [
              87.860595703125,
              25.030780340619117
            ],
            [
              87.95429687500001,
              24.98761627811912
            ],
            [
              87.95810546875003,
              24.94415924686912
            ],
            [
              87.90664062500002,
              24.860956121869123
            ],
            [
              87.947509765625,
              24.795770574994123
            ],
            [
              87.95947265625,
              24.71723053593162
            ],
            [
              88.084716796875,
              24.59406159061912
            ],
            [
              88.08554687500003,
              24.53693268436912
            ],
            [
              88.13339843750003,
              24.48248932499412
            ],
            [
              88.22509765625,
              24.46063873905662
            ],
            [
              88.307861328125,
              24.48615143436912
            ],
            [
              88.44443359375003,
              24.35077545780662
            ],
            [
              88.51611328125,
              24.36749909061912
            ],
            [
              88.681396484375,
              24.33405182499412
            ],
            [
              88.737060546875,
              24.28729889530662
            ],
            [
              88.75146484375,
              24.15265534061912
            ],
            [
              88.8427734375,
              24.12323639530662
            ],
            [
              88.9306640625,
              24.17157623905662
            ],
            [
              88.97675781250001,
              24.15595123905662
            ],
            [
              89.065673828125,
              24.04706452030662
            ],
            [
              89.11611328125002,
              23.95575592655662
            ],
            [
              89.18642578125002,
              23.92890045780662
            ],
            [
              89.32138671875003,
              23.92987702030662
            ],
            [
              89.5556640625,
              23.814813543744123
            ],
            [
              89.61962890625,
              23.84369537968162
            ],
            [
              89.749267578125,
              23.848016668744123
            ]
          ],
          [
            [
              90.01015625000002,
              22.490252996869117
            ],
            [
              90.0244140625,
              22.65131256718162
            ],
            [
              89.998779296875,
              22.76886627811912
            ],
            [
              89.94287109375,
              22.857294012494123
            ],
            [
              89.828125,
              22.939081121869123
            ],
            [
              89.69775390625,
              23.096942449994117
            ],
            [
              89.680908203125,
              23.22699616093162
            ],
            [
              89.63759765625002,
              23.288202215619123
            ],
            [
              89.5986328125,
              23.47308991093162
            ],
            [
              89.548095703125,
              23.50568268436912
            ],
            [
              89.42099609375003,
              23.674432684369123
            ],
            [
              89.3525390625,
              23.671747137494123
            ],
            [
              89.261962890625,
              23.751825262494123
            ],
            [
              89.25546875000003,
              23.806756903119123
            ],
            [
              89.11376953125,
              23.926044012494117
            ],
            [
              89.08828125000002,
              23.97833893436912
            ]
          ],
          [
            [
              88.07089843750003,
              22.234881903119117
            ],
            [
              88.0966796875,
              22.29376862186912
            ],
            [
              88.12568359375001,
              22.455829168744117
            ],
            [
              88.23759765624999,
              22.52179596561912
            ],
            [
              88.251220703125,
              22.55365631718162
            ],
            [
              88.34228515625,
              22.576288153119123
            ],
            [
              88.364013671875,
              22.65607330936912
            ],
            [
              88.34814453125,
              22.788202215619123
            ],
            [
              88.40390625000003,
              22.917108465619123
            ],
            [
              88.40927734375003,
              22.967059637494117
            ],
            [
              88.4921875,
              23.11896393436912
            ],
            [
              88.447265625,
              23.154413153119123
            ],
            [
              88.4443359375,
              23.217401434369123
            ],
            [
              88.38222656250002,
              23.22528717655662
            ],
            [
              88.34775390625003,
              23.269794012494117
            ],
            [
              88.34267578125002,
              23.34064362186912
            ],
            [
              88.37949218750003,
              23.401727606244123
            ],
            [
              88.34072265625002,
              23.43756744999412
            ],
            [
              88.367919921875,
              23.51178619999412
            ],
            [
              88.294677734375,
              23.53644440311912
            ],
            [
              88.218994140625,
              23.60651276249412
            ],
            [
              88.16318359375003,
              23.62396881718162
            ],
            [
              88.15976562500003,
              23.69965241093162
            ],
            [
              88.22812500000003,
              23.756463934369123
            ],
            [
              88.2275390625,
              23.826776434369123
            ],
            [
              88.194580078125,
              24.001336981244123
            ],
            [
              88.256591796875,
              24.14130280155662
            ],
            [
              88.25244140625,
              24.311883856244123
            ],
            [
              88.15625,
              24.371698309369123
            ],
            [
              88.118896484375,
              24.44696686405662
            ],
            [
              88.077880859375,
              24.456170965619123
            ],
            [
              88.028076171875,
              24.547870184369117
            ],
            [
              87.94091796875,
              24.61945221561912
            ],
            [
              87.92041015625,
              24.72662994999412
            ],
            [
              87.93808593750003,
              24.80573151249412
            ]
          ],
          [
            [
              89.29306640625003,
              22.59796784061912
            ],
            [
              89.30429687500003,
              22.637713934369117
            ],
            [
              89.256103515625,
              22.736835028119117
            ],
            [
              89.20126953125003,
              22.74689362186912
            ],
            [
              89.18359375,
              22.81378815311912
            ],
            [
              89.12851562500003,
              22.837762762494123
            ],
            [
              89.13027343750002,
              22.930194403119117
            ],
            [
              89.078125,
              22.99896881718162
            ],
            [
              89.119384765625,
              23.07587311405662
            ],
            [
              89.041259765625,
              23.17352936405662
            ],
            [
              89.020751953125,
              23.26190827030662
            ],
            [
              89.023193359375,
              23.357049871869123
            ],
            [
              88.93300781250002,
              23.35626862186912
            ],
            [
              88.834716796875,
              23.429950262494117
            ],
            [
              88.73583984375,
              23.57990143436912
            ],
            [
              88.86953125000002,
              23.69965241093162
            ],
            [
              88.85302734375,
              23.92536041874412
            ],
            [
              88.78720703125003,
              23.961688543744117
            ],
            [
              88.6328125,
              23.987665106244123
            ],
            [
              88.64853515625003,
              24.06659577030662
            ],
            [
              88.61972656250003,
              24.10846588749412
            ],
            [
              88.52871093750002,
              24.151971746869123
            ],
            [
              88.537109375,
              24.22992584843162
            ],
            [
              88.45332031250001,
              24.28339264530662
            ],
            [
              88.42910156250002,
              24.35578034061912
            ]
          ],
          [
            [
              90.39423828125001,
              22.77484772343162
            ],
            [
              90.36533203125003,
              22.845721746869117
            ],
            [
              90.384765625,
              22.93378327030662
            ],
            [
              90.322021484375,
              22.99701569218162
            ],
            [
              90.318603515625,
              23.10602448124412
            ],
            [
              90.242919921875,
              23.124286199994117
            ],
            [
              90.24589843749999,
              23.18012116093162
            ],
            [
              90.19736328125003,
              23.23163483280662
            ],
            [
              90.14541015625002,
              23.236590887494117
            ],
            [
              90.11240234375003,
              23.438983465619117
            ],
            [
              90.0712890625,
              23.503924871869117
            ],
            [
              90.08750000000003,
              23.578631903119117
            ]
          ],
          [
            [
              89.35214843750003,
              21.972284246869123
            ],
            [
              89.34531250000003,
              22.02069733280662
            ],
            [
              89.38730468750003,
              22.086688543744117
            ],
            [
              89.34228515625,
              22.13056061405662
            ],
            [
              89.27529296875002,
              22.31268952030662
            ],
            [
              89.25507812500001,
              22.42426178593162
            ],
            [
              89.29062500000003,
              22.46576569218162
            ],
            [
              89.25234375000002,
              22.51227448124412
            ],
            [
              89.27001953125,
              22.58075592655662
            ],
            [
              89.34531250000003,
              22.602899481244123
            ],
            [
              89.425537109375,
              22.533807684369123
            ],
            [
              89.4443359375,
              22.33405182499412
            ],
            [
              89.47568359375003,
              22.295038153119123
            ]
          ]
        ]
      },
      "properties": {
        "name_en": "Ganges",
        "name": "Ganges",
        "scalerank": 3,
        "min_zoom": 3
      }
    },
    {
      "type": "Feature",
      "geometry": {
        "type": "MultiLineString",
        "coordinates": [
          [
            [
              67.65087890625,
              23.93121979374412
            ],
            [
              67.73134765625002,
              23.96515534061912
            ],
            [
              67.71337890625,
              24.066424871869117
            ],
            [
              67.661376953125,
              24.10809967655662
            ]
          ],
          [
            [
              67.76015625000002,
              24.052850653119123
            ],
            [
              67.71337890625,
              24.066424871869117
            ]
          ],
          [
            [
              67.9267578125,
              23.98493073124412
            ],
            [
              67.91953125,
              23.965106512494117
            ],
            [
              67.91015625,
              23.95770905155662
            ],
            [
              67.86269531250002,
              23.938006903119117
            ],
            [
              67.85751953125,
              23.90949127811912
            ]
          ],
          [
            [
              67.95634765625002,
              23.99945709843162
            ],
            [
              68.02001953125,
              23.99457428593162
            ],
            [
              68.02451171875,
              23.93366119999412
            ]
          ],
          [
            [
              79.42978515625003,
              32.744989324994116
            ],
            [
              79.67626953125,
              32.511590887494116
            ],
            [
              79.734619140625,
              32.44391510624412
            ]
          ],
          [
            [
              79.437255859375,
              32.73810455936912
            ],
            [
              79.30859375,
              32.92816803593162
            ],
            [
              79.181884765625,
              32.98932526249412
            ],
            [
              79.100830078125,
              33.08075592655662
            ],
            [
              78.955322265625,
              33.20123932499412
            ],
            [
              78.89853515625003,
              33.20490143436912
            ],
            [
              78.79775390625002,
              33.15309479374412
            ],
            [
              78.7109375,
              33.16535065311912
            ],
            [
              78.570556640625,
              33.21649811405662
            ],
            [
              78.43349609375002,
              33.28241608280662
            ],
            [
              78.36630859375003,
              33.34406159061912
            ],
            [
              78.291015625,
              33.36549713749412
            ],
            [
              78.15224609375002,
              33.46893952030662
            ],
            [
              78.14980468750002,
              33.566522528119116
            ],
            [
              77.99648437500002,
              33.673944403119116
            ],
            [
              77.94257812500001,
              33.73871491093162
            ],
            [
              77.8583984375,
              33.780389715619116
            ],
            [
              77.73388671875,
              33.921991278119116
            ],
            [
              77.660400390625,
              34.02931549686912
            ],
            [
              77.59326171875,
              34.08815338749412
            ],
            [
              77.48886718750003,
              34.13690827030662
            ],
            [
              77.42128906250002,
              34.12909577030662
            ],
            [
              77.04335937500002,
              34.26198151249412
            ],
            [
              76.989990234375,
              34.30787994999412
            ],
            [
              76.8427734375,
              34.33034088749412
            ],
            [
              76.770263671875,
              34.403436590619116
            ],
            [
              76.68447265625002,
              34.44782135624412
            ],
            [
              76.58437500000002,
              34.56329987186912
            ],
            [
              76.43505859375,
              34.636835028119116
            ],
            [
              76.30087890625003,
              34.68085358280662
            ],
            [
              76.22089843750001,
              34.76032135624412
            ],
            [
              76.18984375000002,
              34.82990143436912
            ],
            [
              76.224853515625,
              34.93141510624412
            ],
            [
              75.921630859375,
              35.16554596561912
            ],
            [
              75.84326171875,
              35.34137604374412
            ],
            [
              75.76806640625,
              35.31447174686912
            ],
            [
              75.63593750000001,
              35.31415436405662
            ],
            [
              75.486083984375,
              35.41559479374412
            ],
            [
              75.4517578125,
              35.46015045780662
            ],
            [
              75.37978515625002,
              35.472284246869116
            ],
            [
              75.3232421875,
              35.58563873905662
            ],
            [
              75.10546875,
              35.60260651249412
            ],
            [
              74.96728515625,
              35.64430573124412
            ],
            [
              74.87246093750002,
              35.71173737186912
            ],
            [
              74.73974609375,
              35.72833893436912
            ],
            [
              74.724609375,
              35.84157135624412
            ],
            [
              74.63046875,
              35.82086823124412
            ],
            [
              74.64990234375,
              35.70192291874412
            ],
            [
              74.611328125,
              35.671502996869116
            ],
            [
              74.63251953125001,
              35.527460028119116
            ],
            [
              74.607177734375,
              35.49579498905662
            ],
            [
              74.474853515625,
              35.46608307499412
            ],
            [
              74.42568359375002,
              35.42352936405662
            ],
            [
              74.2466796875,
              35.42670319218162
            ],
            [
              74.20703125,
              35.404901434369116
            ],
            [
              74.02978515625,
              35.43427155155662
            ],
            [
              73.91083984375001,
              35.49408600468162
            ],
            [
              73.627197265625,
              35.54347565311912
            ],
            [
              73.50234375000002,
              35.53436920780662
            ],
            [
              73.43994140625,
              35.56220123905662
            ],
            [
              73.32343750000001,
              35.54804108280662
            ],
            [
              73.2626953125,
              35.40399811405662
            ],
            [
              73.2490234375,
              35.31837799686912
            ],
            [
              73.26943359375002,
              35.26002838749412
            ],
            [
              73.11865234375,
              35.18488190311912
            ],
            [
              72.927978515625,
              35.03493073124412
            ],
            [
              72.869384765625,
              34.92902252811912
            ],
            [
              72.872314453125,
              34.89203522343162
            ],
            [
              72.986328125,
              34.84010651249412
            ],
            [
              72.91943359375,
              34.78082916874412
            ],
            [
              72.824462890625,
              34.76080963749412
            ],
            [
              72.78164062500002,
              34.62250397343162
            ]
          ],
          [
            [
              72.70693359375002,
              34.08551666874412
            ],
            [
              72.63320312500002,
              34.013788153119116
            ],
            [
              72.4306640625,
              34.01129791874412
            ],
            [
              72.348388671875,
              33.96100494999412
            ],
            [
              72.24033203125,
              33.93793366093162
            ],
            [
              72.23408203125001,
              33.765985418744116
            ],
            [
              72.08740234375,
              33.789911199994116
            ],
            [
              72.02187500000002,
              33.74616119999412
            ],
            [
              71.97412109375,
              33.64996979374412
            ],
            [
              71.95302734375002,
              33.52643463749412
            ],
            [
              71.841796875,
              33.40216705936912
            ],
            [
              71.74072265625,
              33.37555573124412
            ],
            [
              71.70322265625,
              33.25653717655662
            ],
            [
              71.75107421875,
              33.20538971561912
            ],
            [
              71.7109375,
              33.09430573124412
            ],
            [
              71.71845703125001,
              33.029413153119116
            ],
            [
              71.611083984375,
              32.96405670780662
            ],
            [
              71.5337890625,
              32.949090887494116
            ],
            [
              71.4619140625,
              32.89796784061912
            ],
            [
              71.405029296875,
              32.808954168744116
            ],
            [
              71.4140625,
              32.73439362186912
            ],
            [
              71.33144531250002,
              32.65607330936912
            ],
            [
              71.350830078125,
              32.525018621869116
            ],
            [
              71.34658203125002,
              32.43231842655662
            ],
            [
              71.28339843750001,
              32.33991119999412
            ],
            [
              71.228759765625,
              32.181756903119116
            ],
            [
              71.1171875,
              32.08112213749412
            ],
            [
              71.10693359375,
              32.03053619999412
            ],
            [
              70.9927734375,
              31.89789459843162
            ],
            [
              70.966796875,
              31.81891510624412
            ],
            [
              70.89931640625002,
              31.709588934369116
            ],
            [
              70.9033203125,
              31.663690496869116
            ],
            [
              70.79140625000002,
              31.42633698124412
            ],
            [
              70.76748046875002,
              31.26398346561912
            ],
            [
              70.788818359375,
              31.13825104374412
            ],
            [
              70.83583984375002,
              30.97760651249412
            ],
            [
              70.8193359375,
              30.88385651249412
            ],
            [
              70.751708984375,
              30.78900787968162
            ],
            [
              70.76572265625,
              30.695086981244117
            ],
            [
              70.830322265625,
              30.59943268436912
            ],
            [
              70.84902343750002,
              30.50299713749412
            ],
            [
              70.815185546875,
              30.36395905155662
            ],
            [
              70.7740234375,
              30.31586334843162
            ],
            [
              70.81640625,
              30.20246002811912
            ],
            [
              70.80615234375,
              30.093524481244117
            ],
            [
              70.83505859375,
              30.05341217655662
            ],
            [
              70.84414062500002,
              29.89996979374412
            ],
            [
              70.81298828125,
              29.82941315311912
            ],
            [
              70.65869140625,
              29.661249090619116
            ],
            [
              70.64453125,
              29.54596588749412
            ],
            [
              70.69287109375,
              29.52118561405662
            ],
            [
              70.7203125,
              29.39960358280662
            ],
            [
              70.648193359375,
              29.215106512494117
            ],
            [
              70.66015625,
              29.05878327030662
            ],
            [
              70.5552734375,
              29.015399481244117
            ],
            [
              70.47597656250002,
              28.92267487186912
            ],
            [
              70.3736328125,
              28.91461823124412
            ],
            [
              70.32626953125,
              28.83795807499412
            ],
            [
              70.25234375000002,
              28.777606512494117
            ],
            [
              70.15673828125,
              28.74542877811912
            ],
            [
              70.037353515625,
              28.650262762494116
            ],
            [
              70.028564453125,
              28.597919012494117
            ],
            [
              69.94091796875,
              28.581659246869116
            ],
            [
              69.88251953125001,
              28.542254949994117
            ],
            [
              69.781005859375,
              28.52045319218162
            ],
            [
              69.72470703125,
              28.41608307499412
            ],
            [
              69.58535156250002,
              28.25861237186912
            ],
            [
              69.473876953125,
              28.21539948124412
            ],
            [
              69.41054687500002,
              28.22577545780662
            ],
            [
              69.36591796875001,
              28.14630768436912
            ],
            [
              69.2880859375,
              28.16974518436912
            ],
            [
              69.2505859375,
              28.12933991093162
            ],
            [
              69.169189453125,
              28.11017487186912
            ],
            [
              69.144775390625,
              28.06281159061912
            ],
            [
              69.034912109375,
              28.06268952030662
            ],
            [
              69.01611328125,
              27.98407623905662
            ],
            [
              68.91748046875,
              27.974237371869116
            ],
            [
              68.949951171875,
              27.868280340619116
            ],
            [
              68.87324218750001,
              27.84259674686912
            ],
            [
              68.863037109375,
              27.79498932499412
            ],
            [
              68.940673828125,
              27.758661199994116
            ],
            [
              68.9326171875,
              27.71027252811912
            ],
            [
              68.791015625,
              27.66693756718162
            ],
            [
              68.69921875,
              27.78485748905662
            ],
            [
              68.64658203125,
              27.711053778119116
            ],
            [
              68.5546875,
              27.70551178593162
            ],
            [
              68.51064453125002,
              27.66474030155662
            ],
            [
              68.44970703125,
              27.67658112186912
            ],
            [
              68.29111328125,
              27.556903387494117
            ],
            [
              68.33144531250002,
              27.477655340619116
            ],
            [
              68.29833984375,
              27.429803778119116
            ],
            [
              68.32666015625,
              27.374139715619116
            ],
            [
              68.20986328125002,
              27.36310455936912
            ],
            [
              68.15322265625002,
              27.30072662968162
            ],
            [
              68.197509765625,
              27.24481842655662
            ],
            [
              68.182373046875,
              27.202264715619116
            ],
            [
              68.09423828125,
              27.17572662968162
            ],
            [
              68.11328125,
              27.094110418744116
            ],
            [
              68.04091796875002,
              27.01337311405662
            ],
            [
              67.90810546875002,
              26.94708893436912
            ],
            [
              67.89169921875,
              26.832782293744117
            ],
            [
              67.900634765625,
              26.71112702030662
            ],
            [
              67.880859375,
              26.63349030155662
            ],
            [
              67.926025390625,
              26.57367584843162
            ],
            [
              67.927001953125,
              26.49896881718162
            ],
            [
              67.889892578125,
              26.38568756718162
            ],
            [
              67.92744140625001,
              26.34393952030662
            ],
            [
              67.9390625,
              26.269061590619117
            ],
            [
              68.033203125,
              26.196551824994117
            ],
            [
              68.12412109375,
              26.152362371869117
            ],
            [
              68.127197265625,
              26.07929108280662
            ],
            [
              68.2330078125,
              25.984881903119117
            ],
            [
              68.27109375,
              25.90326569218162
            ],
            [
              68.391357421875,
              25.82684967655662
            ],
            [
              68.32265625000002,
              25.732928778119117
            ],
            [
              68.4263671875,
              25.661249090619123
            ],
            [
              68.38232421875,
              25.62116119999412
            ],
            [
              68.38037109375,
              25.53534577030662
            ],
            [
              68.32587890625001,
              25.51288483280662
            ],
            [
              68.31064453125,
              25.409295965619123
            ],
            [
              68.34414062500002,
              25.35285065311912
            ],
            [
              68.34912109375,
              25.279315496869117
            ],
            [
              68.302734375,
              25.19953034061912
            ],
            [
              68.306640625,
              25.135614324994123
            ],
            [
              68.26650390625002,
              25.044061590619123
            ],
            [
              68.273681640625,
              24.99274323124412
            ],
            [
              68.18056640625002,
              24.99823639530662
            ],
            [
              68.114990234375,
              24.86579010624412
            ],
            [
              68.0533203125,
              24.80951569218162
            ],
            [
              67.9703125,
              24.65631744999412
            ],
            [
              68.00673828125002,
              24.56989166874412
            ],
            [
              67.9609375,
              24.532831121869123
            ],
            [
              67.97412109375,
              24.46430084843162
            ],
            [
              67.84951171875002,
              24.416620184369123
            ],
            [
              67.867919921875,
              24.36603424686912
            ],
            [
              67.80654296875002,
              24.25238678593162
            ],
            [
              67.71982421875,
              24.163690496869123
            ],
            [
              67.666015625,
              24.17157623905662
            ],
            [
              67.65810546875002,
              24.08380768436912
            ],
            [
              67.53232421875,
              24.06049225468162
            ]
          ],
          [
            [
              67.92421875000002,
              24.05597565311912
            ],
            [
              67.8111328125,
              24.062762762494117
            ],
            [
              67.815185546875,
              23.994745184369123
            ],
            [
              67.88330078125,
              23.99396393436912
            ],
            [
              67.925537109375,
              23.98236725468162
            ],
            [
              67.94277343750002,
              23.98651764530662
            ],
            [
              67.95576171875001,
              23.994501043744123
            ],
            [
              67.92421875000002,
              24.05597565311912
            ]
          ]
        ]
      },
      "properties": {
        "name_en": "Indus",
        "name": "Indus",
        "scalerank": 3,
        "min_zoom": 3
      }
    },
    {
      "type": "Feature",
      "geometry": {
        "type": "LineString",
        "coordinates": [
          [
            72.70703125,
            34.085565496869116
          ],
          [
            72.83310546875,
            34.168329168744116
          ],
          [
            72.85244140625002,
            34.28778717655662
          ],
          [
            72.827880859375,
            34.393182684369116
          ],
          [
            72.836669921875,
            34.48102448124412
          ],
          [
            72.788671875,
            34.51422760624412
          ],
          [
            72.78164062500002,
            34.62250397343162
          ]
        ]
      },
      "properties": {
        "name_en": "Indus",
        "name": "Indus",
        "scalerank": 3,
        "min_zoom": 3
      }
    },
    {
      "type": "Feature",
      "geometry": {
        "type": "LineString",
        "coordinates": [
          [
            95.396484375,
            28.002948309369117
          ],
          [
            95.384033203125,
            28.062616278119116
          ],
          [
            95.32900390625002,
            28.081659246869116
          ],
          [
            95.28134765625003,
            28.14935944218162
          ],
          [
            95.19082031250002,
            28.17572662968162
          ],
          [
            95.1298828125,
            28.148065496869116
          ],
          [
            95.031982421875,
            28.17365143436912
          ],
          [
            94.98867187500002,
            28.259393621869116
          ],
          [
            94.999755859375,
            28.309344793744117
          ],
          [
            95.09248046875001,
            28.405780340619117
          ],
          [
            95.09794921874999,
            28.53937409061912
          ],
          [
            94.99912109375003,
            28.68195221561912
          ],
          [
            94.91689453125002,
            28.76300690311912
          ],
          [
            94.90000000000003,
            28.824579168744116
          ],
          [
            94.79345703125,
            28.824090887494116
          ],
          [
            94.783203125,
            28.92401764530662
          ],
          [
            94.900634765625,
            29.01679108280662
          ],
          [
            94.90869140625,
            29.051044012494117
          ],
          [
            95.04443359375,
            29.176532293744117
          ],
          [
            95.20175781250003,
            29.278827215619117
          ],
          [
            95.254638671875,
            29.28839752811912
          ],
          [
            95.4287109375,
            29.45099518436912
          ],
          [
            95.422119140625,
            29.543573309369116
          ],
          [
            95.38818359375,
            29.59491608280662
          ],
          [
            95.384033203125,
            29.771112371869116
          ],
          [
            95.29941406250003,
            29.80512116093162
          ],
          [
            95.27578125000002,
            29.86847565311912
          ],
          [
            95.15097656250003,
            29.889032293744116
          ],
          [
            95.09248046875001,
            29.81366608280662
          ],
          [
            95.127197265625,
            29.773553778119116
          ],
          [
            94.954833984375,
            29.756952215619116
          ],
          [
            94.89169921875003,
            29.69721100468162
          ],
          [
            94.924072265625,
            29.60956452030662
          ],
          [
            94.806884765625,
            29.48615143436912
          ],
          [
            94.70654296875,
            29.464129949994117
          ],
          [
            94.59628906250003,
            29.48602936405662
          ],
          [
            94.48261718750001,
            29.428485418744117
          ],
          [
            94.35595703125,
            29.30951569218162
          ]
        ]
      },
      "properties": {
        "name_en": "Brahmaputra",
        "name": "Dihang",
        "scalerank": 2,
        "min_zoom": 2.1
      }
    },
    {
      "type": "Feature",
      "geometry": {
        "type": "MultiLineString",
        "coordinates": [
          [
            [
              95.396484375,
              28.002948309369117
            ],
            [
              95.46152343750003,
              27.89679596561912
            ],
            [
              95.45947265625,
              27.843866278119116
            ],
            [
              95.29345703125,
              27.742792059369116
            ],
            [
              95.1494140625,
              27.70123932499412
            ],
            [
              95.14707031250003,
              27.644403387494116
            ],
            [
              95.10244140625002,
              27.609881903119117
            ],
            [
              94.992431640625,
              27.59943268436912
            ],
            [
              94.91660156250003,
              27.571551824994117
            ],
            [
              94.8681640625,
              27.50299713749412
            ],
            [
              94.81757812500001,
              27.499530340619117
            ],
            [
              94.7578125,
              27.41925690311912
            ],
            [
              94.64980468750002,
              27.351825262494117
            ],
            [
              94.68427734375001,
              27.294940496869117
            ],
            [
              94.571044921875,
              27.21808502811912
            ],
            [
              94.55478515625003,
              27.10138580936912
            ],
            [
              94.44843750000001,
              27.05939362186912
            ],
            [
              94.440673828125,
              27.01666901249412
            ],
            [
              94.28662109375,
              26.920428778119117
            ],
            [
              94.20751953125,
              26.927264715619117
            ],
            [
              94.1435546875,
              26.86237213749412
            ],
            [
              94.0634765625,
              26.87946198124412
            ],
            [
              93.945556640625,
              26.841571356244117
            ],
            [
              93.86337890625003,
              26.76593659061912
            ],
            [
              93.841064453125,
              26.75592682499412
            ],
            [
              93.76376953125003,
              26.739520574994117
            ],
            [
              93.75156250000003,
              26.732049871869116
            ],
            [
              93.65664062500002,
              26.714960028119116
            ],
            [
              93.56796875000003,
              26.751971746869117
            ],
            [
              93.43994140625,
              26.768085028119117
            ],
            [
              93.35761718750001,
              26.71845123905662
            ],
            [
              93.248046875,
              26.72443268436912
            ],
            [
              93.119140625,
              26.647479559369117
            ],
            [
              92.8984375,
              26.65350983280662
            ],
            [
              92.833740234375,
              26.60834381718162
            ],
            [
              92.73261718750001,
              26.61359284061912
            ],
            [
              92.65712890625002,
              26.590838934369117
            ],
            [
              92.5947265625,
              26.51752350468162
            ],
            [
              92.40156250000001,
              26.53620026249412
            ],
            [
              92.17275390625002,
              26.44293854374412
            ],
            [
              92.07578125000003,
              26.380145574994117
            ],
            [
              92.06582031250002,
              26.30963776249412
            ],
            [
              91.87802734375003,
              26.235370184369117
            ],
            [
              91.84609375000002,
              26.23932526249412
            ],
            [
              91.6923828125,
              26.17194244999412
            ],
            [
              91.59511718750002,
              26.16705963749412
            ],
            [
              91.49814453125003,
              26.139764715619116
            ],
            [
              91.390869140625,
              26.170428778119117
            ],
            [
              91.30283203125003,
              26.16266510624412
            ],
            [
              91.1982421875,
              26.20282623905662
            ],
            [
              91.11972656250003,
              26.21185944218162
            ],
            [
              90.8310546875,
              26.13471100468162
            ],
            [
              90.68203125000002,
              26.19000885624412
            ],
            [
              90.5830078125,
              26.20514557499412
            ],
            [
              90.5068359375,
              26.22870514530662
            ],
            [
              90.43427734375001,
              26.178241278119117
            ],
            [
              90.29404296875003,
              26.119745184369116
            ],
            [
              89.93662109375003,
              25.99433014530662
            ],
            [
              89.83642578125,
              25.87140534061912
            ],
            [
              89.744873046875,
              25.709491278119117
            ],
            [
              89.69775390625,
              25.57294342655662
            ],
            [
              89.70761718750003,
              25.48334381718162
            ],
            [
              89.697265625,
              25.399286199994123
            ],
            [
              89.6708984375,
              25.324335028119123
            ],
            [
              89.70078125000003,
              25.265741278119123
            ],
            [
              89.626220703125,
              25.07477448124412
            ],
            [
              89.61269531250002,
              24.959833074994123
            ],
            [
              89.7158203125,
              24.726434637494123
            ],
            [
              89.75986328125003,
              24.58698151249412
            ],
            [
              89.767333984375,
              24.51117584843162
            ],
            [
              89.7490234375,
              24.37055084843162
            ],
            [
              89.754638671875,
              24.28327057499412
            ],
            [
              89.733154296875,
              24.223651434369117
            ],
            [
              89.73964843750002,
              24.12299225468162
            ],
            [
              89.70166015625,
              24.035516668744123
            ],
            [
              89.72607421875,
              23.88446686405662
            ],
            [
              89.78564453125,
              23.796747137494123
            ],
            [
              89.85507812500003,
              23.746600653119117
            ],
            [
              89.90859375000002,
              23.67413971561912
            ],
            [
              89.98505859375001,
              23.64435455936912
            ],
            [
              90.142578125,
              23.54450104374412
            ],
            [
              90.25009765625003,
              23.46198151249412
            ]
          ],
          [
            [
              90.476318359375,
              23.58295319218162
            ],
            [
              90.46689453125003,
              23.64386627811912
            ],
            [
              90.30263671875002,
              23.75665924686912
            ],
            [
              90.22021484375,
              23.729364324994123
            ],
            [
              90.25039062500002,
              23.83624909061912
            ],
            [
              90.212158203125,
              23.915643621869123
            ],
            [
              90.103271484375,
              23.96771881718162
            ],
            [
              90.0947265625,
              24.005975653119123
            ],
            [
              89.96142578125,
              24.03961823124412
            ],
            [
              89.75546875000003,
              24.274432684369117
            ]
          ]
        ]
      },
      "properties": {
        "name_en": "Brahmaputra",
        "name": "Brahmaputra",
        "scalerank": 2,
        "min_zoom": 2.1
      }
    }
  ]
}
