{"type":"FeatureCollection", "features": [
{"type":"Feature","geometry":{"type":"MultiPolygon","coordinates":[[[[117.7036,4.1634],[117.8386,4.0402],[117.907,4.1567],[117.7036,4.1634]]],[[[124.4505,-9.1802],[124.4318,-9.2908],[124.3479,-9.3746],[124.3101,-9.4887],[124.1975,-9.3732],[124.1211,-9.4269],[124.03,-9.342],[123.6888,-9.6114],[123.6502,-9.8894],[123.5762,-10.0139],[123.7485,-10.0978],[123.5471,-10.1868],[123.5154,-10.3355],[123.6174,-10.3663],[123.8263,-10.3639],[124.0339,-10.2761],[124.1224,-10.1725],[124.4185,-10.1638],[124.5408,-10.0366],[124.7345,-9.8995],[124.8469,-9.7482],[124.9707,-9.6624],[125.0616,-9.4858],[124.9745,-9.1919],[125.1425,-9.1891],[125.1624,-9.0606],[125.0518,-9.035],[124.9479,-9.0785],[124.9195,-8.962],[124.6916,-9.0678],[124.5632,-9.1708],[124.4505,-9.1802]]],[[[117.5671,4.1597],[117.4129,4.2001],[117.2172,4.3534],[117.1647,4.3331],[116.4941,4.3249],[116.3911,4.2947],[116.3107,4.3834],[116.1258,4.3789],[116.0206,4.2709],[115.8788,4.3521],[115.6469,4.1691],[115.6221,4.0402],[115.5383,3.8978],[115.5886,3.8576],[115.5485,3.6053],[115.6006,3.4412],[115.5176,3.3572],[115.4641,3.0308],[115.3415,2.9911],[115.2421,3.0416],[115.0669,2.8282],[115.0565,2.6086],[115.1619,2.5904],[115.1265,2.4792],[114.9196,2.2957],[114.7788,2.2472],[114.753,2.1348],[114.8453,2.025],[114.832,1.9025],[114.6714,1.821],[114.669,1.694],[114.5006,1.436],[114.3557,1.502],[114.1604,1.4248],[114.0539,1.4651],[113.9097,1.4425],[113.6495,1.2333],[113.5034,1.3145],[113.3976,1.2939],[113.3237,1.3514],[113.089,1.4313],[113.0234,1.537],[112.855,1.5827],[112.7689,1.5522],[112.4705,1.5677],[112.1801,1.449],[112.184,1.369],[112.1001,1.1549],[111.9101,1.114],[111.8231,1.0085],[111.6552,1.0308],[111.5389,0.9977],[111.3518,1.0139],[111.1976,1.0752],[110.8527,0.9972],[110.784,0.9082],[110.6134,0.894],[110.5539,0.8514],[110.4226,0.9095],[110.2566,1.0391],[110.1704,1.1745],[109.9763,1.2877],[109.9325,1.3785],[109.8428,1.4033],[109.6773,1.5729],[109.6472,1.7619],[109.5284,1.89],[109.6453,2.0832],[109.5612,1.9905],[109.341,1.9355],[109.3478,1.8096],[109.2527,1.6684],[109.096,1.5606],[109.0608,1.3839],[108.927,1.1404],[108.9803,0.9956],[108.9414,0.884],[108.8555,0.8322],[108.9273,0.6408],[108.9448,0.4453],[108.9209,0.3403],[109.1023,0.2431],[109.1668,0.1123],[109.176,-0.212],[109.0908,-0.2872],[109.1233,-0.4997],[109.3626,-0.652],[109.2453,-0.6959],[109.2732,-0.8536],[109.4065,-0.9114],[109.4382,-0.8456],[109.7341,-0.954],[109.8355,-1.0862],[109.9227,-1.1036],[109.9299,-1.2232],[110.0296,-1.2859],[110.0685,-1.4325],[110.0339,-1.6462],[109.9216,-1.7696],[109.9536,-1.8743],[110.075,-1.9225],[110.1292,-2.0695],[110.0956,-2.1974],[110.1599,-2.4365],[110.221,-2.5328],[110.2038,-2.6401],[110.2459,-2.7863],[110.2048,-2.8962],[110.2632,-3.0029],[110.5081,-2.8746],[110.617,-2.9098],[110.6624,-3.0807],[110.7555,-3.0118],[110.9065,-3.0833],[111.0608,-3.0611],[111.2962,-2.9365],[111.4475,-2.9298],[111.5843,-3.0089],[111.7603,-2.9076],[111.8325,-3.0616],[111.815,-3.1904],[111.8428,-3.3617],[111.822,-3.5451],[111.9053,-3.572],[112.1169,-3.3823],[112.3027,-3.3139],[112.5247,-3.4378],[112.618,-3.4238],[113.0215,-3.1625],[112.9491,-3.086],[113.0371,-2.9931],[113.1826,-3.0771],[113.2412,-3.1769],[113.3452,-3.2465],[113.4663,-3.1843],[113.6204,-3.1853],[113.6325,-3.4568],[113.7131,-3.4726],[114.1082,-3.3473],[114.2635,-3.3976],[114.4124,-3.4853],[114.5239,-3.4758],[114.6111,-3.6839],[114.6316,-4.0129],[114.6066,-4.1323],[114.7129,-4.1708],[115.0603,-3.9858],[115.5833,-3.7805],[115.8362,-3.6332],[115.9679,-3.6088],[116.0095,-3.4511],[116.0852,-3.3071],[116.1685,-3.2658],[116.1633,-3.1729],[116.2649,-3.1369],[116.1113,-2.9303],[116.3342,-2.9256],[116.37,-2.8239],[116.3904,-2.589],[116.54,-2.5129],[116.6033,-2.2242],[116.5309,-2.1694],[116.3928,-2.1911],[116.3589,-2.0937],[116.4631,-2.02],[116.4666,-1.9075],[116.3249,-1.7039],[116.5575,-1.6062],[116.5392,-1.4812],[116.7624,-1.3653],[116.8198,-1.2614],[117.0237,-1.2029],[117.1639,-0.9817],[117.3011,-0.816],[117.4519,-0.8665],[117.5759,-0.63],[117.596,-0.4226],[117.4891,-0.3874],[117.4339,-0.2638],[117.5303,-0.0323],[117.4756,0.0576],[117.5173,0.291],[117.6193,0.4239],[117.6204,0.502],[117.8113,0.8118],[118.1878,0.8752],[118.5653,0.804],[118.686,0.8461],[118.7982,0.8049],[119.0029,0.9625],[119.0055,1.0376],[118.8569,1.0582],[118.7764,1.202],[118.6133,1.3512],[118.5239,1.3742],[118.4251,1.4857],[118.1267,1.6547],[118.0106,1.7844],[117.9241,1.8192],[117.8599,2.0383],[117.9756,2.1921],[118.0915,2.262],[118.0635,2.3669],[117.8262,2.6074],[117.784,2.7582],[117.6333,2.8122],[117.6556,2.9974],[117.6172,3.0859],[117.4817,3.1013],[117.3527,3.1828],[117.3696,3.3052],[117.4465,3.4348],[117.3255,3.436],[117.2,3.555],[117.2195,3.6474],[117.4309,3.6347],[117.5466,3.664],[117.7485,3.6369],[117.8262,3.7036],[117.7772,3.7991],[117.5203,4.0493],[117.5671,4.1597]]],[[[140.9745,-2.6005],[140.7346,-2.6349],[140.7308,-2.4915],[140.6076,-2.4394],[140.3885,-2.3971],[140.3323,-2.4557],[140.1047,-2.3201],[139.8648,-2.372],[139.2832,-2.1218],[139.1067,-2.0128],[138.8032,-1.9208],[138.6652,-1.7892],[138.3567,-1.7101],[138.0749,-1.6103],[137.9248,-1.4841],[137.7944,-1.4841],[137.5325,-1.5978],[137.3488,-1.7101],[137.1428,-1.787],[137.1017,-1.8883],[137.2048,-1.9496],[137.2263,-2.0744],[136.9515,-2.1422],[136.7586,-2.2487],[136.4038,-2.2197],[136.2887,-2.4501],[136.2664,-2.5603],[136.0232,-2.7077],[135.9646,-2.7758],[135.9099,-2.9858],[135.719,-3.1486],[135.6389,-3.1782],[135.4705,-3.3631],[135.322,-3.3865],[134.9847,-3.3297],[134.8806,-3.2429],[134.8242,-3.0504],[134.7013,-2.9587],[134.6668,-2.8256],[134.6581,-2.5628],[134.5563,-2.4648],[134.4744,-2.5807],[134.5327,-2.8342],[134.4639,-2.8547],[134.4017,-2.7448],[134.3303,-2.5222],[134.1934,-2.3791],[134.1521,-2.1755],[134.1555,-2.0395],[134.0871,-1.6828],[134.2072,-1.5735],[134.282,-1.3502],[134.1275,-1.1484],[134.0361,-0.9578],[134.1008,-0.8126],[133.9772,-0.7232],[133.7454,-0.7507],[133.3916,-0.7232],[133.1548,-0.532],[132.9053,-0.4532],[132.7092,-0.36],[132.4372,-0.3471],[132.27,-0.3845],[132.0996,-0.4699],[131.8843,-0.6819],[131.5902,-0.7565],[131.4883,-0.7468],[131.243,-0.8194],[131.2915,-0.915],[131.2542,-1.0803],[131.1817,-1.2172],[131.03,-1.2756],[131.0036,-1.4562],[131.1263,-1.4533],[131.2057,-1.5236],[131.3237,-1.4692],[131.5731,-1.4802],[131.8215,-1.5982],[131.9273,-1.7062],[131.9729,-1.9646],[132.0734,-2.1052],[132.2145,-2.1658],[132.3479,-2.2701],[132.5604,-2.1856],[132.6987,-2.3054],[132.8159,-2.245],[132.9436,-2.2834],[133.2962,-2.2042],[133.5486,-2.245],[133.9404,-2.1076],[133.863,-2.218],[133.95,-2.2929],[133.9209,-2.3876],[133.735,-2.5168],[133.6067,-2.5325],[133.3206,-2.4919],[133.2585,-2.4164],[133.0335,-2.4794],[132.8353,-2.736],[132.7366,-2.81],[132.5857,-2.7175],[132.2019,-2.6764],[132.035,-2.7936],[131.9969,-2.9148],[132.0755,-2.9577],[132.1883,-2.9167],[132.3257,-2.9465],[132.5531,-3.107],[132.603,-3.2419],[132.6921,-3.3381],[132.8117,-3.2817],[132.8319,-3.461],[132.9318,-3.5541],[132.8811,-3.6428],[132.7561,-3.6275],[132.7918,-3.9272],[132.9077,-4.0881],[133.2694,-4.052],[133.4556,-3.8469],[133.4089,-3.7224],[133.5862,-3.5666],[133.8436,-3.6384],[133.959,-3.8376],[134.1731,-3.7879],[134.1912,-3.9435],[134.3153,-4.0203],[134.4304,-3.9078],[134.5326,-4.0221],[134.6922,-3.9148],[134.6581,-4.1334],[134.8235,-4.2594],[135.1856,-4.4489],[135.4295,-4.4304],[135.7246,-4.4953],[135.9705,-4.5196],[136.0358,-4.586],[136.2673,-4.6762],[136.3555,-4.6774],[136.8221,-4.9283],[136.9539,-4.9228],[137.2671,-4.9994],[137.5798,-5.1819],[137.7063,-5.2219],[137.8218,-5.3629],[137.9146,-5.3869],[138.0598,-5.5753],[138.0711,-5.7286],[138.2708,-5.887],[138.3655,-6.0917],[138.3904,-6.2337],[138.4661,-6.4021],[138.6776,-6.603],[138.6729,-6.6949],[138.8224,-6.8061],[138.7398,-6.8971],[138.572,-6.9425],[138.762,-7.1139],[138.6882,-7.1926],[138.8861,-7.3609],[138.958,-7.5073],[139.093,-7.56],[139.0072,-7.7543],[138.994,-7.8655],[138.911,-7.9225],[138.9058,-8.0436],[138.9212,-8.0795],[138.8587,-8.1013],[138.8386,-8.1384],[138.9144,-8.2921],[139.0895,-8.1336],[139.2012,-8.0956],[139.3567,-8.1994],[139.515,-8.1789],[139.6305,-8.1249],[139.9324,-8.1086],[140.0319,-8.2464],[140.2516,-8.4089],[140.5075,-8.6381],[140.6216,-8.8067],[140.8569,-9.0491],[140.977,-9.1061],[140.9769,-7.9621],[140.9772,-6.8966],[140.916,-6.8627],[140.8492,-6.7028],[140.8593,-6.6084],[140.9435,-6.5075],[140.9769,-6.3351],[140.9769,-5.6212],[140.9758,-4.5959],[140.9735,-3.8],[140.9745,-2.6005]]],[[[117.6643,-8.1481],[117.4939,-8.1762],[117.4856,-8.343],[117.5666,-8.3639],[117.6643,-8.1481]]],[[[134.6078,-6.4215],[134.4378,-6.2851],[134.3584,-6.3795],[134.4639,-6.4249],[134.5116,-6.5136],[134.6078,-6.4215]]],[[[109.906,-7.8377],[110.0342,-7.8847],[110.4767,-8.1119],[110.9982,-8.2502],[111.1712,-8.2826],[111.2842,-8.2512],[111.4421,-8.2761],[111.6734,-8.3679],[111.792,-8.2565],[111.9273,-8.3025],[112.3662,-8.342],[112.6727,-8.447],[112.8338,-8.3757],[112.9027,-8.404],[112.9873,-8.3235],[113.1979,-8.2773],[113.346,-8.3242],[113.4136,-8.3902],[113.6405,-8.4586],[113.7239,-8.5283],[114.197,-8.6456],[114.3026,-8.6119],[114.3889,-8.7481],[114.5972,-8.7756],[114.5891,-8.6642],[114.4612,-8.6183],[114.3587,-8.4091],[114.4468,-8.0143],[114.4673,-7.831],[114.2586,-7.7004],[114.1404,-7.7009],[114.0161,-7.6181],[113.8039,-7.7218],[113.5286,-7.7004],[113.2993,-7.7885],[113.1327,-7.7278],[113.0371,-7.655],[112.8449,-7.5929],[112.7615,-7.5312],[112.8233,-7.2626],[112.7007,-7.2547],[112.5828,-6.9899],[112.5007,-6.9108],[112.3635,-6.8705],[112.1929,-6.9046],[112.0679,-6.8936],[111.9762,-6.7848],[111.7404,-6.7817],[111.6101,-6.665],[111.4934,-6.6235],[111.4287,-6.6992],[111.1569,-6.6921],[111.0518,-6.4567],[110.9248,-6.4037],[110.7305,-6.457],[110.5715,-6.8362],[110.4724,-6.9464],[110.3557,-6.9729],[110.198,-6.8909],[109.8963,-6.9182],[109.7256,-6.8631],[109.532,-6.8351],[109.3519,-6.8757],[109.1428,-6.8562],[109.0013,-6.7892],[108.923,-6.8447],[108.835,-6.7879],[108.7488,-6.8122],[108.6055,-6.7617],[108.5396,-6.4869],[108.3722,-6.3404],[108.3603,-6.2464],[108.2164,-6.238],[108.0937,-6.3268],[107.8108,-6.1893],[107.6782,-6.238],[107.4703,-6.1454],[107.3541,-5.976],[107.1501,-5.9731],[107.0444,-5.9143],[106.9935,-6.0785],[106.7932,-6.1041],[106.7209,-6.0309],[106.4954,-6.0348],[106.2565,-5.9416],[106.176,-6.0139],[106.0527,-5.881],[105.8879,-6.0706],[105.8324,-6.2287],[105.8241,-6.4346],[105.4536,-6.8088],[105.3638,-6.665],[105.3108,-6.8104],[105.5552,-6.8557],[105.7747,-6.8502],[105.9596,-6.8176],[106.053,-6.8368],[106.2834,-6.9833],[106.5371,-6.983],[106.5405,-7.0546],[106.3984,-7.2078],[106.3754,-7.3102],[106.5227,-7.411],[107.107,-7.4564],[107.4114,-7.4959],[107.591,-7.5704],[107.6865,-7.6621],[107.9535,-7.7399],[108.3268,-7.8175],[108.4537,-7.8185],[108.5396,-7.6923],[108.8897,-7.6786],[109.0144,-7.7326],[109.0981,-7.6869],[109.3688,-7.7135],[109.4263,-7.7742],[109.6567,-7.7817],[109.906,-7.8377]]],[[[119.8465,-0.8746],[119.7352,-0.641],[119.6821,-0.7369],[119.5374,-0.85],[119.4531,-1.0964],[119.3284,-1.2145],[119.2986,-1.3879],[119.3333,-1.5735],[119.3084,-1.6949],[119.3652,-1.8277],[119.354,-1.9347],[119.2161,-2.0099],[119.134,-2.2035],[119.1414,-2.442],[118.9144,-2.6484],[118.8228,-2.6213],[118.7573,-2.7758],[118.7717,-2.8621],[118.8806,-2.861],[118.8533,-3.0534],[118.7642,-3.0909],[118.8525,-3.2956],[118.8399,-3.3481],[118.9268,-3.5661],[119.027,-3.5097],[119.209,-3.4898],[119.2976,-3.4279],[119.4976,-3.4953],[119.4567,-3.7145],[119.5852,-3.9703],[119.6306,-3.9719],[119.6001,-4.2424],[119.6268,-4.3145],[119.5911,-4.5641],[119.4912,-4.7541],[119.5252,-4.8831],[119.46,-5.0735],[119.3799,-5.1917],[119.3528,-5.3556],[119.4375,-5.5217],[119.648,-5.6788],[119.8057,-5.6925],[119.9149,-5.5689],[120.1004,-5.5956],[120.3233,-5.5095],[120.4593,-5.602],[120.3811,-5.3373],[120.2643,-5.15],[120.3094,-4.8713],[120.3866,-4.8293],[120.4441,-4.6266],[120.4021,-4.5745],[120.3814,-4.1673],[120.3535,-3.9308],[120.4465,-3.7287],[120.3953,-3.3823],[120.4216,-3.2675],[120.2853,-3.1625],[120.2316,-2.9504],[120.543,-2.7472],[120.5845,-2.6821],[120.7761,-2.6149],[121.0059,-2.6608],[121.0669,-2.7522],[121.0804,-2.9776],[121.0667,-3.1938],[120.979,-3.267],[120.8703,-3.4457],[120.8938,-3.5392],[121.1603,-3.7962],[121.2402,-3.8079],[121.3543,-3.9684],[121.5552,-4.0214],[121.6277,-4.0871],[121.5363,-4.2306],[121.4846,-4.6564],[121.5542,-4.7437],[121.7044,-4.8352],[121.8233,-4.8131],[121.9917,-4.8557],[122.1078,-4.7936],[122.043,-4.7078],[122.1078,-4.52],[122.4304,-4.4169],[122.5991,-4.3967],[122.6823,-4.4804],[122.7688,-4.4784],[122.9002,-4.3888],[122.9071,-4.196],[122.8164,-4.1373],[122.6751,-4.1227],[122.6244,-3.9524],[122.4414,-3.7311],[122.2505,-3.6562],[122.2005,-3.5566],[122.2922,-3.4509],[122.2517,-3.3761],[122.3859,-3.132],[122.2796,-3.0396],[122.3125,-2.9269],[122.0156,-2.6935],[122.0191,-2.615],[121.8229,-2.2873],[121.7009,-2.1804],[121.555,-2.134],[121.5353,-2.0588],[121.327,-1.919],[121.3119,-1.7829],[121.4409,-1.8136],[121.54,-1.9234],[121.6921,-1.9081],[121.7986,-1.718],[122.0365,-1.6139],[122.1839,-1.6142],[122.3688,-1.4928],[122.6483,-1.1594],[122.721,-1.1091],[122.8117,-0.9241],[123.0608,-0.8805],[123.2388,-1.0248],[123.3833,-1.0037],[123.4544,-0.7582],[123.4035,-0.6427],[123.2395,-0.5705],[123.0759,-0.5564],[123.0264,-0.5997],[122.823,-0.6122],[122.9124,-0.7629],[122.7165,-0.7924],[122.6125,-0.7522],[122.2077,-0.7647],[122.1053,-0.9262],[121.926,-0.9553],[121.7142,-0.9355],[121.6597,-0.8126],[121.5007,-0.8593],[121.2668,-1.1486],[121.1971,-1.2029],[121.167,-1.3229],[121.0733,-1.4213],[120.8899,-1.3953],[120.8039,-1.3429],[120.676,-1.3947],[120.5654,-1.2155],[120.5824,-1.1052],[120.4124,-0.905],[120.3255,-0.9387],[120.2439,-0.8876],[120.0892,-0.6573],[119.9956,-0.2092],[120.023,-0.071],[120.0842,0.0063],[120.1284,0.1811],[120.3753,0.4777],[120.5027,0.5289],[120.6795,0.5306],[120.8924,0.4233],[120.987,0.447],[121.1192,0.4114],[121.1638,0.4575],[121.5078,0.4868],[121.5283,0.5374],[121.6901,0.5238],[121.8005,0.4265],[122.3244,0.4971],[122.6081,0.4809],[122.9779,0.4828],[123.0742,0.5163],[123.2388,0.3245],[123.5711,0.3036],[123.6325,0.2665],[123.7458,0.3109],[124.3218,0.3989],[124.5034,0.534],[124.6638,0.8056],[124.8987,0.973],[125.0337,1.1754],[125.1443,1.4213],[125.2492,1.4847],[125.1678,1.5848],[125.1799,1.6674],[124.9729,1.723],[124.8369,1.5889],[124.8504,1.4897],[124.6917,1.4014],[124.5484,1.3598],[124.5938,1.1959],[124.3894,1.1861],[124.315,1.0377],[123.9479,0.8389],[123.563,0.8669],[123.3687,0.9274],[123.0957,0.9289],[122.968,0.9626],[122.8489,0.818],[122.6238,0.9664],[122.4541,1.0207],[122.2354,1.0098],[122.0877,1.0616],[121.9702,1.0295],[121.9261,1.0987],[121.6309,1.062],[121.4807,1.1209],[121.43,1.233],[121.2649,1.2296],[121.1587,1.3028],[120.9673,1.3462],[120.8208,1.31],[120.8032,1.0684],[120.6834,0.9919],[120.5681,0.7821],[120.3403,0.8724],[120.0628,0.7429],[120.0248,0.6672],[120.0322,0.5163],[119.9118,0.4737],[119.794,0.1966],[119.8882,0.0713],[119.8259,-0.0899],[119.6753,0.0303],[119.6387,-0.0509],[119.792,-0.1068],[119.7578,-0.4699],[119.854,-0.7164],[119.8465,-0.8746]]],[[[100.9473,1.8254],[100.8557,1.9992],[100.6662,2.1345],[100.561,2.1568],[100.3817,2.355],[100.3084,2.5695],[100.2034,2.7099],[100.1311,2.6819],[100.0186,2.7317],[99.9795,2.9485],[99.7816,3.1208],[99.7507,3.1805],[99.5894,3.228],[99.4898,3.3362],[99.1798,3.5463],[98.9575,3.6713],[98.7966,3.7254],[98.7106,3.8038],[98.6766,3.9145],[98.4772,4.0462],[98.3057,4.0803],[98.263,4.1773],[98.2756,4.4254],[98.2057,4.498],[98.054,4.5532],[97.9092,4.8896],[97.6644,5.0734],[97.4968,5.2519],[97.2684,5.1551],[96.9734,5.2734],[96.8284,5.2802],[96.6506,5.2163],[96.3622,5.2255],[96.1262,5.2818],[95.9304,5.4145],[95.8875,5.5122],[95.6116,5.6267],[95.5112,5.603],[95.4129,5.6496],[95.1973,5.5464],[95.2517,5.3956],[95.199,5.2929],[95.2913,5.1916],[95.4263,4.8273],[95.5609,4.6457],[95.6165,4.6284],[96.01,4.2257],[96.1909,4.126],[96.4303,3.8253],[96.5598,3.7466],[96.7605,3.7487],[96.8836,3.6824],[97.0186,3.5227],[97.1826,3.246],[97.2708,3.2144],[97.332,3.0314],[97.4221,2.9284],[97.6027,2.8662],[97.6441,2.6689],[97.6582,2.4116],[97.7444,2.2811],[97.9836,2.2444],[98.1526,2.1569],[98.3545,2.0038],[98.5352,1.9365],[98.6582,1.7639],[98.7601,1.7641],[98.8189,1.6197],[98.7302,1.5144],[98.9173,1.1172],[98.9812,0.8317],[99.0418,0.777],[99.0899,0.622],[99.1393,0.2737],[99.2442,0.216],[99.3162,0.2426],[99.4082,0.1639],[99.6109,0.0986],[99.7472,-0.0298],[99.7595,-0.1684],[99.8138,-0.2946],[100.0013,-0.4563],[100.1597,-0.6679],[100.3014,-0.8163],[100.353,-0.9771],[100.4129,-1.0392],[100.3661,-1.1505],[100.406,-1.2644],[100.5692,-1.3308],[100.5706,-1.4426],[100.7839,-1.8155],[100.8576,-1.8919],[100.8872,-2.0372],[100.8316,-2.1413],[100.9231,-2.3334],[101.1048,-2.5871],[101.327,-2.7392],[101.419,-2.9273],[101.6375,-3.2507],[102.0657,-3.5505],[102.2222,-3.6428],[102.3045,-3.8451],[102.3125,-3.9915],[102.7012,-4.2704],[102.8763,-4.4206],[102.9204,-4.4926],[103.1729,-4.6179],[103.3934,-4.8141],[103.4146,-4.8693],[103.7054,-4.955],[103.9134,-5.1393],[103.9014,-5.2185],[104.1109,-5.4462],[104.258,-5.5398],[104.2977,-5.6433],[104.5418,-5.8419],[104.5613,-5.9283],[104.6991,-5.9304],[104.6887,-5.8079],[104.5332,-5.5598],[104.6228,-5.4907],[104.7908,-5.6095],[105.1184,-5.7822],[105.1992,-5.6789],[105.2505,-5.4591],[105.3107,-5.466],[105.4836,-5.6589],[105.5453,-5.6576],[105.6021,-5.8098],[105.7826,-5.8285],[105.8296,-5.6547],[105.8333,-5.3832],[105.8645,-5.2555],[105.8674,-5.0413],[105.9097,-4.9431],[105.8724,-4.8486],[105.9063,-4.4693],[105.8128,-4.2387],[105.8701,-4.0042],[105.9525,-3.8338],[105.8196,-3.6725],[105.929,-3.3654],[106.0632,-3.2667],[106.054,-3.047],[106.0156,-2.9695],[105.8792,-2.9511],[105.7918,-2.8621],[105.7781,-2.6901],[105.6731,-2.663],[105.6084,-2.5523],[105.6238,-2.4018],[105.2022,-2.3474],[105.1167,-2.3805],[104.8833,-2.2849],[104.8743,-2.08],[104.7726,-1.9977],[104.6638,-2.0313],[104.5645,-1.8577],[104.4544,-1.531],[104.445,-1.3046],[104.3772,-1.0317],[104.2124,-1.0733],[103.9558,-0.977],[103.8391,-1.0328],[103.6504,-0.943],[103.4631,-0.7577],[103.376,-0.7268],[103.418,-0.5178],[103.5733,-0.4754],[103.4822,-0.3737],[103.4006,-0.3845],[103.4946,-0.2536],[103.4668,-0.183],[103.4944,-0.1184],[103.6712,-0.0174],[103.7915,-0.0125],[103.76,0.2395],[103.7112,0.3115],[103.3622,0.5363],[103.2236,0.4884],[102.9027,0.2678],[102.7157,0.2576],[103.0747,0.4423],[103.0563,0.5583],[102.8771,0.7264],[102.5519,0.7381],[102.4251,0.8043],[102.2401,0.9821],[102.201,1.1817],[102.1182,1.3865],[102.0215,1.4379],[101.7786,1.6443],[101.5916,1.6547],[101.427,1.7093],[101.3776,1.7733],[101.3,2.0466],[101.0674,2.2198],[101.0503,2.2915],[100.9079,2.2995],[100.8128,2.2498],[100.8032,2.1618],[100.8855,2.0363],[100.9473,1.8254]]],[[[120.7925,-9.9609],[120.6697,-9.8852],[120.5803,-9.735],[120.4363,-9.6313],[120.3303,-9.6694],[120.2534,-9.6139],[120.2439,-9.509],[120.071,-9.441],[119.946,-9.2883],[119.8213,-9.3786],[119.6292,-9.3419],[119.1687,-9.3855],[119.0247,-9.4377],[118.9416,-9.5705],[119.0374,-9.6759],[119.1771,-9.7414],[119.4061,-9.7901],[119.4773,-9.7486],[119.6741,-9.8002],[119.6971,-9.8526],[119.9763,-9.9924],[120.1556,-10.221],[120.3916,-10.2631],[120.45,-10.3103],[120.5661,-10.2278],[120.7112,-10.2067],[120.8267,-10.0912],[120.7925,-9.9609]]],[[[119.5593,-8.5182],[119.427,-8.4881],[119.3782,-8.574],[119.4426,-8.6791],[119.5593,-8.5182]]],[[[123.3486,-8.2688],[123.2373,-8.2341],[123.0365,-8.3323],[123.041,-8.4108],[123.3211,-8.3849],[123.3486,-8.2688]]],[[[116.6333,-8.2751],[116.3762,-8.2018],[116.2697,-8.2477],[116.0279,-8.445],[116.0726,-8.5778],[116.0603,-8.7139],[115.8286,-8.7918],[116.0021,-8.8989],[116.0686,-8.8557],[116.2048,-8.92],[116.5654,-8.8956],[116.5004,-8.8027],[116.681,-8.5563],[116.7432,-8.3918],[116.6333,-8.2751]]],[[[119.2036,-8.6109],[119.0757,-8.652],[119.0511,-8.4705],[118.9883,-8.309],[118.8127,-8.2956],[118.6958,-8.3713],[118.6475,-8.2888],[118.4436,-8.2579],[118.3652,-8.3447],[118.2439,-8.3287],[118.1152,-8.1139],[117.8953,-8.09],[117.7295,-8.1589],[117.7063,-8.2297],[117.8225,-8.3542],[118.0032,-8.4737],[118.0575,-8.4506],[118.2909,-8.6059],[118.1919,-8.6588],[118.0681,-8.6559],[117.969,-8.7481],[117.8052,-8.72],[117.7717,-8.6041],[117.6491,-8.5519],[117.5581,-8.4055],[117.3532,-8.4467],[117.1951,-8.3576],[116.9845,-8.4958],[116.7901,-8.5837],[116.7485,-8.6665],[116.8213,-8.7873],[116.7352,-8.8734],[116.763,-9.0156],[117.0097,-9.1073],[117.1268,-9.0912],[117.2261,-9.0238],[117.3341,-9.0594],[117.5581,-9.0019],[117.7378,-8.9098],[117.8905,-8.9368],[118.0789,-8.8443],[118.1577,-8.8679],[118.2993,-8.7579],[118.465,-8.865],[118.7466,-8.7763],[118.7651,-8.7109],[118.8984,-8.6884],[118.9915,-8.7551],[119.1516,-8.7424],[119.2036,-8.6109]]],[[[123.0264,-8.2888],[122.9797,-8.1469],[122.8626,-8.0698],[122.7957,-8.11],[122.7581,-8.361],[122.5982,-8.3952],[122.4942,-8.475],[122.5007,-8.5763],[122.2884,-8.6339],[122.0256,-8.4998],[121.8347,-8.4737],[121.6804,-8.5113],[121.5095,-8.6021],[121.3805,-8.5722],[121.2905,-8.4775],[121.0309,-8.3927],[120.9761,-8.3375],[120.7446,-8.3298],[120.6546,-8.2617],[120.277,-8.2692],[120.1089,-8.3919],[119.9194,-8.4612],[119.8037,-8.5968],[119.824,-8.7804],[119.9758,-8.8139],[120.131,-8.7708],[120.2439,-8.8232],[120.5939,-8.7958],[120.7642,-8.8655],[120.8332,-8.817],[120.9229,-8.9262],[121.0669,-8.9405],[121.1653,-8.8951],[121.3406,-8.9181],[121.396,-8.7941],[121.7937,-8.884],[122.1145,-8.7324],[122.4079,-8.7415],[122.5654,-8.6691],[122.8074,-8.6109],[122.8074,-8.4867],[122.9046,-8.447],[122.9041,-8.3634],[123.0264,-8.2888]]],[[[115.6192,-8.2888],[115.5025,-8.1726],[115.2155,-8.0595],[115.1359,-8.0728],[115.0226,-8.1726],[114.8576,-8.1931],[114.6914,-8.135],[114.4479,-8.1218],[114.4684,-8.2185],[114.639,-8.3986],[114.7966,-8.4055],[114.927,-8.4675],[115.1561,-8.662],[115.2539,-8.7146],[115.3226,-8.6238],[115.6048,-8.5011],[115.7142,-8.3752],[115.6192,-8.2888]]],[[[102.4065,-5.4037],[102.172,-5.2804],[102.0986,-5.3349],[102.2979,-5.4728],[102.4065,-5.4037]]],[[[116.3037,-3.718],[116.263,-3.4055],[116.2678,-3.2188],[116.1262,-3.3186],[116.0525,-3.4787],[116.013,-3.6505],[116.0745,-3.8009],[116.0574,-4.0407],[116.1156,-4.0367],[116.308,-3.8786],[116.3037,-3.718]]],[[[100.3986,-3.1835],[100.4729,-3.1139],[100.4675,-3.0153],[100.2554,-2.7914],[100.1891,-2.7912],[100.1895,-2.9666],[100.3986,-3.1835]]],[[[100.2068,-2.6935],[99.9841,-2.4846],[100.0078,-2.8195],[100.1385,-2.8205],[100.2068,-2.6935]]],[[[99.8233,-2.2929],[99.6943,-2.0678],[99.594,-2.0148],[99.5313,-2.1559],[99.7134,-2.3134],[99.8233,-2.2929]]],[[[108.9642,-1.5734],[108.8071,-1.565],[108.8312,-1.6623],[108.9642,-1.5734]]],[[[109.7598,-1.1039],[109.7046,-0.9838],[109.4523,-1.004],[109.4172,-1.2545],[109.4787,-1.2985],[109.6983,-1.1905],[109.7598,-1.1039]]],[[[99.2744,-1.6349],[99.2097,-1.5729],[99.1167,-1.3666],[98.8828,-0.9132],[98.6582,-0.9635],[98.5938,-1.1984],[98.8117,-1.529],[98.8848,-1.6794],[99.1006,-1.7994],[99.2442,-1.779],[99.2744,-1.6349]]],[[[98.502,-0.4605],[98.4512,-0.2584],[98.3689,-0.3492],[98.3167,-0.5351],[98.3903,-0.5771],[98.502,-0.4605]]],[[[103.2936,0.6254],[103.2118,0.7082],[103.1367,0.5739],[103.2808,0.538],[103.2936,0.6254]]],[[[103.489,0.777],[103.4009,0.8801],[103.3456,0.7634],[103.4157,0.6574],[103.489,0.777]]],[[[103.0487,0.797],[103.0217,0.8453],[102.7638,1.0112],[102.6637,0.9961],[102.5564,1.1257],[102.4699,1.0674],[102.5017,0.9729],[102.4065,0.8732],[102.5579,0.7803],[102.8522,0.7982],[103.0073,0.6938],[103.0487,0.797]]],[[[103.1265,0.9279],[103.0371,1.0446],[102.8018,1.1633],[102.7156,1.1544],[102.6372,1.041],[102.7907,1.0315],[103.0863,0.841],[103.1265,0.9279]]],[[[104.1463,1.1605],[104.0414,1.1814],[103.9026,1.0905],[104.0492,0.9842],[104.1311,1.0488],[104.1463,1.1605]]],[[[104.6546,1.0964],[104.3997,1.2026],[104.2319,1.0933],[104.3154,1.0036],[104.4525,1.0582],[104.4834,0.859],[104.5999,0.835],[104.6616,0.9372],[104.6546,1.0964]]],[[[102.4734,1.242],[102.2909,1.4045],[102.201,1.2978],[102.2329,1.0995],[102.3338,0.9637],[102.4649,0.9634],[102.4474,1.1005],[102.4734,1.242]]],[[[102.4959,1.3636],[102.4905,1.4897],[102.349,1.5546],[102.0044,1.5857],[102.1345,1.4557],[102.3303,1.4133],[102.4347,1.2991],[102.4959,1.3636]]],[[[101.7212,2.0581],[101.6493,2.1285],[101.531,2.0565],[101.4409,2.0649],[101.3938,1.9306],[101.4601,1.7655],[101.5773,1.7093],[101.7151,1.7782],[101.7756,1.948],[101.7212,2.0581]]],[[[96.4795,2.415],[96.4441,2.4904],[96.2461,2.6],[96.0905,2.7578],[95.9817,2.7904],[95.884,2.919],[95.7732,2.905],[95.698,2.7788],[95.9314,2.5956],[96.0657,2.5794],[96.3076,2.3741],[96.4114,2.3438],[96.4795,2.415]]],[[[117.6253,3.4377],[117.5718,3.3131],[117.6673,3.2716],[117.6817,3.4155],[117.6253,3.4377]]],[[[117.5173,3.477],[117.3937,3.5664],[117.2684,3.5929],[117.2549,3.5071],[117.5173,3.477]]],[[[108.3962,3.8748],[108.3914,3.997],[108.1703,4.1794],[107.9846,4.012],[108.0623,3.8559],[108.1803,3.8168],[108.0945,3.6962],[108.1745,3.6519],[108.3176,3.6838],[108.3962,3.8748]]],[[[123.3901,-10.5915],[123.3355,-10.4903],[123.2251,-10.5436],[123.0492,-10.7114],[122.8125,-10.7784],[122.8418,-10.9211],[123.2092,-10.8131],[123.3901,-10.5915]]],[[[121.9402,-10.4301],[121.8613,-10.4406],[121.7321,-10.5973],[121.8597,-10.6041],[121.9909,-10.5216],[121.9402,-10.4301]]],[[[123.4658,-10.1498],[123.32,-10.2678],[123.3901,-10.3308],[123.495,-10.1982],[123.4658,-10.1498]]],[[[123.928,-8.2273],[123.7982,-8.1799],[123.6433,-8.2751],[123.3576,-8.4113],[123.3244,-8.5346],[123.3994,-8.586],[123.7289,-8.3933],[123.7754,-8.3058],[123.928,-8.2273]]],[[[124.3081,-8.2205],[124.2581,-8.1821],[124.0972,-8.3772],[123.9851,-8.3383],[124.085,-8.5563],[124.1648,-8.5283],[124.3,-8.3193],[124.3081,-8.2205]]],[[[138.8973,-8.3372],[138.8314,-8.1856],[138.6888,-8.1813],[138.5642,-8.3073],[138.5584,-8.3666],[138.8941,-8.4055],[138.8973,-8.3372]]],[[[125.134,-8.2171],[125.0925,-8.1616],[124.665,-8.1697],[124.5687,-8.131],[124.4507,-8.149],[124.4105,-8.3061],[124.3335,-8.413],[124.4182,-8.4646],[124.6502,-8.4055],[124.7661,-8.4085],[125.1233,-8.3523],[125.134,-8.2171]]],[[[128.0906,-8.131],[127.8325,-8.0986],[127.8021,-8.1762],[127.9942,-8.2519],[128.0906,-8.131]]],[[[129.8412,-7.8779],[129.7249,-7.796],[129.5876,-7.8356],[129.5942,-7.924],[129.6939,-8.0383],[129.7764,-8.0554],[129.8412,-7.8779]]],[[[126.8368,-7.7263],[126.7217,-7.6681],[126.6314,-7.5654],[126.5038,-7.5904],[126.3284,-7.6957],[126.2031,-7.7135],[125.9479,-7.6783],[125.8084,-7.8642],[125.9251,-7.9119],[126.075,-7.8839],[126.1898,-7.9235],[126.4219,-7.9325],[126.5593,-7.8199],[126.8368,-7.7263]]],[[[138.939,-7.5421],[138.8045,-7.3742],[138.6209,-7.3647],[138.2442,-7.4565],[138.0281,-7.61],[137.8949,-7.8162],[137.8005,-8.0417],[137.759,-8.0734],[137.637,-8.3894],[137.6771,-8.426],[137.8491,-8.3775],[138.178,-8.3849],[138.2935,-8.4187],[138.4442,-8.3791],[138.6025,-8.2547],[138.6609,-8.169],[138.8182,-8.0932],[138.9041,-8.0759],[138.8838,-7.9325],[138.9827,-7.8298],[139.0464,-7.5619],[138.939,-7.5421]]],[[[131.6986,-7.2267],[131.6375,-7.1091],[131.5288,-7.1701],[131.347,-7.4382],[131.2547,-7.4723],[131.1196,-7.7338],[131.0857,-7.8718],[131.1162,-8.0007],[131.2297,-8.0035],[131.3609,-7.9474],[131.3899,-7.8471],[131.5584,-7.7066],[131.6433,-7.5991],[131.6992,-7.414],[131.6428,-7.2548],[131.6986,-7.2267]]],[[[114.0457,-6.9146],[113.9237,-6.8648],[113.5262,-6.8963],[113.4456,-6.8824],[112.9153,-6.8917],[112.6926,-7.0585],[112.7425,-7.1614],[113.1279,-7.2311],[113.2691,-7.2175],[113.549,-7.2338],[113.6652,-7.11],[113.8325,-7.132],[113.91,-7.0481],[114.0967,-6.9829],[114.0457,-6.9146]]],[[[134.4844,-6.5756],[134.45,-6.4413],[134.3494,-6.3998],[134.2946,-6.2978],[134.1238,-6.1716],[134.1275,-6.3253],[134.0734,-6.8268],[134.1851,-6.9186],[134.3107,-6.8595],[134.4844,-6.5756]]],[[[120.5462,-5.9382],[120.4483,-5.8439],[120.45,-6.1408],[120.553,-6.1101],[120.5462,-5.9382]]],[[[132.802,-5.7874],[132.6834,-5.7491],[132.6678,-5.8881],[132.7415,-5.9504],[132.802,-5.7874]]],[[[134.7581,-6.1579],[134.7239,-5.9177],[134.7649,-5.8904],[134.6965,-5.5341],[134.5812,-5.4242],[134.4912,-5.4482],[134.3518,-5.7145],[134.3604,-5.8495],[134.2759,-6.0836],[134.3335,-6.2214],[134.6078,-6.3696],[134.7018,-6.3219],[134.7581,-6.1579]]],[[[133.1843,-5.3103],[133.1101,-5.311],[133.023,-5.5485],[133.1133,-5.5956],[133.1843,-5.3103]]],[[[122.0674,-5.215],[121.9827,-5.079],[121.8539,-5.1021],[121.8068,-5.2599],[121.9683,-5.468],[122.053,-5.4323],[122.0674,-5.215]]],[[[122.78,-4.9166],[122.7355,-4.6437],[122.657,-4.6243],[122.4988,-4.7254],[122.405,-4.7379],[122.3275,-4.8352],[122.4026,-5.0618],[122.3418,-5.109],[122.2752,-5.3276],[122.4072,-5.3532],[122.5435,-5.4288],[122.6554,-5.3225],[122.6065,-5.2358],[122.6434,-5.0788],[122.78,-4.9166]]],[[[123.1499,-5.225],[122.9836,-5.0878],[123.0464,-4.7529],[123.1499,-4.718],[123.2044,-4.6117],[123.1478,-4.5085],[123.0195,-4.3902],[122.9089,-4.4745],[122.848,-4.6489],[122.855,-4.8178],[122.7634,-5.2079],[122.5671,-5.5069],[122.6384,-5.6622],[122.7223,-5.6277],[122.8276,-5.6762],[122.9775,-5.3942],[123.0656,-5.4184],[123.2131,-5.3017],[123.1499,-5.225]]],[[[123.2044,-3.9929],[123.0156,-3.9811],[122.9779,-4.1288],[123.0866,-4.2345],[123.1693,-4.2211],[123.2534,-4.0898],[123.2044,-3.9929]]],[[[128.3308,-3.5119],[128.1587,-3.5846],[128.0345,-3.589],[127.9164,-3.6939],[128.1271,-3.7494],[128.2365,-3.7223],[128.3372,-3.6116],[128.3308,-3.5119]]],[[[127.2409,-3.471],[127.2598,-3.3712],[127.0462,-3.3054],[127.0935,-3.2008],[126.7202,-3.0602],[126.4214,-3.0705],[126.1851,-3.1809],[126.0909,-3.1121],[125.9917,-3.2482],[126.0526,-3.4463],[126.1736,-3.6025],[126.5893,-3.8166],[126.7422,-3.8594],[127.2434,-3.6061],[127.2409,-3.471]]],[[[106.9089,-2.9298],[106.8125,-2.8922],[106.7227,-2.9661],[106.8612,-3.029],[106.9089,-2.9298]]],[[[130.8732,-3.574],[130.7615,-3.4059],[130.6667,-3.4036],[130.5785,-3.1228],[130.345,-2.9776],[130.0466,-2.9921],[129.6118,-2.8068],[129.4435,-2.7849],[129.3584,-2.8562],[129.1218,-2.9577],[129.0529,-2.8045],[128.8652,-2.8621],[128.5159,-2.8342],[128.1755,-2.857],[128.1063,-2.9755],[127.8753,-3.2088],[127.9302,-3.3233],[128.0222,-3.3686],[128.0666,-3.197],[128.2821,-3.2209],[128.3992,-3.4101],[128.4841,-3.4625],[128.6776,-3.4323],[128.6926,-3.3487],[128.8775,-3.2026],[128.9529,-3.2204],[128.9608,-3.3556],[129.1135,-3.3488],[129.4856,-3.4635],[129.5632,-3.4396],[129.5449,-3.2978],[129.8905,-3.3331],[129.9832,-3.4597],[130.1265,-3.533],[130.4188,-3.6369],[130.6069,-3.7785],[130.8179,-3.8688],[130.8732,-3.574]]],[[[108.2937,-2.8484],[108.1978,-2.6782],[108.0666,-2.5945],[107.7891,-2.5538],[107.6703,-2.5615],[107.6426,-2.7485],[107.5942,-2.7863],[107.5811,-3.0107],[107.6404,-3.1217],[107.7531,-3.1985],[107.8884,-3.0875],[107.9661,-3.151],[108.1877,-3.1369],[108.2044,-3.0055],[108.2937,-2.8484]]],[[[126.0691,-2.3845],[125.9772,-2.1804],[125.9988,-2.0152],[125.8626,-2.0866],[125.9461,-2.2717],[125.966,-2.4021],[126.0691,-2.3845]]],[[[126.3291,-1.8193],[125.9934,-1.7858],[125.7029,-1.8193],[125.4021,-1.7747],[125.438,-1.9325],[125.9802,-1.9018],[126.2721,-1.8673],[126.3291,-1.8193]]],[[[130.3865,-1.8883],[130.3518,-1.7414],[130.012,-1.7502],[129.7453,-1.8635],[129.7438,-1.9122],[129.9255,-2.0038],[130.1265,-2.067],[130.3735,-2.0128],[130.3865,-1.8883]]],[[[125.3148,-1.779],[125.1852,-1.7039],[125.023,-1.7231],[124.6328,-1.6311],[124.3849,-1.6679],[124.3314,-1.8269],[124.406,-2.0041],[124.5432,-2.0065],[124.8533,-1.8969],[125.0135,-1.9443],[125.11,-1.8951],[125.3216,-1.8644],[125.3148,-1.779]]],[[[136.8485,-1.7653],[136.7046,-1.7306],[136.3903,-1.7258],[136.1913,-1.6539],[135.8967,-1.648],[135.4636,-1.5895],[135.4839,-1.675],[135.718,-1.7033],[136.2732,-1.9094],[136.3377,-1.8609],[136.4539,-1.8951],[136.6449,-1.8764],[136.8485,-1.7653]]],[[[106.7691,-2.5603],[106.354,-2.463],[106.2642,-2.3513],[106.1626,-2.007],[106.1746,-1.8791],[106.0355,-1.6783],[106.0339,-1.5759],[105.8757,-1.4892],[105.72,-1.5242],[105.7576,-1.6452],[105.6517,-1.707],[105.611,-1.5402],[105.4596,-1.5629],[105.3499,-1.6487],[105.3757,-1.8219],[105.1543,-1.936],[105.1475,-2.08],[105.3064,-2.135],[105.6074,-2.1148],[105.7957,-2.1718],[105.8288,-2.3951],[105.9443,-2.4988],[105.9016,-2.6287],[105.9865,-2.8212],[106.094,-2.8406],[106.447,-2.9811],[106.5322,-3.1056],[106.7073,-3.0942],[106.7458,-3.0201],[106.613,-2.9426],[106.6748,-2.6998],[106.7691,-2.5603]]],[[[128.1452,-1.594],[127.8989,-1.4267],[127.6245,-1.3295],[127.4036,-1.4916],[127.3787,-1.6323],[127.5327,-1.7314],[127.7033,-1.6902],[127.9334,-1.6828],[128.0515,-1.7145],[128.1452,-1.594]]],[[[123.5031,-1.2644],[123.3522,-1.2292],[123.2554,-1.3771],[123.2017,-1.3073],[123.201,-1.1552],[122.8987,-1.1843],[122.8361,-1.274],[122.812,-1.4436],[122.874,-1.5846],[122.9932,-1.5092],[123.0946,-1.3464],[123.1848,-1.4856],[123.3268,-1.4212],[123.4084,-1.5165],[123.5286,-1.433],[123.5031,-1.2644]]],[[[134.9982,-1.0186],[134.8338,-0.9566],[134.8516,-1.1087],[134.9567,-1.1285],[134.9982,-1.0186]]],[[[131.0574,-1.0007],[131.0348,-0.9148],[130.9129,-0.8942],[130.6807,-0.9566],[130.7497,-1.2234],[130.8533,-1.3307],[130.9826,-1.3486],[131.0725,-1.0776],[131.0574,-1.0007]]],[[[130.9172,-0.7784],[130.7328,-0.8263],[130.6312,-0.8062],[130.5435,-0.9138],[130.8193,-0.8703],[130.9172,-0.7784]]],[[[136.3757,-1.0937],[136.1963,-1.0666],[136.0658,-0.8717],[135.8474,-0.6959],[135.7775,-0.7487],[135.6773,-0.6856],[135.3699,-0.6535],[135.6406,-0.8816],[135.781,-0.8727],[135.8283,-1.1078],[135.906,-1.1894],[135.9914,-1.1689],[136.1428,-1.2234],[136.2936,-1.1832],[136.3757,-1.0937]]],[[[127.2962,-0.7437],[127.214,-0.6154],[127.1555,-0.7724],[127.2962,-0.7437]]],[[[104.5485,-0.398],[104.4696,-0.3321],[104.3247,-0.3648],[104.2559,-0.4755],[104.3358,-0.5427],[104.522,-0.5966],[104.5916,-0.4836],[104.5485,-0.398]]],[[[127.8889,-0.7647],[127.7896,-0.6896],[127.6527,-0.7072],[127.6065,-0.6291],[127.6831,-0.4601],[127.5322,-0.3049],[127.4609,-0.4068],[127.3167,-0.3396],[127.303,-0.5109],[127.3986,-0.6202],[127.4699,-0.8185],[127.6257,-0.7524],[127.7488,-0.8853],[127.8889,-0.7647]]],[[[127.2346,-0.4904],[127.277,-0.3735],[127.2349,-0.2517],[127.1104,-0.2877],[127.1023,-0.4378],[127.2346,-0.4904]]],[[[103.7127,-0.2697],[103.5579,-0.2234],[103.4606,-0.3339],[103.6126,-0.3874],[103.7127,-0.2697]]],[[[131.2976,-0.2372],[131.2974,-0.1593],[131.1537,-0.0857],[130.8247,-0.0038],[130.4985,-0.0627],[130.3687,-0.1218],[130.3163,-0.2599],[130.4548,-0.2713],[130.6807,-0.3396],[130.7331,-0.4415],[130.8655,-0.4293],[130.811,-0.3185],[130.6262,-0.1257],[130.6956,-0.0795],[130.9517,-0.3464],[131.1577,-0.3329],[131.238,-0.3893],[131.2976,-0.2372]]],[[[104.929,-0.2372],[104.8489,-0.1396],[104.7663,-0.1882],[104.6204,-0.0042],[104.5251,-0.0077],[104.4945,-0.1357],[104.5414,-0.2713],[104.7355,-0.2145],[104.8513,-0.3012],[104.929,-0.2372]]],[[[97.9285,0.9961],[97.7922,1.144],[97.6936,1.186],[97.4863,1.4765],[97.3498,1.5454],[97.2359,1.4167],[97.0804,1.4291],[97.2331,1.2773],[97.3877,1.0188],[97.3888,0.9521],[97.6138,0.8236],[97.7041,0.5727],[97.8272,0.5627],[97.883,0.643],[97.9285,0.9961]]],[[[127.666,-0.2092],[127.7083,-0.287],[127.8513,-0.3655],[128.0488,-0.7128],[128.2495,-0.7965],[128.251,-0.8668],[128.406,-0.8923],[128.2278,-0.7096],[128.0427,-0.4153],[127.8924,-0.0172],[127.9212,0.1456],[127.8809,0.3017],[127.9602,0.4828],[128.152,0.4555],[128.2622,0.3913],[128.4748,0.3872],[128.5376,0.3268],[128.7039,0.332],[128.6843,0.5417],[128.3135,0.6682],[128.2136,0.7739],[128.3154,0.9016],[128.4398,0.9318],[128.7012,1.0709],[128.741,1.4049],[128.6864,1.4452],[128.7195,1.5706],[128.4597,1.545],[128.1868,1.3742],[128.1421,1.3015],[128.1961,1.1964],[128.0549,1.1204],[127.9364,1.0073],[127.923,0.8698],[127.7957,0.7991],[127.6551,0.89],[127.6375,1.0007],[127.834,1.1439],[127.8943,1.1566],[127.9739,1.2978],[128.0353,1.538],[128.0149,1.7192],[127.8517,1.8254],[127.8648,1.929],[127.9434,1.9808],[128.0501,2.1475],[127.9172,2.1721],[127.69,1.9253],[127.5809,1.7518],[127.5194,1.5319],[127.5408,1.4757],[127.4059,1.2299],[127.492,1.0549],[127.5078,0.8862],[127.6245,0.8322],[127.5554,0.7399],[127.5269,0.5606],[127.5723,0.4223],[127.7137,0.2773],[127.666,-0.2092]]],[[[128.6864,2.484],[128.596,2.6086],[128.4666,2.5943],[128.3211,2.4586],[128.1971,2.2662],[128.2461,2.1061],[128.345,2.0399],[128.4902,2.0543],[128.5667,2.1099],[128.6421,2.2612],[128.6864,2.484]]],[[[125.6525,3.4696],[125.513,3.7079],[125.5051,3.4808],[125.6525,3.4696]]],[[[126.8707,4.3314],[126.8848,4.4569],[126.8163,4.5465],[126.7337,4.5359],[126.7107,4.2641],[126.7916,4.2411],[126.6648,4.0341],[126.81,4.0373],[126.8099,4.1572],[126.9221,4.282],[126.8707,4.3314]]],[[[123.6006,-1.6033],[123.4767,-1.5628],[123.4873,-1.7],[123.5749,-1.72],[123.6006,-1.6033]]],[[[98.5476,0.1593],[98.5387,0.0903],[98.689,0.0708],[98.7174,0.1751],[98.5476,0.1593]]]]},"properties":{"ADMIN":"Indonesia","ADM0_A3":"IDN","NAME_EN":"Indonesia","LABEL_X":101.892949,"LABEL_Y":-0.954404,"FCLASS_IN":""}},
{"type":"Feature","geometry":{"type":"MultiPolygon","coordinates":[[[[117.7036,4.1634],[117.907,4.1567],[117.7854,4.2466],[117.7036,4.1634]]],[[[102.0731,6.2575],[102.06,6.0948],[101.9594,6.0116],[101.9129,5.8593],[101.8005,5.7399],[101.6504,5.7826],[101.5347,5.906],[101.249,5.787],[101.225,5.6992],[101.1054,5.6376],[100.9672,5.781],[101.0711,5.9198],[101.0817,6.2465],[100.8221,6.2599],[100.8056,6.4148],[100.7128,6.493],[100.6484,6.4472],[100.3874,6.5221],[100.2808,6.6889],[100.1668,6.6951],[100.1273,6.4423],[100.1746,6.291],[100.2479,6.2208],[100.3491,6.0127],[100.3757,5.8109],[100.344,5.6693],[100.3853,5.3769],[100.43,5.3029],[100.409,5.1267],[100.3645,5.0843],[100.4539,4.9089],[100.5774,4.8543],[100.6326,4.5329],[100.5654,4.3192],[100.6326,4.1555],[100.7761,4.0865],[100.7188,3.9909],[100.7207,3.8681],[101.0405,3.622],[101.1084,3.4739],[101.2976,3.2746],[101.3728,3.0023],[101.2831,2.9112],[101.5423,2.6613],[101.7831,2.5759],[101.8582,2.4194],[101.9888,2.3945],[102.188,2.2164],[102.489,2.0929],[102.7219,1.8471],[102.8045,1.8601],[102.9346,1.7475],[103.0371,1.7155],[103.3674,1.5384],[103.5041,1.2899],[103.6814,1.4418],[103.8397,1.4765],[104.2192,1.3462],[104.2947,1.4465],[104.2552,1.6378],[104.1209,1.954],[103.9764,2.1924],[103.949,2.3399],[103.8377,2.4638],[103.7671,2.6238],[103.6384,2.6721],[103.4736,2.851],[103.4346,2.9618],[103.4561,3.2038],[103.4281,3.3672],[103.4822,3.5118],[103.4046,3.6],[103.3387,3.7582],[103.438,3.975],[103.3952,4.1163],[103.4548,4.1828],[103.4942,4.3366],[103.4486,4.7951],[103.1203,5.3813],[102.9595,5.5421],[102.8757,5.5714],[102.4998,5.8974],[102.3799,6.133],[102.3157,6.1904],[102.0731,6.2575]]],[[[115.1462,4.9085],[115.2074,4.8256],[115.2727,4.6368],[115.2725,4.4747],[115.3244,4.3146],[115.113,4.3824],[115.0355,4.6212],[115.0298,4.8206],[114.9817,4.8891],[114.7518,4.7385],[114.7822,4.4978],[114.8364,4.3572],[114.7669,4.1318],[114.5866,4.0214],[114.4199,4.2601],[114.2967,4.3167],[114.2456,4.4814],[113.9988,4.6011],[113.9468,4.2738],[113.7368,4.0013],[113.4343,3.7532],[113.2776,3.4842],[113.0693,3.279],[112.9744,3.1442],[112.0135,2.8859],[111.6696,2.8431],[111.4403,2.6801],[111.4046,2.484],[111.4483,2.3724],[111.3655,2.3408],[111.2085,2.3889],[111.1847,2.1451],[111.2113,2.0739],[111.096,1.7745],[110.9679,1.5032],[110.8396,1.566],[110.7267,1.5474],[110.3665,1.7159],[109.9277,1.6923],[109.8867,1.7602],[109.7318,1.8396],[109.6546,1.937],[109.6453,2.0832],[109.5284,1.89],[109.6472,1.7619],[109.6773,1.5729],[109.8428,1.4033],[109.9325,1.3785],[109.9763,1.2877],[110.1704,1.1745],[110.2566,1.0391],[110.4226,0.9095],[110.5539,0.8514],[110.6134,0.894],[110.784,0.9082],[110.8527,0.9972],[111.1976,1.0752],[111.3518,1.0139],[111.5389,0.9977],[111.6552,1.0308],[111.8231,1.0085],[111.9101,1.114],[112.1001,1.1549],[112.184,1.369],[112.1801,1.449],[112.4705,1.5677],[112.7689,1.5522],[112.855,1.5827],[113.0234,1.537],[113.089,1.4313],[113.3237,1.3514],[113.3976,1.2939],[113.5034,1.3145],[113.6495,1.2333],[113.9097,1.4425],[114.0539,1.4651],[114.1604,1.4248],[114.3557,1.502],[114.5006,1.436],[114.669,1.694],[114.6714,1.821],[114.832,1.9025],[114.8453,2.025],[114.753,2.1348],[114.7788,2.2472],[114.9196,2.2957],[115.1265,2.4792],[115.1619,2.5904],[115.0565,2.6086],[115.0669,2.8282],[115.2421,3.0416],[115.3415,2.9911],[115.4641,3.0308],[115.5176,3.3572],[115.6006,3.4412],[115.5485,3.6053],[115.5886,3.8576],[115.5383,3.8978],[115.6221,4.0402],[115.6469,4.1691],[115.8788,4.3521],[116.0206,4.2709],[116.1258,4.3789],[116.3107,4.3834],[116.3911,4.2947],[116.4941,4.3249],[117.1647,4.3331],[117.2172,4.3534],[117.4129,4.2001],[117.5671,4.1597],[117.6521,4.2849],[117.6712,4.426],[117.8923,4.257],[118.0046,4.2316],[118.1371,4.2987],[118.5428,4.36],[118.6453,4.444],[118.5996,4.5192],[118.3335,4.6516],[118.1365,4.8823],[118.3572,5.0388],[118.509,4.9311],[118.6815,4.9443],[119.1559,5.1062],[119.2671,5.2011],[119.2743,5.3612],[119.2048,5.4433],[118.9709,5.4283],[118.7366,5.5478],[118.594,5.6821],[118.4107,5.7961],[118.1763,5.8052],[118.1267,5.6935],[117.9649,5.6862],[117.938,5.8145],[118.0588,5.809],[118.1252,5.8639],[118.0169,6.061],[117.884,5.9547],[117.6546,5.9587],[117.6655,6.0799],[117.6056,6.1818],[117.723,6.2546],[117.7438,6.3899],[117.6409,6.5217],[117.5098,6.6022],[117.4422,6.553],[117.3089,6.6288],[117.2284,6.8381],[117.2468,6.9505],[117.1438,7.0037],[117.0293,6.91],[117.0525,6.8308],[116.9738,6.7081],[116.8245,6.5817],[116.7785,6.6265],[116.8587,6.8179],[116.832,6.9733],[116.7464,7.0104],[116.6692,6.8764],[116.645,6.7169],[116.5032,6.4952],[116.3477,6.3796],[116.2013,6.218],[116.0664,5.9307],[116.0508,5.8423],[115.9199,5.7468],[115.8486,5.56],[115.5501,5.5402],[115.4043,5.4239],[115.3596,5.3196],[115.5608,5.2078],[115.557,5.0672],[115.3584,4.9028],[115.1989,4.9508],[115.1462,4.9085]]],[[[111.4114,2.3911],[111.381,2.6979],[111.299,2.7027],[111.3081,2.4521],[111.4114,2.3911]]],[[[100.3098,5.4508],[100.1931,5.3993],[100.195,5.2723],[100.2887,5.2627],[100.3098,5.4508]]],[[[99.9006,6.3643],[99.8511,6.4656],[99.719,6.3532],[99.7287,6.2615],[99.9006,6.3643]]],[[[117.1712,7.3427],[117.0641,7.2707],[117.0641,7.1267],[117.2297,7.1918],[117.2832,7.3088],[117.1712,7.3427]]]]},"properties":{"ADMIN":"Malaysia","ADM0_A3":"MYS","NAME_EN":"Malaysia","LABEL_X":113.83708,"LABEL_Y":2.528667,"FCLASS_IN":""}},
{"type":"Feature","geometry":{"type":"MultiPolygon","coordinates":[[[[-69.5101,-17.5066],[-69.6839,-17.656],[-69.8181,-17.6591],[-69.8576,-17.7342],[-69.7831,-17.9816],[-69.8653,-18.1446],[-69.9703,-18.2506],[-70.1342,-18.3189],[-70.3947,-18.3377],[-70.3036,-18.4454],[-70.3566,-18.7734],[-70.2774,-19.109],[-70.2877,-19.301],[-70.2263,-19.4108],[-70.2144,-19.5964],[-70.1512,-19.7194],[-70.1233,-20.0722],[-70.1921,-20.3668],[-70.2056,-20.7394],[-70.1275,-20.9353],[-70.1644,-21.0405],[-70.0801,-21.2333],[-70.0587,-21.4334],[-70.152,-21.6648],[-70.1501,-21.862],[-70.2001,-22.0055],[-70.2811,-22.6952],[-70.297,-22.9177],[-70.3729,-23.0509],[-70.4508,-23.0971],[-70.5622,-23.0598],[-70.6001,-23.2442],[-70.5851,-23.4236],[-70.4131,-23.5113],[-70.4053,-23.6508],[-70.4985,-23.7846],[-70.5264,-23.9963],[-70.5003,-24.0974],[-70.5828,-24.5248],[-70.5764,-24.7317],[-70.4727,-24.9753],[-70.4972,-25.1043],[-70.437,-25.1935],[-70.4448,-25.3449],[-70.6514,-25.5408],[-70.7104,-25.8354],[-70.6307,-26.0095],[-70.6719,-26.1608],[-70.6424,-26.3153],[-70.7067,-26.4929],[-70.7325,-26.7493],[-70.8227,-26.887],[-70.7886,-26.9963],[-70.8708,-27.1179],[-70.96,-27.1614],[-70.9458,-27.3718],[-70.8917,-27.4931],[-70.9124,-27.6218],[-71.0387,-27.6664],[-71.1381,-27.946],[-71.1739,-28.3606],[-71.3126,-28.5834],[-71.3019,-28.6749],[-71.3913,-28.7995],[-71.4878,-28.8451],[-71.522,-28.9401],[-71.4943,-29.1926],[-71.3761,-29.2824],[-71.3072,-29.4212],[-71.336,-29.525],[-71.3241,-29.7873],[-71.2866,-29.9103],[-71.4125,-29.9918],[-71.3826,-30.1477],[-71.5176,-30.2786],[-71.6392,-30.2522],[-71.6768,-30.3425],[-71.7134,-30.6149],[-71.7073,-30.7795],[-71.6549,-30.976],[-71.6678,-31.1505],[-71.515,-31.7755],[-71.5077,-31.9775],[-71.5439,-32.1933],[-71.4125,-32.3696],[-71.4767,-32.5353],[-71.4459,-32.6428],[-71.5682,-33.0019],[-71.6457,-33.019],[-71.7203,-33.1676],[-71.6408,-33.5006],[-71.6877,-33.7209],[-71.8081,-33.777],[-71.8603,-33.9119],[-72.0268,-34.1627],[-71.9952,-34.37],[-72.0481,-34.4039],[-72.0572,-34.6588],[-72.1878,-34.8855],[-72.2306,-35.1161],[-72.364,-35.2078],[-72.4813,-35.3632],[-72.5297,-35.4904],[-72.6466,-35.5666],[-72.598,-35.8102],[-72.7801,-35.9526],[-72.8375,-36.1794],[-72.8323,-36.308],[-73.002,-36.7138],[-73.1597,-36.735],[-73.1733,-37.0763],[-73.2826,-37.214],[-73.4674,-37.2346],[-73.6076,-37.1555],[-73.6718,-37.3626],[-73.6041,-37.5124],[-73.6776,-37.5794],[-73.6681,-37.7194],[-73.5032,-37.9333],[-73.4628,-38.0917],[-73.5433,-38.4207],[-73.4832,-38.6375],[-73.4334,-38.6869],[-73.2834,-39.0753],[-73.2211,-39.3417],[-73.2416,-39.4895],[-73.4061,-39.6949],[-73.4019,-39.8041],[-73.6832,-39.9425],[-73.66,-40.1096],[-73.735,-40.1747],[-73.7809,-40.4373],[-73.7285,-40.5442],[-73.8415,-40.6667],[-73.9469,-40.9728],[-73.9197,-41.1527],[-73.8412,-41.3328],[-73.7982,-41.5657],[-73.6941,-41.5924],[-73.66,-41.7575],[-73.515,-41.8036],[-73.2014,-41.7848],[-73.0592,-41.6974],[-73.1119,-41.5862],[-72.9573,-41.4836],[-72.7516,-41.5484],[-72.6451,-41.7228],[-72.8636,-41.9059],[-72.7373,-42.0139],[-72.488,-42.0647],[-72.4762,-42.3078],[-72.6199,-42.1847],[-72.8097,-42.2433],[-72.6798,-42.5042],[-72.8238,-42.5042],[-72.8649,-42.6209],[-72.8422,-42.8381],[-72.7471,-42.9098],[-72.7611,-43.009],[-72.9344,-43.0982],[-72.9122,-43.2354],[-73.0846,-43.3163],[-73.1113,-43.461],[-72.973,-43.6214],[-72.9794,-43.7612],[-73.1391,-43.9851],[-73.2777,-44.11],[-72.9266,-44.3206],[-72.9337,-44.3647],[-72.6868,-44.4885],[-72.7277,-44.7586],[-72.81,-44.7678],[-73.1171,-44.9483],[-73.3483,-44.9578],[-73.4061,-45.0261],[-73.3044,-45.1448],[-73.4607,-45.2663],[-73.3277,-45.3409],[-73.5173,-45.4604],[-73.5752,-45.7232],[-73.5548,-45.8776],[-73.6606,-45.9757],[-73.6481,-46.1948],[-73.5802,-46.3102],[-73.7423,-46.421],[-73.8316,-46.5779],[-73.9892,-46.5597],[-73.7942,-46.3616],[-73.7698,-46.2346],[-73.8818,-46.1418],[-74.1894,-45.7936],[-74.6909,-45.8416],[-74.7134,-45.9845],[-74.9581,-46.2153],[-75.0907,-46.2161],[-75.3905,-46.4273],[-75.5171,-46.5543],[-75.7047,-46.6393],[-75.707,-46.7866],[-75.5517,-46.9483],[-75.3526,-46.9006],[-75.4372,-46.6498],[-75.0834,-46.6409],[-75.0162,-46.7193],[-74.681,-46.8839],[-74.6509,-46.7883],[-74.2668,-46.7817],[-74.1186,-46.9881],[-73.9576,-47.0603],[-74.1391,-47.2223],[-74.3247,-47.2189],[-74.5289,-47.4223],[-74.4199,-47.5634],[-74.6121,-47.5685],[-74.7362,-47.7045],[-74.6284,-47.7678],[-74.0737,-47.773],[-73.9237,-47.8427],[-73.7097,-47.7761],[-73.5782,-47.7997],[-73.6553,-47.9323],[-73.5917,-48.1407],[-73.8911,-48.0222],[-74.4154,-47.9837],[-74.6254,-48.0042],[-74.4425,-48.1824],[-74.3179,-48.2121],[-74.2616,-48.3351],[-73.9955,-48.4142],[-74.0528,-48.5499],[-74.1971,-48.4733],[-74.3922,-48.5991],[-74.3719,-48.7192],[-74.4535,-48.831],[-74.4005,-48.9748],[-74.3935,-49.3175],[-74.4241,-49.3712],[-74.2149,-49.5231],[-74.3223,-49.6325],[-74.2663,-49.9325],[-74.3649,-49.9903],[-74.2507,-50.081],[-74.5737,-50.0993],[-74.683,-50.2094],[-74.493,-50.2615],[-74.4755,-50.3442],[-74.1289,-50.4229],[-74.2974,-50.4806],[-74.1261,-50.7625],[-73.947,-50.8298],[-74.2564,-50.9394],[-74.1481,-51.0522],[-74.1295,-51.1877],[-73.7843,-51.2236],[-73.7196,-51.3565],[-73.9343,-51.3993],[-73.9042,-51.6117],[-73.6804,-51.7692],[-73.54,-52.0553],[-73.3162,-52.1661],[-73.1767,-52.0812],[-73.1453,-51.94],[-72.9194,-51.8586],[-72.4669,-51.7897],[-72.529,-51.9548],[-72.8028,-51.9374],[-72.8945,-52.0571],[-73.0869,-52.0825],[-73.3339,-52.2187],[-73.4317,-52.153],[-73.5806,-52.2084],[-73.5309,-52.457],[-73.6879,-52.5978],[-73.6281,-52.7452],[-73.4497,-52.6352],[-73.2689,-52.6736],[-73.2887,-52.9021],[-73.3924,-52.982],[-73.3273,-53.0715],[-73.1163,-53.0969],[-72.9536,-53.0236],[-73.0053,-52.8333],[-72.7908,-52.7527],[-72.7987,-52.6154],[-72.6561,-52.5217],[-72.4136,-52.6489],[-72.3278,-52.5252],[-72.0872,-52.5209],[-71.7599,-52.5684],[-71.5716,-52.5613],[-71.4781,-52.6461],[-71.8505,-52.6947],[-72.1609,-52.6521],[-72.3131,-52.7512],[-72.5622,-52.8337],[-72.6116,-52.7419],[-72.9604,-52.825],[-72.891,-53.0568],[-72.9809,-53.1603],[-73.1991,-53.2408],[-72.5225,-53.5444],[-72.4669,-53.2831],[-72.3276,-53.2213],[-72.286,-53.0299],[-72.0856,-53.1344],[-71.9062,-53.0109],[-71.5308,-52.8667],[-71.2492,-52.7888],[-71.1693,-52.8128],[-71.2541,-53.0168],[-71.4671,-53.1329],[-71.835,-53.252],[-72.2823,-53.2428],[-72.4533,-53.4073],[-72.2841,-53.5812],[-72.0535,-53.707],[-71.8651,-53.7332],[-71.6446,-53.8237],[-71.2287,-53.8747],[-70.9736,-53.756],[-70.9394,-53.5922],[-70.9927,-53.383],[-70.9576,-53.2228],[-70.8169,-52.9924],[-70.8121,-52.8214],[-70.583,-52.672],[-70.3218,-52.6381],[-69.8466,-52.4865],[-69.6724,-52.5309],[-69.4969,-52.3853],[-69.4825,-52.2905],[-69.2347,-52.2031],[-68.8985,-52.3035],[-68.4486,-52.3466],[-68.4545,-52.2999],[-68.8205,-52.2432],[-69.2123,-52.138],[-69.4853,-52.1325],[-69.9528,-52.0074],[-70.7101,-52.0007],[-71.9177,-51.9901],[-71.9585,-51.868],[-72.0726,-51.7786],[-72.2811,-51.7015],[-72.3515,-51.5835],[-72.3134,-51.298],[-72.3822,-51.1606],[-72.2934,-51.0292],[-72.2635,-50.8363],[-72.3381,-50.7606],[-72.3028,-50.6489],[-72.506,-50.6013],[-72.6181,-50.6668],[-72.7784,-50.6196],[-73.0961,-50.7706],[-73.1777,-50.7495],[-73.2619,-50.5566],[-73.3229,-50.2684],[-73.5306,-50.1408],[-73.4808,-50.0227],[-73.5727,-49.9324],[-73.4651,-49.76],[-73.5866,-49.53],[-73.4579,-49.3077],[-73.0982,-49.2728],[-73.1832,-49.2391],[-73.0097,-48.9904],[-72.7429,-48.9138],[-72.5923,-48.7911],[-72.5768,-48.4521],[-72.4331,-48.4004],[-72.3256,-48.2855],[-72.343,-48.0704],[-72.5439,-47.9148],[-72.3444,-47.6023],[-72.3287,-47.4265],[-72.1706,-47.4075],[-72.0098,-47.1982],[-71.8626,-47.1689],[-72,-47.0422],[-71.9341,-46.7995],[-71.6872,-46.6901],[-71.6849,-46.5192],[-71.7519,-46.393],[-71.7702,-46.1126],[-71.6123,-45.9705],[-71.7432,-45.8576],[-71.7985,-45.7399],[-71.7651,-45.5724],[-71.5258,-45.519],[-71.5083,-45.4084],[-71.3115,-45.2995],[-71.5887,-44.9781],[-71.8894,-44.9472],[-72.0809,-44.8866],[-72.0478,-44.7548],[-71.8545,-44.791],[-71.4971,-44.7429],[-71.336,-44.8016],[-71.1227,-44.5303],[-71.2098,-44.4276],[-71.4378,-44.4015],[-71.822,-44.4032],[-71.8063,-44.2225],[-71.8587,-44.1078],[-71.7622,-44.0641],[-71.6599,-43.9263],[-71.8192,-43.7581],[-71.7037,-43.6716],[-71.7238,-43.5948],[-71.8738,-43.5389],[-71.9373,-43.4569],[-71.9017,-43.322],[-71.7507,-43.2953],[-71.743,-43.1901],[-72.0098,-43.1204],[-72.1485,-42.9987],[-72.1127,-42.8638],[-72.1484,-42.5926],[-72.0419,-42.491],[-72.1247,-42.2633],[-72.0399,-42.1447],[-71.948,-42.1673],[-71.7363,-42.0839],[-71.794,-41.8675],[-71.926,-41.6229],[-71.8533,-41.5673],[-71.904,-41.3677],[-71.8514,-40.9383],[-71.9556,-40.7204],[-71.8734,-40.6471],[-71.8042,-40.4264],[-71.6785,-40.3402],[-71.8238,-40.2101],[-71.8007,-40.0797],[-71.6837,-40.099],[-71.6248,-39.931],[-71.7144,-39.7263],[-71.7187,-39.6234],[-71.52,-39.615],[-71.542,-39.5323],[-71.4617,-39.4338],[-71.402,-39.236],[-71.4158,-38.9353],[-71.228,-38.8088],[-70.8738,-38.6914],[-70.8487,-38.5276],[-70.9738,-38.4247],[-71.0167,-38.2647],[-71.01,-38.0655],[-71.185,-37.7061],[-71.1231,-37.4432],[-71.2056,-37.2927],[-71.1465,-37.2148],[-71.1453,-36.6883],[-71.0553,-36.6713],[-71.0433,-36.4843],[-70.8904,-36.4004],[-70.7187,-36.4146],[-70.7031,-36.2601],[-70.5885,-36.1502],[-70.4515,-36.1523],[-70.3803,-36.046],[-70.4202,-35.8684],[-70.3573,-35.8152],[-70.4215,-35.6597],[-70.4082,-35.5062],[-70.5429,-35.2093],[-70.3866,-35.1667],[-70.3537,-34.9533],[-70.2767,-34.7982],[-70.2278,-34.5853],[-70.0587,-34.3958],[-70.0403,-34.277],[-69.8328,-34.2432],[-69.9096,-33.9557],[-69.8954,-33.6623],[-69.7877,-33.3794],[-69.9053,-33.2382],[-70.01,-33.2991],[-70.1008,-33.1869],[-70.1112,-33.0384],[-70.0002,-32.8766],[-70.14,-32.7683],[-70.1804,-32.6302],[-70.1725,-32.4649],[-70.3218,-32.2801],[-70.3352,-32.14],[-70.2417,-31.9615],[-70.3133,-31.8821],[-70.4283,-31.8701],[-70.5914,-31.5496],[-70.569,-31.3042],[-70.4798,-31.0967],[-70.3398,-31.0417],[-70.3195,-30.8008],[-70.2171,-30.5151],[-69.9028,-30.3127],[-69.8497,-30.1266],[-69.9756,-30.0586],[-69.9222,-29.9396],[-69.9291,-29.7183],[-70.0426,-29.3631],[-70.0311,-29.2772],[-69.9109,-29.1432],[-69.8039,-29.0987],[-69.8066,-28.9599],[-69.7358,-28.8124],[-69.7409,-28.6406],[-69.6748,-28.5631],[-69.653,-28.3979],[-69.4203,-28.2126],[-69.3032,-27.9995],[-69.173,-27.9241],[-69.1243,-27.7344],[-68.9314,-27.3952],[-68.8797,-27.2215],[-68.8011,-27.1128],[-68.5859,-27.1628],[-68.518,-27.0769],[-68.3305,-27.045],[-68.3201,-26.8701],[-68.5702,-26.5506],[-68.5752,-26.3035],[-68.4199,-26.1793],[-68.4171,-26.0936],[-68.4985,-25.7549],[-68.5594,-25.663],[-68.606,-25.437],[-68.516,-25.1836],[-68.3674,-25.1034],[-68.5724,-24.7699],[-68.5037,-24.6123],[-68.3977,-24.5005],[-68.314,-24.4873],[-68.2445,-24.3854],[-67.3624,-24.0304],[-67.3398,-24.0006],[-67.014,-23.0007],[-67.1939,-22.8222],[-67.5471,-22.8925],[-67.7714,-22.8887],[-67.8763,-22.8336],[-67.8587,-22.5668],[-67.9453,-22.3542],[-67.9348,-22.2517],[-67.9902,-22.0576],[-68.0962,-21.954],[-68.1076,-21.7896],[-68.1984,-21.5719],[-68.2075,-21.2843],[-68.4163,-20.9598],[-68.572,-20.8724],[-68.5728,-20.7429],[-68.4816,-20.643],[-68.6855,-20.5168],[-68.769,-20.3905],[-68.6785,-20.3286],[-68.7755,-20.0897],[-68.5883,-20.0556],[-68.5535,-19.8579],[-68.6984,-19.7463],[-68.4964,-19.4584],[-68.4932,-19.377],[-68.6633,-19.2736],[-68.8154,-19.1133],[-68.9197,-19.0538],[-68.9896,-18.9465],[-68.9546,-18.857],[-69.0428,-18.6005],[-69.0344,-18.4783],[-69.1004,-18.2343],[-69.1554,-18.1402],[-69.1408,-18.0308],[-69.3024,-17.9762],[-69.3342,-17.8058],[-69.4758,-17.6524],[-69.5101,-17.5066]]],[[[-68.6276,-52.6396],[-68.746,-52.5569],[-68.9207,-52.6402],[-69.1402,-52.6838],[-69.3742,-52.4703],[-69.5839,-52.5099],[-69.591,-52.6419],[-69.7344,-52.7745],[-70.0011,-52.8417],[-70.1286,-52.7323],[-70.2747,-52.7356],[-70.2572,-52.8683],[-70.0892,-52.9111],[-70.2435,-53.0617],[-70.419,-53.0117],[-70.4735,-53.3093],[-70.2567,-53.461],[-69.6755,-53.3584],[-69.3527,-53.3557],[-69.3608,-53.5217],[-69.6514,-53.6362],[-69.8793,-53.6579],[-70.137,-53.7387],[-70.1853,-53.8113],[-70.0568,-54.087],[-69.8837,-54.1613],[-69.2796,-54.3215],[-69.5005,-54.3422],[-70.073,-54.2488],[-70.3225,-54.3253],[-70.9327,-54.1135],[-70.8686,-54.2462],[-70.5777,-54.2748],[-70.4276,-54.4377],[-70.8603,-54.3178],[-71.0109,-54.4487],[-71.514,-54.4338],[-71.725,-54.4055],[-71.94,-54.5108],[-71.9619,-54.6471],[-71.7545,-54.5927],[-71.4774,-54.6764],[-71.2897,-54.6764],[-70.6105,-54.7807],[-70.2397,-54.8578],[-69.7949,-54.7877],[-69.067,-54.9488],[-68.6541,-54.8862],[-68.642,-54.7992],[-68.6419,-54.783],[-68.6347,-53.7109],[-68.6276,-52.6396]]],[[[-67.9993,-55.6275],[-68.2396,-55.3985],[-68.2392,-55.2923],[-68.5306,-55.1098],[-68.3348,-55.0624],[-68.4412,-54.9397],[-68.8344,-54.9815],[-69.3197,-54.9933],[-69.4265,-55.0313],[-69.886,-55.0636],[-70.0315,-55.1533],[-69.8524,-55.2155],[-69.6077,-55.3655],[-69.2062,-55.4378],[-69.3928,-55.2874],[-69.2721,-55.2135],[-68.8558,-55.2575],[-68.9674,-55.4299],[-68.8653,-55.5053],[-68.6025,-55.4623],[-68.2525,-55.5245],[-68.1438,-55.6729],[-67.9993,-55.6275]]],[[[-67.8832,-55.2438],[-67.6474,-55.2615],[-67.4232,-55.2165],[-67.2706,-55.3069],[-67.0885,-55.1905],[-67.0619,-55.072],[-67.3018,-54.9289],[-67.9418,-54.9055],[-68.1864,-54.9782],[-68.1569,-55.1961],[-67.8832,-55.2438]]],[[[-70.2952,-55.0825],[-70.5097,-54.9882],[-70.9872,-54.9484],[-70.9911,-55.0336],[-70.7158,-55.1228],[-70.2952,-55.0825]]],[[[-69.9042,-54.9968],[-69.7764,-55.0346],[-69.2084,-54.9701],[-69.2349,-54.9319],[-69.6715,-54.8665],[-69.9283,-54.8976],[-69.9042,-54.9968]]],[[[-71.6309,-54.0788],[-71.6998,-54.1662],[-71.4999,-54.211],[-71.1139,-54.3798],[-70.9901,-54.2658],[-71.0125,-54.1008],[-71.2145,-54.1501],[-71.3015,-53.9915],[-71.4633,-53.9416],[-71.6571,-53.9832],[-71.6309,-54.0788]]],[[[-72.0151,-54.2023],[-71.7134,-54.1477],[-71.7273,-53.8986],[-71.9457,-53.8528],[-72.0325,-53.9242],[-72.2582,-53.9451],[-72.228,-54.0584],[-72.0151,-54.2023]]],[[[-70.455,-53.6116],[-70.7129,-53.7014],[-70.6993,-53.7872],[-70.8815,-53.8423],[-70.8842,-54.027],[-70.8227,-54.1135],[-70.5404,-54.2216],[-70.4393,-54.0604],[-70.3363,-54.0074],[-70.4522,-53.8869],[-70.455,-53.6116]]],[[[-72.5297,-54.0754],[-72.3852,-53.9811],[-72.3285,-53.8396],[-72.187,-53.7765],[-72.3973,-53.6335],[-72.6559,-53.5368],[-72.8725,-53.5348],[-73.0326,-53.3903],[-73.1317,-53.4892],[-73.5847,-53.5828],[-73.6161,-53.6516],[-73.3625,-53.7133],[-73.2041,-53.9894],[-73.0665,-53.8313],[-72.7431,-53.8936],[-72.9337,-54.0584],[-72.817,-54.1266],[-72.6588,-54.0514],[-72.5297,-54.0754]]],[[[-73.2074,-53.3178],[-73.4351,-53.1402],[-73.8759,-53.0032],[-74.4072,-52.9138],[-74.425,-52.9738],[-74.2626,-53.0912],[-74.0863,-53.1049],[-73.8804,-53.0577],[-73.4203,-53.2831],[-73.2074,-53.3178]]],[[[-73.8374,-52.7009],[-73.6779,-52.4733],[-73.8949,-52.4081],[-74.1278,-52.6659],[-73.8374,-52.7009]]],[[[-74.6726,-52.3905],[-74.5361,-52.2719],[-74.5893,-52.2129],[-74.8152,-52.2366],[-74.8154,-52.3504],[-74.6726,-52.3905]]],[[[-74.1225,-52.3977],[-73.951,-52.3071],[-74.1191,-52.1818],[-74.1873,-52.3674],[-74.1225,-52.3977]]],[[[-73.7077,-52.1869],[-73.784,-52.0597],[-74.0533,-51.9085],[-74.0902,-52.01],[-73.7077,-52.1869]]],[[[-74.7499,-52.0431],[-74.6409,-51.8982],[-74.7799,-51.8717],[-74.7499,-52.0431]]],[[[-74.4346,-51.8449],[-74.2422,-51.9406],[-74.0963,-51.8774],[-74.3179,-51.7624],[-74.4346,-51.8449]]],[[[-73.9439,-51.7413],[-74.0714,-51.6048],[-74.2322,-51.7072],[-74.0496,-51.7934],[-73.9439,-51.7413]]],[[[-75.0236,-51.331],[-75.2198,-51.3054],[-75.2253,-51.4907],[-75.0236,-51.331]]],[[[-74.739,-51.3686],[-74.5942,-51.3995],[-74.6019,-51.206],[-74.7931,-51.2112],[-74.9628,-51.3294],[-74.739,-51.3686]]],[[[-74.3856,-50.9811],[-74.3949,-50.8698],[-74.5506,-50.7516],[-74.6255,-50.9249],[-74.8787,-50.8863],[-74.8932,-51.0492],[-74.6344,-51.0401],[-74.3856,-50.9811]]],[[[-75.126,-50.4943],[-75.4276,-50.5148],[-75.4823,-50.6751],[-75.2904,-50.6458],[-75.126,-50.4943]]],[[[-74.3104,-50.8342],[-74.1861,-50.8331],[-74.2711,-50.6243],[-74.3831,-50.456],[-74.5812,-50.6336],[-74.5171,-50.7316],[-74.3104,-50.8342]]],[[[-75.0406,-50.2895],[-74.9424,-50.2201],[-74.9521,-50.1088],[-75.1334,-50.0834],[-75.198,-50.2563],[-75.3975,-50.1716],[-75.4609,-50.35],[-75.2701,-50.3276],[-75.1808,-50.3808],[-75.0406,-50.2895]]],[[[-75.4481,-49.775],[-75.3397,-49.8596],[-75.2113,-49.7927],[-75.3553,-49.6102],[-75.5087,-49.5638],[-75.6135,-49.6364],[-75.6174,-49.8642],[-75.4481,-49.775]]],[[[-74.9032,-49.0768],[-75.0954,-49.0299],[-75.0898,-49.1584],[-74.9205,-49.2726],[-74.9032,-49.0768]]],[[[-75.558,-49.2473],[-75.3893,-49.1791],[-75.4412,-49.0852],[-75.6073,-49.1511],[-75.558,-49.2473]]],[[[-75.2154,-49.0146],[-75.306,-48.8649],[-75.6147,-48.8587],[-75.6474,-48.9669],[-75.3151,-48.9655],[-75.2154,-49.0146]]],[[[-75.1983,-49.7712],[-75.1339,-49.8583],[-74.9615,-49.7853],[-74.8677,-50.0162],[-74.6606,-50.0506],[-74.4855,-49.9531],[-74.4205,-49.6896],[-74.5364,-49.508],[-74.4482,-49.3224],[-74.4755,-48.9464],[-74.5255,-48.7228],[-74.7563,-48.6782],[-74.985,-48.759],[-75.0515,-48.857],[-74.9547,-49.0071],[-74.8045,-49.1039],[-74.9302,-49.3142],[-75.4272,-49.2795],[-75.4673,-49.3327],[-75.3054,-49.5602],[-75.1983,-49.7712]]],[[[-75.3284,-48.5522],[-75.3662,-48.4529],[-75.6064,-48.4392],[-75.6754,-48.5832],[-75.6261,-48.632],[-75.3399,-48.6148],[-75.3284,-48.5522]]],[[[-74.4991,-48.5832],[-74.5994,-48.5637],[-74.5869,-48.4034],[-74.6673,-48.2643],[-74.7987,-48.2664],[-74.82,-48.4035],[-75.0331,-48.5045],[-74.9471,-48.6196],[-74.7506,-48.6295],[-74.621,-48.6918],[-74.4991,-48.5832]]],[[[-75.1608,-48.2984],[-75.0311,-48.4438],[-74.8374,-48.3448],[-74.8278,-48.1455],[-75.0175,-48.083],[-75.2563,-48.0686],[-75.1608,-48.2984]]],[[[-75.1499,-48.6584],[-75.0714,-48.5963],[-75.0987,-48.4659],[-75.2039,-48.3355],[-75.3781,-48.0082],[-75.5853,-48.0857],[-75.5205,-48.2332],[-75.555,-48.3786],[-75.2706,-48.4181],[-75.3041,-48.5777],[-75.1499,-48.6584]]],[[[-75.2706,-48.0278],[-75.1024,-47.9902],[-74.7274,-48.1059],[-74.8728,-47.8155],[-74.9429,-47.8837],[-75.207,-47.9169],[-75.2706,-48.0278]]],[[[-74.4137,-47.9382],[-74.3185,-47.9812],[-73.9314,-47.8801],[-74.2452,-47.8064],[-74.3964,-47.8395],[-74.4137,-47.9382]]],[[[-75.1824,-47.8315],[-75.0237,-47.8033],[-75.0916,-47.6805],[-75.334,-47.759],[-75.1824,-47.8315]]],[[[-73.7251,-46.0505],[-73.9405,-46.0681],[-73.7454,-46.1872],[-73.7251,-46.0505]]],[[[-74.7529,-45.8075],[-74.8894,-45.8819],[-75.1129,-45.8857],[-75.0743,-46.0938],[-74.9197,-46.1042],[-74.7663,-45.9889],[-74.7529,-45.8075]]],[[[-73.7419,-45.7939],[-73.9405,-45.9099],[-73.8566,-45.9675],[-73.7419,-45.7939]]],[[[-74.0714,-45.6909],[-73.9206,-45.6977],[-73.9102,-45.591],[-74.1124,-45.5878],[-74.0714,-45.6909]]],[[[-74.5028,-45.7324],[-74.3416,-45.7331],[-74.208,-45.6355],[-74.2935,-45.4791],[-74.4213,-45.4543],[-74.5028,-45.7324]]],[[[-73.6662,-45.4369],[-73.7709,-45.512],[-73.8183,-45.6425],[-73.6804,-45.7529],[-73.586,-45.4802],[-73.6662,-45.4369]]],[[[-73.7319,-45.2148],[-73.7146,-45.1142],[-73.9147,-44.9953],[-74.2069,-45.0427],[-74.0074,-45.2321],[-73.7319,-45.2148]]],[[[-74.2701,-44.9441],[-74.0658,-44.9988],[-73.9696,-44.904],[-74.1883,-44.8691],[-74.2701,-44.9441]]],[[[-73.9268,-44.6288],[-74.0256,-44.6031],[-74.4005,-44.6261],[-74.407,-44.6943],[-74.2797,-44.8038],[-74.0118,-44.7165],[-73.9268,-44.6288]]],[[[-74.393,-44.547],[-74.2231,-44.4674],[-74.3064,-44.3937],[-74.5477,-44.4767],[-74.393,-44.547]]],[[[-73.3825,-44.5878],[-73.4681,-44.6425],[-73.4076,-44.8224],[-73.257,-44.94],[-73.1475,-44.9119],[-72.8376,-44.7101],[-72.7212,-44.528],[-72.9058,-44.4527],[-73.002,-44.3613],[-73.2612,-44.4772],[-73.3825,-44.5878]]],[[[-74.1439,-43.8276],[-73.9957,-43.9367],[-73.7623,-43.8889],[-73.8654,-43.7893],[-74.1439,-43.8276]]],[[[-73.4123,-42.5256],[-73.5432,-42.3792],[-73.6252,-42.4435],[-73.4123,-42.5256]]],[[[-74.3346,-43.2817],[-74.2934,-43.32],[-73.877,-43.422],[-73.6817,-43.3811],[-73.7214,-43.1417],[-73.4901,-43.1],[-73.6497,-42.8832],[-73.5167,-42.7892],[-73.8092,-42.6087],[-73.7077,-42.5383],[-73.6815,-42.37],[-73.374,-42.2574],[-73.4891,-42.1456],[-73.4475,-42.0623],[-73.5333,-41.9661],[-73.537,-41.84],[-73.691,-41.809],[-73.866,-41.8923],[-73.9836,-41.8665],[-74.0553,-41.945],[-74.0533,-42.1303],[-74.1471,-42.2165],[-74.1896,-42.4319],[-74.1275,-42.6711],[-74.2295,-43.0229],[-74.3384,-43.1],[-74.3346,-43.2817]]]]},"properties":{"ADMIN":"Chile","ADM0_A3":"CHL","NAME_EN":"Chile","LABEL_X":-72.318871,"LABEL_Y":-38.151771,"FCLASS_IN":""}},
{"type":"Feature","geometry":{"type":"Polygon","coordinates":[[[-69.5101,-17.5066],[-69.4758,-17.6524],[-69.3342,-17.8058],[-69.3024,-17.9762],[-69.1408,-18.0308],[-69.1554,-18.1402],[-69.1004,-18.2343],[-69.0344,-18.4783],[-69.0428,-18.6005],[-68.9546,-18.857],[-68.9896,-18.9465],[-68.9197,-19.0538],[-68.8154,-19.1133],[-68.6633,-19.2736],[-68.4932,-19.377],[-68.4964,-19.4584],[-68.6984,-19.7463],[-68.5535,-19.8579],[-68.5883,-20.0556],[-68.7755,-20.0897],[-68.6785,-20.3286],[-68.769,-20.3905],[-68.6855,-20.5168],[-68.4816,-20.643],[-68.5728,-20.7429],[-68.572,-20.8724],[-68.4163,-20.9598],[-68.2075,-21.2843],[-68.1984,-21.5719],[-68.1076,-21.7896],[-68.0962,-21.954],[-67.9902,-22.0576],[-67.9348,-22.2517],[-67.9453,-22.3542],[-67.8587,-22.5668],[-67.8763,-22.8336],[-67.7714,-22.8887],[-67.5471,-22.8925],[-67.1939,-22.8222],[-67.0377,-22.6546],[-67.0327,-22.5246],[-66.7965,-22.4349],[-66.7359,-22.2251],[-66.3775,-22.1271],[-66.2972,-22.0503],[-66.24,-21.7924],[-66.0945,-21.8329],[-66.0465,-21.918],[-65.9327,-21.9446],[-65.7446,-22.114],[-65.0204,-22.0966],[-64.5869,-22.2128],[-64.572,-22.3432],[-64.4283,-22.5423],[-64.4537,-22.6429],[-64.369,-22.7297],[-64.294,-22.6909],[-64.2508,-22.5407],[-64.1605,-22.4385],[-63.9476,-22.0076],[-63.7404,-22.0506],[-63.6394,-21.9975],[-62.8044,-22.0041],[-62.7909,-22.1132],[-62.6504,-22.2345],[-62.2757,-21.0666],[-62.2773,-20.5798],[-61.9443,-20.1041],[-61.7612,-19.6578],[-60.8339,-19.4679],[-60.0064,-19.2981],[-59.0895,-19.2867],[-58.1753,-19.8214],[-58.1452,-19.9696],[-58.1588,-20.1651],[-57.8597,-19.9801],[-58.1246,-19.7299],[-57.789,-19.0592],[-57.7823,-18.9104],[-57.5511,-18.1836],[-57.7301,-17.8461],[-57.7908,-17.5558],[-57.8541,-17.5085],[-58.0102,-17.4968],[-58.2316,-17.3297],[-58.3812,-17.2672],[-58.4663,-16.8873],[-58.4803,-16.6837],[-58.3561,-16.5095],[-58.3396,-16.2893],[-58.4647,-16.3313],[-59.1082,-16.3087],[-60.1298,-16.2731],[-60.1798,-16.222],[-60.238,-15.5027],[-60.5295,-15.1437],[-60.275,-15.0951],[-60.2917,-14.6301],[-60.3999,-14.3408],[-60.4643,-14.2784],[-60.4735,-14.1172],[-60.3897,-13.9749],[-60.4653,-13.8166],[-60.6527,-13.7188],[-60.8967,-13.5529],[-61.3477,-13.4937],[-61.4588,-13.5437],[-61.5881,-13.5076],[-61.848,-13.5308],[-61.8686,-13.4639],[-62.1125,-13.2318],[-62.1147,-13.1502],[-62.2216,-13.1213],[-62.3818,-13.1399],[-62.4927,-13.065],[-62.6417,-13.03],[-62.6866,-12.965],[-62.8074,-12.9889],[-62.9753,-12.8529],[-63.075,-12.6527],[-63.2473,-12.7013],[-63.3933,-12.6645],[-63.4961,-12.5533],[-63.6577,-12.4754],[-63.8014,-12.4549],[-63.9212,-12.5443],[-64.1448,-12.5204],[-64.2152,-12.4738],[-64.3957,-12.4573],[-64.4898,-12.3736],[-64.4691,-12.2611],[-64.7163,-12.1465],[-64.7925,-12.0325],[-64.9974,-11.9963],[-65.0656,-11.7531],[-65.1962,-11.7418],[-65.1954,-11.5922],[-65.353,-11.3906],[-65.36,-11.2188],[-65.303,-10.9907],[-65.319,-10.8654],[-65.4047,-10.7992],[-65.3811,-10.6981],[-65.4357,-10.6258],[-65.45,-10.4681],[-65.2881,-10.2162],[-65.3333,-9.9268],[-65.3044,-9.8257],[-65.3705,-9.7106],[-65.4518,-9.6814],[-65.584,-9.8372],[-65.7886,-9.733],[-65.8744,-9.7813],[-66.1907,-9.8008],[-66.4529,-9.8887],[-66.6319,-9.9043],[-66.9027,-10.0931],[-67.0643,-10.2569],[-67.2018,-10.3268],[-67.3378,-10.3261],[-67.4882,-10.4648],[-67.5846,-10.5018],[-67.7558,-10.7142],[-67.8626,-10.6588],[-68.0979,-10.6977],[-68.2933,-10.979],[-68.6157,-11.1125],[-68.787,-11.126],[-68.884,-11.0164],[-69.0713,-10.97],[-69.3959,-10.935],[-69.5776,-10.9523],[-69.1316,-11.726],[-68.6843,-12.5025],[-68.8562,-12.7414],[-68.981,-12.8679],[-68.9628,-13.2836],[-68.9857,-13.5502],[-69.081,-13.6954],[-69.016,-13.7531],[-68.983,-13.9722],[-68.9162,-14.0249],[-68.8837,-14.2115],[-69.0101,-14.2459],[-68.9903,-14.379],[-69.2475,-14.5937],[-69.2676,-14.7507],[-69.3614,-14.788],[-69.3907,-14.9644],[-69.1481,-15.2333],[-69.2912,-15.3508],[-69.2929,-15.4099],[-69.4212,-15.5964],[-69.4243,-15.6563],[-69.2196,-16.1528],[-69.1447,-16.2235],[-68.982,-16.21],[-68.8436,-16.302],[-68.8558,-16.3632],[-69.0017,-16.4228],[-69.0389,-16.4919],[-69.0371,-16.6702],[-69.1917,-16.743],[-69.2245,-16.8182],[-69.4072,-17.0157],[-69.4274,-17.0869],[-69.6228,-17.1856],[-69.6665,-17.2883],[-69.5226,-17.3691],[-69.5101,-17.5066]]]},"properties":{"ADMIN":"Bolivia","ADM0_A3":"BOL","NAME_EN":"Bolivia","LABEL_X":-64.593433,"LABEL_Y":-16.666015,"FCLASS_IN":""}},
{"type":"Feature","geometry":{"type":"Polygon","coordinates":[[[-69.5101,-17.5066],[-69.5226,-17.3691],[-69.6665,-17.2883],[-69.6228,-17.1856],[-69.4274,-17.0869],[-69.4072,-17.0157],[-69.2245,-16.8182],[-69.1917,-16.743],[-69.0371,-16.6702],[-69.0389,-16.4919],[-69.0017,-16.4228],[-68.8558,-16.3632],[-68.8436,-16.302],[-68.982,-16.21],[-69.1447,-16.2235],[-69.2196,-16.1528],[-69.4243,-15.6563],[-69.4212,-15.5964],[-69.2929,-15.4099],[-69.2912,-15.3508],[-69.1481,-15.2333],[-69.3907,-14.9644],[-69.3614,-14.788],[-69.2676,-14.7507],[-69.2475,-14.5937],[-68.9903,-14.379],[-69.0101,-14.2459],[-68.8837,-14.2115],[-68.9162,-14.0249],[-68.983,-13.9722],[-69.016,-13.7531],[-69.081,-13.6954],[-68.9857,-13.5502],[-68.9628,-13.2836],[-68.981,-12.8679],[-68.8562,-12.7414],[-68.6843,-12.5025],[-69.1316,-11.726],[-69.5776,-10.9523],[-69.7202,-10.9649],[-69.9561,-10.9193],[-70.2894,-11.0647],[-70.4373,-11.0367],[-70.5341,-10.9381],[-70.6413,-11.0108],[-70.6384,-9.8518],[-70.5434,-9.727],[-70.6808,-9.5277],[-70.8755,-9.6605],[-71.0154,-9.8175],[-71.1611,-9.8756],[-71.1965,-9.9399],[-71.3914,-10.0068],[-72.1957,-10.0056],[-72.1604,-9.8877],[-72.2652,-9.7622],[-72.2617,-9.6674],[-72.3445,-9.5329],[-72.4302,-9.4822],[-72.8133,-9.4109],[-73.215,-9.409],[-72.9594,-9.0856],[-72.9761,-8.9854],[-73.0686,-8.8937],[-73.1746,-8.7207],[-73.3506,-8.5983],[-73.3564,-8.4798],[-73.5265,-8.3724],[-73.668,-8.0138],[-73.7788,-7.9541],[-73.7122,-7.7882],[-73.8388,-7.7206],[-73.9694,-7.5847],[-73.9443,-7.4487],[-73.9794,-7.3745],[-73.7608,-7.3374],[-73.7345,-7.2251],[-73.8123,-7.1029],[-73.7655,-6.9042],[-73.6851,-6.8119],[-73.3707,-6.5839],[-73.199,-6.5456],[-73.1318,-6.4353],[-73.1777,-6.2024],[-73.2348,-6.0776],[-73.14,-5.8785],[-73.0014,-5.7088],[-72.9735,-5.4661],[-72.8967,-5.2716],[-72.9179,-5.1321],[-72.6273,-5.0224],[-72.4041,-4.8602],[-72.3968,-4.8056],[-72.2511,-4.7588],[-72.0711,-4.6051],[-71.7743,-4.4815],[-71.6652,-4.5076],[-71.5061,-4.4486],[-70.9687,-4.3853],[-70.8322,-4.1794],[-70.5853,-4.1945],[-70.4299,-4.1342],[-70.3111,-4.1709],[-70.2313,-4.3037],[-69.9649,-4.2365],[-70.0605,-4.1072],[-70.1884,-4.029],[-70.217,-3.925],[-70.3111,-3.8293],[-70.5443,-3.8652],[-70.7341,-3.782],[-70.0506,-2.7151],[-70.2361,-2.6251],[-70.3575,-2.4869],[-70.457,-2.4927],[-70.5786,-2.4055],[-70.6476,-2.4508],[-70.7066,-2.3283],[-70.8742,-2.2296],[-70.9927,-2.1974],[-71.1428,-2.2629],[-71.2199,-2.3415],[-71.387,-2.3689],[-71.4565,-2.2551],[-71.7679,-2.1422],[-71.9663,-2.3285],[-72.0894,-2.331],[-72.1615,-2.4057],[-72.3966,-2.4465],[-72.6443,-2.3341],[-72.7183,-2.4199],[-72.8047,-2.3778],[-72.9433,-2.419],[-73.0564,-2.2999],[-73.1589,-2.293],[-73.1953,-2.1872],[-73.1111,-2.0734],[-73.1687,-1.9593],[-73.1863,-1.7996],[-73.3403,-1.7922],[-73.531,-1.6737],[-73.4972,-1.478],[-73.6366,-1.2552],[-73.8808,-1.191],[-73.9199,-1.1138],[-74.2891,-0.943],[-74.3106,-0.8014],[-74.3782,-0.7365],[-74.4127,-0.5731],[-74.6423,-0.3398],[-74.6866,-0.3534],[-74.8247,-0.1705],[-74.9335,-0.2094],[-75.1417,-0.0435],[-75.2835,-0.107],[-75.4553,-0.1612],[-75.4848,-0.2477],[-75.4342,-0.403],[-75.272,-0.5257],[-75.2556,-0.6243],[-75.297,-0.747],[-75.2273,-0.9698],[-75.3487,-0.975],[-75.4126,-0.9239],[-75.56,-1.5026],[-76.0912,-2.1289],[-76.6846,-2.5736],[-77.849,-2.9806],[-77.9415,-3.0545],[-78.1964,-3.3637],[-78.3617,-3.4085],[-78.3629,-3.4887],[-78.5018,-3.9537],[-78.6824,-4.3269],[-78.6372,-4.4351],[-78.6727,-4.551],[-78.8531,-4.6523],[-78.9286,-4.7475],[-78.9002,-4.8437],[-79.0093,-4.9601],[-79.3032,-4.9612],[-79.4506,-4.8102],[-79.5279,-4.6181],[-79.5072,-4.5316],[-79.658,-4.4387],[-79.7957,-4.4847],[-80.0797,-4.309],[-80.205,-4.2982],[-80.2397,-4.3698],[-80.4085,-4.4775],[-80.4885,-4.396],[-80.3563,-4.2206],[-80.4696,-4.2132],[-80.5141,-4.0834],[-80.4811,-3.9988],[-80.3046,-4.0052],[-80.1653,-3.89],[-80.2216,-3.7694],[-80.2164,-3.6316],[-80.3407,-3.3935],[-80.3682,-3.4655],[-80.5362,-3.5053],[-80.6131,-3.6157],[-80.7717,-3.7101],[-80.8678,-3.8727],[-80.9929,-3.9721],[-81.0733,-4.0968],[-81.2528,-4.2387],[-81.3289,-4.4767],[-81.3376,-4.6783],[-81.0634,-5.022],[-81.1714,-5.0873],[-81.1985,-5.2081],[-80.9318,-5.4638],[-80.8562,-5.6505],[-80.864,-5.7439],[-80.9399,-5.8508],[-81.0383,-5.8181],[-81.1502,-5.8831],[-81.1015,-6.0721],[-80.7905,-6.2997],[-80.2981,-6.5444],[-80.1189,-6.6506],[-79.9647,-6.7874],[-79.9315,-6.8835],[-79.7082,-7.1068],[-79.6128,-7.2664],[-79.5825,-7.4636],[-79.4353,-7.6744],[-79.4659,-7.7159],[-79.2997,-7.9387],[-79.1247,-8.0651],[-78.9857,-8.2174],[-78.9021,-8.3768],[-78.9403,-8.4355],[-78.7593,-8.6083],[-78.7643,-8.7751],[-78.4974,-9.1895],[-78.484,-9.3303],[-78.4271,-9.4197],[-78.3699,-9.6154],[-78.2294,-9.7938],[-78.2346,-9.9525],[-78.1666,-10.1414],[-78.0558,-10.3475],[-77.6705,-10.9275],[-77.5947,-11.1651],[-77.6473,-11.2923],[-77.3205,-11.4937],[-77.2255,-11.6272],[-77.1459,-11.9321],[-77.1749,-12.0719],[-77.0539,-12.1142],[-77.0383,-12.2044],[-76.8536,-12.3026],[-76.7909,-12.381],[-76.8118,-12.4827],[-76.6815,-12.6193],[-76.63,-12.7507],[-76.5162,-12.8699],[-76.4833,-13.0363],[-76.2211,-13.3576],[-76.1813,-13.5395],[-76.2618,-13.8614],[-76.362,-13.8016],[-76.394,-13.908],[-76.2774,-13.9451],[-76.2821,-14.1409],[-76.1492,-14.2239],[-76.0922,-14.3731],[-75.9806,-14.4611],[-75.9307,-14.6493],[-75.8394,-14.7263],[-75.5506,-14.8849],[-75.3618,-15.1448],[-75.2411,-15.2053],[-75.1608,-15.3933],[-74.8476,-15.5663],[-74.4631,-15.7267],[-74.4417,-15.798],[-74.0466,-15.9601],[-74.0328,-16.0123],[-73.7003,-16.2207],[-73.4203,-16.2931],[-73.2801,-16.3884],[-72.8883,-16.5546],[-72.6924,-16.6607],[-72.5878,-16.6594],[-72.3622,-16.7613],[-72.2934,-16.8806],[-72.1973,-16.9164],[-71.9486,-17.0735],[-71.8076,-17.1913],[-71.5145,-17.2846],[-71.4003,-17.4003],[-71.3596,-17.6331],[-71.3852,-17.6873],[-71.2192,-17.7516],[-71.0866,-17.8691],[-70.9146,-17.9465],[-70.6833,-18.1617],[-70.3947,-18.3377],[-70.1342,-18.3189],[-69.9703,-18.2506],[-69.8653,-18.1446],[-69.7831,-17.9816],[-69.8576,-17.7342],[-69.8181,-17.6591],[-69.6839,-17.656],[-69.5101,-17.5066]]]},"properties":{"ADMIN":"Peru","ADM0_A3":"PER","NAME_EN":"Peru","LABEL_X":-72.90016,"LABEL_Y":-12.976679,"FCLASS_IN":""}},
{"type":"Feature","geometry":{"type":"MultiPolygon","coordinates":[[[[-67.1939,-22.8222],[-67.014,-23.0007],[-67.3398,-24.0006],[-67.3624,-24.0304],[-68.2445,-24.3854],[-68.314,-24.4873],[-68.3977,-24.5005],[-68.5037,-24.6123],[-68.5724,-24.7699],[-68.3674,-25.1034],[-68.516,-25.1836],[-68.606,-25.437],[-68.5594,-25.663],[-68.4985,-25.7549],[-68.4171,-26.0936],[-68.4199,-26.1793],[-68.5752,-26.3035],[-68.5702,-26.5506],[-68.3201,-26.8701],[-68.3305,-27.045],[-68.518,-27.0769],[-68.5859,-27.1628],[-68.8011,-27.1128],[-68.8797,-27.2215],[-68.9314,-27.3952],[-69.1243,-27.7344],[-69.173,-27.9241],[-69.3032,-27.9995],[-69.4203,-28.2126],[-69.653,-28.3979],[-69.6748,-28.5631],[-69.7409,-28.6406],[-69.7358,-28.8124],[-69.8066,-28.9599],[-69.8039,-29.0987],[-69.9109,-29.1432],[-70.0311,-29.2772],[-70.0426,-29.3631],[-69.9291,-29.7183],[-69.9222,-29.9396],[-69.9756,-30.0586],[-69.8497,-30.1266],[-69.9028,-30.3127],[-70.2171,-30.5151],[-70.3195,-30.8008],[-70.3398,-31.0417],[-70.4798,-31.0967],[-70.569,-31.3042],[-70.5914,-31.5496],[-70.4283,-31.8701],[-70.3133,-31.8821],[-70.2417,-31.9615],[-70.3352,-32.14],[-70.3218,-32.2801],[-70.1725,-32.4649],[-70.1804,-32.6302],[-70.14,-32.7683],[-70.0002,-32.8766],[-70.1112,-33.0384],[-70.1008,-33.1869],[-70.01,-33.2991],[-69.9053,-33.2382],[-69.7877,-33.3794],[-69.8954,-33.6623],[-69.9096,-33.9557],[-69.8328,-34.2432],[-70.0403,-34.277],[-70.0587,-34.3958],[-70.2278,-34.5853],[-70.2767,-34.7982],[-70.3537,-34.9533],[-70.3866,-35.1667],[-70.5429,-35.2093],[-70.4082,-35.5062],[-70.4215,-35.6597],[-70.3573,-35.8152],[-70.4202,-35.8684],[-70.3803,-36.046],[-70.4515,-36.1523],[-70.5885,-36.1502],[-70.7031,-36.2601],[-70.7187,-36.4146],[-70.8904,-36.4004],[-71.0433,-36.4843],[-71.0553,-36.6713],[-71.1453,-36.6883],[-71.1465,-37.2148],[-71.2056,-37.2927],[-71.1231,-37.4432],[-71.185,-37.7061],[-71.01,-38.0655],[-71.0167,-38.2647],[-70.9738,-38.4247],[-70.8487,-38.5276],[-70.8738,-38.6914],[-71.228,-38.8088],[-71.4158,-38.9353],[-71.402,-39.236],[-71.4617,-39.4338],[-71.542,-39.5323],[-71.52,-39.615],[-71.7187,-39.6234],[-71.7144,-39.7263],[-71.6248,-39.931],[-71.6837,-40.099],[-71.8007,-40.0797],[-71.8238,-40.2101],[-71.6785,-40.3402],[-71.8042,-40.4264],[-71.8734,-40.6471],[-71.9556,-40.7204],[-71.8514,-40.9383],[-71.904,-41.3677],[-71.8533,-41.5673],[-71.926,-41.6229],[-71.794,-41.8675],[-71.7363,-42.0839],[-71.948,-42.1673],[-72.0399,-42.1447],[-72.1247,-42.2633],[-72.0419,-42.491],[-72.1484,-42.5926],[-72.1127,-42.8638],[-72.1485,-42.9987],[-72.0098,-43.1204],[-71.743,-43.1901],[-71.7507,-43.2953],[-71.9017,-43.322],[-71.9373,-43.4569],[-71.8738,-43.5389],[-71.7238,-43.5948],[-71.7037,-43.6716],[-71.8192,-43.7581],[-71.6599,-43.9263],[-71.7622,-44.0641],[-71.8587,-44.1078],[-71.8063,-44.2225],[-71.822,-44.4032],[-71.4378,-44.4015],[-71.2098,-44.4276],[-71.1227,-44.5303],[-71.336,-44.8016],[-71.4971,-44.7429],[-71.8545,-44.791],[-72.0478,-44.7548],[-72.0809,-44.8866],[-71.8894,-44.9472],[-71.5887,-44.9781],[-71.3115,-45.2995],[-71.5083,-45.4084],[-71.5258,-45.519],[-71.7651,-45.5724],[-71.7985,-45.7399],[-71.7432,-45.8576],[-71.6123,-45.9705],[-71.7702,-46.1126],[-71.7519,-46.393],[-71.6849,-46.5192],[-71.6872,-46.6901],[-71.9341,-46.7995],[-72,-47.0422],[-71.8626,-47.1689],[-72.0098,-47.1982],[-72.1706,-47.4075],[-72.3287,-47.4265],[-72.3444,-47.6023],[-72.5439,-47.9148],[-72.343,-48.0704],[-72.3256,-48.2855],[-72.4331,-48.4004],[-72.5768,-48.4521],[-72.5923,-48.7911],[-72.7429,-48.9138],[-73.0097,-48.9904],[-73.1832,-49.2391],[-73.0982,-49.2728],[-73.1187,-49.3924],[-73.0597,-49.555],[-73.1967,-49.6824],[-73.4651,-49.76],[-73.5727,-49.9324],[-73.4808,-50.0227],[-73.5306,-50.1408],[-73.3229,-50.2684],[-73.2619,-50.5566],[-73.1777,-50.7495],[-73.0961,-50.7706],[-72.7784,-50.6196],[-72.6181,-50.6668],[-72.506,-50.6013],[-72.3028,-50.6489],[-72.3381,-50.7606],[-72.2635,-50.8363],[-72.2934,-51.0292],[-72.3822,-51.1606],[-72.3134,-51.298],[-72.3515,-51.5835],[-72.2811,-51.7015],[-72.0726,-51.7786],[-71.9585,-51.868],[-71.9177,-51.9901],[-70.7101,-52.0007],[-69.9528,-52.0074],[-69.4853,-52.1325],[-69.2123,-52.138],[-68.8205,-52.2432],[-68.4545,-52.2999],[-68.4486,-52.3466],[-68.3656,-52.3062],[-68.6851,-52.005],[-68.9359,-51.6455],[-69.1196,-51.6048],[-68.9637,-51.5007],[-69.0627,-51.3215],[-69.1678,-50.9782],[-69.15,-50.7421],[-69.0765,-50.5602],[-68.8764,-50.3306],[-68.4381,-50.2008],[-68.3283,-50.1202],[-68.0764,-50.0873],[-67.8332,-49.9545],[-67.732,-49.7813],[-67.6533,-49.3771],[-67.7042,-49.3039],[-67.5565,-49.0158],[-67.4057,-48.9042],[-67.1983,-48.8184],[-67.1143,-48.6738],[-66.651,-48.4311],[-66.4685,-48.4003],[-66.3009,-48.2519],[-65.9641,-48.057],[-65.8471,-47.9444],[-65.8456,-47.7422],[-65.7357,-47.5095],[-65.7449,-47.2042],[-65.9796,-47.0662],[-66.2005,-47.0896],[-66.6288,-47.0512],[-66.7864,-47.0066],[-67.13,-46.7066],[-67.4232,-46.5674],[-67.5409,-46.4013],[-67.6225,-46.1638],[-67.5477,-45.9334],[-67.3606,-45.7767],[-67.3319,-45.6135],[-67.0648,-45.3499],[-66.8689,-45.2356],[-66.524,-45.2161],[-66.4677,-45.077],[-66.2004,-44.9929],[-65.8416,-45.0032],[-65.6906,-45.0627],[-65.6026,-45.0277],[-65.5729,-44.8958],[-65.7154,-44.87],[-65.6855,-44.7125],[-65.3257,-44.5083],[-65.2169,-44.3664],[-65.3087,-44.2001],[-65.2224,-44.0369],[-65.3182,-43.8322],[-65.3341,-43.6726],[-65.2754,-43.5873],[-65.0323,-43.3781],[-65.0323,-43.2994],[-64.7652,-43.1474],[-64.4476,-43.0686],[-64.5131,-42.9363],[-64.9971,-42.7848],[-64.946,-42.6542],[-64.6149,-42.5153],[-64.3226,-42.5424],[-64.2186,-42.6559],[-64.251,-42.7521],[-64.1079,-42.8837],[-63.7366,-42.8248],[-63.6203,-42.7512],[-63.5793,-42.593],[-63.5905,-42.3412],[-63.7096,-42.1344],[-63.81,-42.0702],[-64.1622,-42.2094],[-64.0684,-42.2696],[-64.1276,-42.4327],[-64.5663,-42.436],[-64.5315,-42.2442],[-64.8573,-42.1936],[-65.005,-42.0932],[-65.0696,-41.9858],[-64.9999,-41.7934],[-65.0372,-41.6651],[-64.9933,-41.553],[-65.0612,-41.4484],[-65.1751,-41.0102],[-65.1219,-40.8337],[-64.9465,-40.7114],[-64.7962,-40.7233],[-64.773,-40.8061],[-64.4171,-40.9107],[-64.1743,-41.009],[-64.0621,-40.9994],[-63.7794,-41.1588],[-63.0995,-41.1549],[-62.7294,-41.0411],[-62.3378,-40.8727],[-62.2543,-40.7464],[-62.2506,-40.6222],[-62.4149,-40.4621],[-62.4842,-40.2875],[-62.3687,-40.2112],[-62.3663,-40.0541],[-62.3146,-39.8694],[-62.1642,-39.8588],[-62.1117,-39.7325],[-62.0558,-39.4519],[-62.1954,-39.3971],[-62.1679,-39.2834],[-62.3164,-39.2652],[-62.3578,-39.1022],[-62.274,-38.9545],[-62.3798,-38.7984],[-62.1573,-38.8105],[-62.0267,-38.9376],[-61.5181,-39.0115],[-61.428,-38.9825],[-61.1434,-39.0011],[-60.8657,-38.9757],[-59.8893,-38.8385],[-59.6324,-38.7838],[-59.0632,-38.6938],[-58.567,-38.5589],[-58.1557,-38.4301],[-57.5936,-38.1528],[-57.5357,-38.0842],[-57.5119,-37.8723],[-57.3092,-37.6454],[-57.0559,-37.4127],[-56.8887,-37.162],[-56.6864,-36.9277],[-56.6649,-36.851],[-56.6976,-36.3962],[-56.7679,-36.3439],[-56.9287,-36.3637],[-57.1083,-36.2823],[-57.248,-36.1703],[-57.3664,-35.9879],[-57.3933,-35.863],[-57.3526,-35.7275],[-57.1449,-35.4842],[-57.1336,-35.4167],[-57.2488,-35.2488],[-57.522,-35.0132],[-57.7588,-34.9097],[-57.871,-34.8299],[-58.1549,-34.7504],[-58.4742,-34.5216],[-58.5115,-34.4359],[-58.4602,-34.2729],[-58.3786,-34.1882],[-58.3954,-34.0312],[-58.5494,-33.683],[-58.5217,-33.4493],[-58.4123,-33.2983],[-58.3832,-33.0755],[-58.2414,-33.0951],[-58.1468,-33.05],[-58.2228,-32.5343],[-58.2001,-32.4472],[-58.1016,-32.3114],[-58.1865,-32.1529],[-58.1483,-32.0629],[-58.1686,-31.846],[-58.0593,-31.8115],[-57.9868,-31.5541],[-58.0752,-31.4752],[-57.9902,-31.3993],[-57.9051,-31.241],[-57.8552,-31.059],[-57.9117,-30.9474],[-57.8072,-30.9076],[-57.8179,-30.712],[-57.8858,-30.5899],[-57.8496,-30.4853],[-57.6527,-30.3291],[-57.6425,-30.1931],[-57.6117,-30.183],[-57.5062,-30.1443],[-57.3252,-29.981],[-57.3085,-29.8485],[-57.0942,-29.752],[-56.9658,-29.6009],[-56.677,-29.3134],[-56.6173,-29.1609],[-56.4158,-29.0514],[-56.3916,-28.9522],[-56.301,-28.8814],[-56.2861,-28.7802],[-56.1847,-28.7442],[-56.0219,-28.5857],[-56.0116,-28.4966],[-55.8981,-28.4607],[-55.7725,-28.232],[-55.6047,-28.1169],[-55.4407,-28.0789],[-55.3299,-27.9281],[-55.1977,-27.8606],[-55.0258,-27.8402],[-54.9132,-27.7369],[-54.8275,-27.5451],[-54.6997,-27.553],[-54.6053,-27.468],[-54.4608,-27.4126],[-54.2869,-27.4284],[-54.1895,-27.2609],[-54.0918,-27.2852],[-54.0181,-27.2123],[-53.8192,-27.1397],[-53.7107,-26.8738],[-53.746,-26.6939],[-53.7244,-26.3761],[-53.6667,-26.2192],[-53.8262,-25.9727],[-53.8373,-25.8092],[-53.91,-25.6292],[-54.2148,-25.5315],[-54.4606,-25.6421],[-54.6002,-25.5749],[-54.6431,-25.6879],[-54.5879,-25.8108],[-54.6623,-25.9799],[-54.6383,-26.197],[-54.7065,-26.4418],[-54.7898,-26.5285],[-54.7931,-26.645],[-54.9033,-26.6599],[-54.9753,-26.7878],[-55.1258,-26.8636],[-55.1384,-26.9537],[-55.2806,-26.9343],[-55.414,-26.9799],[-55.4619,-27.098],[-55.599,-27.1826],[-55.5913,-27.3284],[-55.7547,-27.4437],[-55.9131,-27.3278],[-56.1246,-27.2989],[-56.2798,-27.3896],[-56.3675,-27.5806],[-56.5464,-27.4551],[-56.7712,-27.5067],[-56.9044,-27.4187],[-57.1801,-27.4873],[-57.3352,-27.4095],[-57.5357,-27.4072],[-57.6978,-27.3335],[-58.022,-27.2598],[-58.5108,-27.2784],[-58.6533,-27.1563],[-58.5115,-27.0602],[-58.4598,-26.9282],[-58.2479,-26.7582],[-58.2062,-26.4027],[-58.0865,-26.1272],[-57.8727,-26.0103],[-57.8754,-25.8761],[-57.7537,-25.6727],[-57.6231,-25.6154],[-57.5569,-25.4598],[-57.7541,-25.1809],[-57.8905,-25.0787],[-57.9698,-25.0785],[-58.2241,-24.9412],[-58.312,-24.9936],[-58.4734,-24.8513],[-58.8092,-24.7768],[-59.0009,-24.6442],[-59.341,-24.4876],[-59.4597,-24.3585],[-60.0337,-24.007],[-60.328,-24.018],[-60.5936,-23.9122],[-60.8376,-23.8718],[-61.0063,-23.8055],[-61.1188,-23.6664],[-61.1099,-23.607],[-61.297,-23.4814],[-61.4918,-23.4132],[-61.6051,-23.2893],[-61.7443,-23.2348],[-61.845,-23.0972],[-61.9564,-23.0344],[-62.0358,-22.8849],[-62.1708,-22.7173],[-62.2872,-22.4839],[-62.6327,-22.296],[-62.6504,-22.2345],[-62.7909,-22.1132],[-62.8044,-22.0041],[-63.6394,-21.9975],[-63.7404,-22.0506],[-63.9476,-22.0076],[-64.1605,-22.4385],[-64.2508,-22.5407],[-64.294,-22.6909],[-64.369,-22.7297],[-64.4537,-22.6429],[-64.4283,-22.5423],[-64.572,-22.3432],[-64.5869,-22.2128],[-65.0204,-22.0966],[-65.7446,-22.114],[-65.9327,-21.9446],[-66.0465,-21.918],[-66.0945,-21.8329],[-66.24,-21.7924],[-66.2972,-22.0503],[-66.3775,-22.1271],[-66.7359,-22.2251],[-66.7965,-22.4349],[-67.0327,-22.5246],[-67.0377,-22.6546],[-67.1939,-22.8222]]],[[[-68.6419,-54.783],[-68.5203,-54.8522],[-68.0776,-54.8461],[-67.031,-54.9052],[-66.8028,-54.9426],[-66.5405,-55.051],[-66.3171,-54.995],[-65.9934,-54.9724],[-65.9662,-54.9021],[-65.4997,-54.933],[-65.3323,-54.9138],[-65.1556,-54.6406],[-65.3093,-54.6266],[-65.6981,-54.6624],[-65.8442,-54.6474],[-66.4822,-54.4658],[-66.7666,-54.2498],[-67.2978,-54.0538],[-67.5715,-53.908],[-67.5582,-53.8362],[-67.9836,-53.6013],[-68.1114,-53.3438],[-68.4514,-53.2977],[-68.5508,-53.2385],[-68.5207,-53.1206],[-68.266,-52.9806],[-68.6276,-52.6396],[-68.6347,-53.7109],[-68.6419,-54.783]]],[[[-63.8884,-54.7299],[-64.3755,-54.7214],[-64.7587,-54.8323],[-64.6072,-54.9006],[-63.8884,-54.7299]]],[[[-62.1553,-40.3742],[-62.2373,-40.5099],[-62.1087,-40.5641],[-62.0285,-40.4549],[-62.1553,-40.3742]]]]},"properties":{"ADMIN":"Argentina","ADM0_A3":"ARG","NAME_EN":"Argentina","LABEL_X":-64.173331,"LABEL_Y":-33.501159,"FCLASS_IN":""}},
{"type":"Feature","geometry":{"type":"Polygon","coordinates":[[[33.7015,34.9729],[33.7809,34.9763],[33.7818,34.9762],[33.8918,34.9581],[33.7194,35.0628],[33.7015,34.9729]]]},"properties":{"ADMIN":"Dhekelia Sovereign Base Area","ADM0_A3":"ESB","NAME_EN":"Dhekelia Cantonment","LABEL_X":33.790583,"LABEL_Y":35.011042,"FCLASS_IN":""}},
{"type":"Feature","geometry":{"type":"Polygon","coordinates":[[[33.7015,34.9729],[33.7194,35.0628],[33.8918,34.9581],[34.051,35.033],[33.8999,35.1645],[33.9714,35.3213],[34.5728,35.6435],[34.1817,35.5542],[34.0356,35.4714],[33.6603,35.3593],[33.4275,35.3289],[32.9204,35.3978],[32.9294,35.233],[32.8652,35.157],[32.6504,35.1881],[32.5276,35.157],[32.3723,35.0415],[32.3294,34.8864],[32.4133,34.7535],[32.6658,34.6522],[32.7607,34.6532],[32.8323,34.7009],[33.0156,34.6344],[33.0723,34.6868],[33.2456,34.6982],[33.6056,34.8218],[33.7015,34.9729]]]},"properties":{"ADMIN":"Cyprus","ADM0_A3":"CYP","NAME_EN":"Cyprus","LABEL_X":33.084182,"LABEL_Y":34.913329,"FCLASS_IN":""}},
{"type":"Feature","geometry":{"type":"MultiPolygon","coordinates":[[[[80.996,30.197],[80.976,30.2552],[80.7817,30.321],[80.7231,30.392],[80.2528,30.565],[80.1669,30.6619],[80.1693,30.7853],[80.0625,30.7848],[79.8335,30.9615],[79.5296,30.9536],[79.395,31.0367],[79.3022,31.1635],[79.2383,31.3297],[79.0702,31.4614],[78.921,31.2697],[78.7385,31.335],[78.7626,31.4451],[78.6995,31.51],[78.8189,31.6074],[78.6709,31.7705],[78.7446,31.9642],[78.458,32.2297],[78.4475,32.5663],[78.6302,32.578],[78.7133,32.6375],[78.7714,32.4617],[78.9434,32.3464],[79.0917,32.3906],[79.1129,32.4724],[79.2874,32.5326],[79.4435,32.5348],[79.6207,32.7287],[79.4141,32.9721],[79.3732,33.1121],[79.4561,33.2504],[79.2601,33.2918],[79.098,33.2877],[78.9177,33.3863],[78.896,33.6201],[79.0113,33.658],[78.8875,33.9465],[78.9351,34.0072],[79.1323,34.0265],[79.376,34.0114],[79.495,34.1059],[79.5484,34.2506],[79.5103,34.4122],[79.6696,34.4074],[79.7136,34.5348],[79.8521,34.6444],[80.0497,34.6731],[80.0779,34.8373],[80.1626,34.9509],[80.2026,35.1909],[80.2418,35.2232],[80.2915,35.6074],[80.1111,35.68],[80.0045,35.8389],[79.8756,35.785],[79.4608,35.8858],[79.3637,35.9752],[79.1836,35.9413],[79.1325,35.8362],[78.9714,35.8874],[78.6648,35.8525],[78.4352,35.761],[78.1423,35.6058],[77.9548,35.5617],[77.8898,35.4818],[77.6606,35.4581],[77.5196,35.4774],[77.5087,35.5802],[77.3486,35.7198],[77.0896,35.7402],[77.0086,35.8197],[76.7789,35.9103],[76.7587,36.11],[76.6689,36.1904],[76.4286,36.2395],[76.3889,36.3098],[76.239,36.3199],[76.1493,36.4245],[75.9811,36.4454],[75.7905,36.6878],[75.5705,36.7667],[75.4105,36.7473],[75.3513,36.9158],[75.1001,36.9941],[74.9105,36.9626],[74.6624,37.0545],[74.5424,37.0217],[74.394,36.994],[74.0943,36.8312],[73.9469,36.8309],[73.7118,36.8941],[73.869,36.785],[73.6734,36.7045],[73.416,36.7521],[73.0782,36.7008],[73.0945,36.6033],[72.9808,36.4708],[72.6924,36.2711],[72.5649,36.2301],[72.5292,36.1026],[72.5882,36.0128],[72.5156,35.904],[72.7924,35.8376],[72.8722,35.8743],[73.0853,35.8765],[73.1353,35.715],[73.5048,35.5339],[73.7584,35.527],[73.6889,35.3067],[74.1247,35.0992],[74.0121,34.8762],[73.7584,34.7925],[73.6479,34.6678],[73.6389,34.5855],[73.4471,34.558],[73.4002,34.3755],[73.4741,34.2692],[73.5186,34.0078],[73.5798,33.9105],[73.5672,33.8034],[73.6252,33.5755],[73.5738,33.3874],[73.6225,33.1245],[73.8224,33.0132],[73.983,32.9691],[74.521,32.7453],[74.6497,32.7231],[74.6296,32.5881],[74.725,32.4608],[75.0237,32.4663],[75.1962,32.3973],[75.359,32.2617],[75.2947,32.1489],[74.9557,32.0322],[74.8286,32.0254],[74.5656,31.8405],[74.4894,31.7112],[74.6119,31.4402],[74.5064,31.1754],[74.601,31.0566],[74.5193,30.9625],[74.3298,30.8996],[74.1637,30.6649],[74.0571,30.5916],[73.9391,30.4261],[73.8518,30.3727],[73.9444,30.1883],[73.7397,30.0485],[73.5578,30.0125],[73.3703,29.9273],[73.2329,29.5366],[73.0509,29.2282],[72.9015,29.0226],[72.3822,28.784],[72.2565,28.6456],[72.1499,28.3538],[71.9882,28.2281],[71.8916,28.0971],[71.8609,27.9502],[71.5607,27.8685],[71.3114,27.8617],[71.1507,27.8224],[70.8316,27.7015],[70.7104,27.7412],[70.6332,27.9316],[70.4562,28.0398],[70.3419,28.0115],[70.0907,27.7936],[70.0169,27.6006],[69.848,27.4104],[69.5756,27.1884],[69.5076,27.0501],[69.4651,26.8078],[69.5042,26.7352],[69.8156,26.5803],[70.0561,26.5891],[70.1581,26.5301],[70.132,26.1805],[70.0646,25.9803],[70.2646,25.6973],[70.4772,25.6763],[70.5923,25.7088],[70.6575,25.6336],[70.6466,25.4314],[70.7231,25.2873],[70.8599,25.1394],[70.8933,25.0019],[71.0639,24.6826],[70.9548,24.5845],[70.9967,24.3566],[70.9177,24.3617],[70.7555,24.2314],[70.5602,24.2873],[70.5629,24.4241],[70.4164,24.4019],[70.1097,24.3049],[69.972,24.1652],[69.6706,24.1887],[69.5631,24.2768],[69.2808,24.2837],[68.9808,24.2554],[68.8903,24.3195],[68.7259,24.2892],[68.7245,23.9652],[68.4316,23.9671],[68.2519,23.9048],[68.183,23.8421],[68.1637,23.7577],[68.3273,23.5869],[68.4237,23.4458],[68.561,23.3639],[68.5523,23.2597],[68.6913,23.1305],[68.8662,23.02],[69.2388,22.8419],[69.7158,22.7469],[69.8332,22.8585],[70.2693,22.9586],[70.3988,22.9455],[70.3988,23.069],[70.5272,23.0236],[70.3753,22.9027],[70.1785,22.562],[69.9621,22.5353],[69.7887,22.4232],[69.7422,22.473],[69.6161,22.3559],[69.3599,22.3292],[69.2121,22.2739],[69.2057,22.3987],[68.9744,22.4047],[68.9446,22.2951],[68.9942,22.2039],[69.1984,21.9797],[69.4785,21.7526],[69.8147,21.4337],[70.0544,21.1532],[70.3367,20.9271],[70.5415,20.8078],[70.8402,20.7019],[70.9824,20.7102],[71.3186,20.8493],[71.4623,20.8853],[71.7176,21.032],[72.1047,21.2051],[72.1045,21.315],[72.2422,21.4808],[72.2957,21.6539],[72.166,21.7939],[72.1281,21.9835],[72.2577,22.0122],[72.3172,22.1849],[72.5531,22.2825],[72.5071,21.9623],[72.5628,21.8394],[72.5321,21.7139],[72.7981,21.6735],[72.7511,21.5651],[72.6196,21.4874],[72.5737,21.3901],[72.6061,21.2666],[72.7996,21.1288],[72.7839,21.0404],[72.945,20.77],[72.8792,20.5124],[72.7482,20.2803],[72.7078,20.0128],[72.6501,19.842],[72.714,19.7458],[72.718,19.6067],[72.8242,19.0535],[72.8914,18.9918],[72.9269,18.8266],[72.8524,18.7699],[72.9212,18.5549],[72.8897,18.4413],[72.9774,18.2951],[72.981,18.0806],[73.1232,17.7233],[73.1317,17.5394],[73.2347,17.3023],[73.2894,16.9838],[73.2747,16.8488],[73.3216,16.6925],[73.3192,16.5098],[73.447,16.0689],[73.5876,15.9029],[73.6868,15.7131],[73.7663,15.4973],[73.8859,15.4352],[73.9473,15.1608],[73.9131,15.0789],[74.0313,14.9953],[74.1113,14.7803],[74.2632,14.7016],[74.3098,14.5194],[74.3942,14.4108],[74.5047,14.0102],[74.6146,13.8355],[74.8176,12.8618],[74.9553,12.5373],[75.1309,12.2078],[75.1937,12.0223],[75.2904,11.9811],[75.5308,11.6937],[75.6165,11.4736],[75.6952,11.42],[75.8328,11.0978],[75.922,10.7656],[76.0524,10.514],[76.1775,10.1706],[76.2782,9.9779],[76.3592,9.9154],[76.3118,9.493],[76.363,9.3252],[76.544,8.9125],[76.9959,8.3681],[77.3156,8.1278],[77.5109,8.076],[78.0628,8.3732],[78.1283,8.488],[78.1779,8.8611],[78.2398,8.9656],[78.4499,9.1166],[78.6188,9.1405],[78.9568,9.2748],[78.9133,9.4743],[78.9808,9.6672],[79.2004,9.9703],[79.2791,10.0358],[79.2363,10.1666],[79.3981,10.3247],[79.5322,10.3232],[79.7598,10.2582],[79.8513,10.2822],[79.8638,10.3787],[79.8407,10.9501],[79.8553,11.1599],[79.822,11.3911],[79.752,11.577],[79.7859,11.7692],[79.8618,12.022],[80.156,12.4745],[80.2287,12.675],[80.2858,13.0676],[80.3328,13.1981],[80.327,13.4304],[80.1194,13.5007],[80.0565,13.5952],[80.1973,13.6436],[80.2372,13.8397],[80.1639,13.988],[80.1211,14.242],[80.175,14.3445],[80.197,14.565],[80.1107,14.7048],[80.0545,15.0141],[80.0906,15.3049],[80.1729,15.4383],[80.2632,15.6745],[80.4691,15.8347],[80.6904,15.9007],[80.7761,15.8843],[80.8303,15.7476],[80.91,15.8527],[80.9989,15.8467],[81.1554,15.9855],[81.2485,16.3201],[81.3174,16.3675],[81.763,16.3226],[81.9927,16.4084],[82.3074,16.5798],[82.3656,16.8116],[82.2679,16.8675],[82.2993,17.0303],[82.4749,17.206],[82.7185,17.3486],[82.8968,17.4093],[83.0882,17.5307],[83.2389,17.593],[83.4312,17.8542],[83.6139,18.0452],[83.7752,18.1396],[84.0774,18.2716],[84.2817,18.5256],[84.4237,18.6365],[84.6309,18.9157],[84.7411,19.0281],[84.8721,19.2199],[85.1804,19.475],[85.1045,19.5149],[85.221,19.736],[85.4636,19.9029],[85.5703,19.8756],[85.5492,19.6906],[85.7444,19.7657],[86.2686,19.9103],[86.3724,19.965],[86.4951,20.1841],[86.7017,20.2847],[86.7339,20.4622],[87.0036,20.657],[86.9522,20.8491],[86.844,21.0822],[86.8373,21.1747],[86.9177,21.3274],[87.0637,21.475],[87.2009,21.552],[87.7038,21.6555],[87.9705,21.8365],[88.0508,21.985],[88.2038,21.8054],[88.1809,21.685],[88.2493,21.5583],[88.3931,21.6002],[88.5781,21.5717],[88.6234,21.7103],[88.5671,21.8508],[88.69,21.946],[88.6849,21.6972],[88.7625,21.5559],[88.8816,21.672],[89.0003,21.6034],[89.0827,21.6173],[88.993,21.9127],[89.0609,21.9385],[89.0604,22.1299],[88.9081,22.7408],[88.9445,22.848],[88.8428,22.9646],[88.8513,23.0751],[88.9547,23.1838],[88.6859,23.2933],[88.7194,23.4681],[88.5401,23.65],[88.5936,23.8669],[88.7142,23.9252],[88.6741,24.0826],[88.7375,24.2871],[88.4754,24.3155],[88.1388,24.4953],[88.0218,24.6456],[88.2025,24.9453],[88.3228,24.8747],[88.4258,25.0511],[88.4315,25.173],[88.5991,25.1931],[88.8986,25.1693],[88.9753,25.3026],[88.842,25.3328],[88.7723,25.502],[88.6454,25.4673],[88.5303,25.5002],[88.4194,25.6538],[88.2275,25.8043],[88.1277,25.7749],[88.0744,25.9081],[88.1638,26.1405],[88.3087,26.2061],[88.3668,26.3134],[88.4955,26.3781],[88.3536,26.4846],[88.3528,26.5787],[88.6563,26.4151],[88.808,26.2334],[88.9027,26.2729],[88.9502,26.4369],[89.0437,26.3811],[89.1316,26.1338],[89.3515,25.9969],[89.4806,25.9992],[89.6029,26.0553],[89.5628,26.1426],[89.6584,26.2079],[89.8301,25.908],[89.7831,25.8144],[89.8344,25.6348],[89.795,25.3742],[89.9081,25.2969],[90.1301,25.2116],[90.3646,25.15],[90.738,25.1694],[90.822,25.1423],[91.2357,25.2019],[91.471,25.1339],[91.5661,25.16],[92.0018,25.183],[92.3035,25.0743],[92.4581,24.9533],[92.3807,24.8367],[92.2522,24.903],[92.2338,24.7775],[92.1076,24.406],[91.95,24.3754],[91.9059,24.2606],[91.5965,24.105],[91.363,24.0998],[91.2163,23.9084],[91.1408,23.6121],[91.2273,23.4688],[91.3005,23.1423],[91.4636,23.1841],[91.5366,22.9819],[91.6947,22.9881],[91.7956,23.0895],[91.7437,23.2723],[91.7916,23.3683],[91.9408,23.4952],[92.0035,23.6474],[92.1508,23.7317],[92.2528,23.6093],[92.3569,23.2891],[92.3276,23.1714],[92.3787,22.9004],[92.4959,22.6956],[92.577,22.1687],[92.5759,21.9776],[92.6509,22.0192],[92.7081,22.148],[92.8539,22.0241],[92.9672,22.0627],[93.169,22.2469],[93.1659,22.3866],[93.0992,22.512],[93.0795,22.7727],[93.1755,22.8817],[93.1382,23.0053],[93.2988,23.018],[93.3749,23.1297],[93.4324,23.6473],[93.3748,23.739],[93.303,24.0411],[93.3683,24.0785],[93.4567,23.96],[93.6124,24.0091],[93.8037,23.9361],[93.9979,23.917],[94.0997,23.8426],[94.1903,23.9953],[94.29,24.3168],[94.5163,24.705],[94.5895,24.7473],[94.7086,25.0259],[94.6891,25.1385],[94.5501,25.2453],[94.608,25.3946],[94.8508,25.5628],[95.0088,25.7371],[95.0006,25.922],[95.1395,26.0299],[95.0463,26.248],[95.0406,26.4756],[95.1191,26.6042],[95.3927,26.6918],[95.4898,26.8107],[95.5913,26.8237],[95.778,26.9951],[95.8889,27.027],[96.0132,27.1908],[96.1426,27.2575],[96.5109,27.2925],[96.5869,27.3536],[96.7589,27.3417],[96.8653,27.1716],[97.0268,27.0915],[97.1348,27.1273],[96.9051,27.4084],[96.8702,27.6191],[97.0604,27.7505],[97.2229,27.8997],[97.3335,27.8942],[97.3065,28.0697],[97.3235,28.2175],[97.1155,28.3666],[96.934,28.3366],[96.7169,28.4365],[96.5615,28.4473],[96.3696,28.3781],[96.3365,28.4797],[96.598,28.7099],[96.5767,28.8085],[96.4576,28.9946],[96.3666,29.0365],[96.1953,28.9411],[96.1746,29.1088],[96.3164,29.1719],[96.2054,29.2569],[96.142,29.3685],[95.7448,29.3404],[95.7172,29.2183],[95.5153,29.2094],[95.4876,29.069],[95.3674,29.0365],[95.2249,29.0594],[95.0477,29.1408],[94.7766,29.1667],[94.6304,29.3195],[94.5286,29.2312],[94.3964,29.2071],[94.2708,29.0979],[94.3473,29.0243],[94.2502,28.9331],[93.992,28.8446],[93.9278,28.6828],[93.8631,28.7049],[93.4462,28.6719],[93.3172,28.6035],[93.1863,28.432],[93.2078,28.3405],[92.9749,28.2823],[92.8503,28.1919],[92.6548,28.1058],[92.7364,27.9859],[92.575,27.8478],[92.4044,27.8538],[92.3039,27.7862],[92.2396,27.8653],[92.0649,27.7617],[91.8649,27.73],[91.8266,27.8076],[91.6283,27.8527],[91.5951,27.5464],[91.7796,27.4565],[91.9751,27.4724],[92.0848,27.3042],[91.9959,27.158],[92.0839,26.9373],[92.0359,26.8548],[91.7953,26.8535],[91.7021,26.8035],[91.5206,26.7976],[91.4063,26.8695],[91.276,26.7741],[91.1982,26.8023],[90.7171,26.767],[90.5878,26.7801],[90.3826,26.8918],[90.1774,26.8321],[90.0892,26.7417],[89.8221,26.701],[89.6852,26.7246],[89.3417,26.8543],[89.1846,26.8106],[88.9545,26.9126],[88.8276,27.0979],[88.7301,27.151],[88.8923,27.3155],[88.7736,27.4085],[88.741,27.5457],[88.8057,27.6551],[88.8539,27.8437],[88.8177,27.9947],[88.6105,28.1058],[88.3788,27.9826],[88.1267,27.9504],[88.1182,27.8609],[88.1597,27.7741],[88.0233,27.4949],[88.0351,27.3226],[87.9707,27.1027],[88.0769,26.9918],[88.1691,26.744],[88.0742,26.4539],[88.0066,26.3699],[87.8707,26.4607],[87.587,26.378],[87.3842,26.4186],[87.3262,26.3533],[87.0833,26.4321],[87.0413,26.5802],[86.7964,26.4315],[86.7136,26.4146],[86.2844,26.612],[86.2029,26.5846],[86.0114,26.6544],[85.8216,26.5717],[85.7129,26.6532],[85.6878,26.8119],[85.5986,26.8544],[85.2873,26.737],[85.162,26.851],[85.044,26.8437],[84.924,26.9557],[84.8019,27.0138],[84.6402,27.0284],[84.6577,27.2034],[84.577,27.329],[84.2894,27.3761],[84.0796,27.5095],[84.0289,27.4537],[83.8341,27.434],[83.848,27.351],[83.5904,27.4566],[83.361,27.4622],[83.3049,27.3319],[83.1328,27.4442],[82.7521,27.495],[82.6521,27.7041],[82.4019,27.6772],[82.0516,27.9052],[81.8557,27.8509],[81.6889,27.9632],[81.3071,28.1238],[81.1463,28.3722],[81.0004,28.397],[80.7817,28.5147],[80.6483,28.6198],[80.4975,28.6701],[80.3498,28.6202],[80.2333,28.7327],[80.0364,28.837],[80.1326,29.1102],[80.2331,29.1393],[80.2787,29.2681],[80.2137,29.4169],[80.3852,29.6048],[80.369,29.7579],[80.4762,29.8061],[80.5713,29.9469],[80.6541,29.9706],[80.8298,30.1171],[80.996,30.197]]],[[[93.9203,7.0243],[93.865,7.2007],[93.814,7.2418],[93.6764,7.1819],[93.6492,7.0131],[93.7175,6.9926],[93.8137,6.8083],[93.8899,6.801],[93.9203,7.0243]]],[[[92.5851,10.7713],[92.5276,10.8955],[92.3757,10.775],[92.4026,10.5752],[92.513,10.508],[92.5742,10.5806],[92.5851,10.7713]]],[[[93.0527,13.2839],[93.0425,13.5712],[92.9585,13.5502],[92.8474,13.3449],[92.8542,13.1461],[92.808,13.0201],[92.8003,12.8578],[92.7375,12.8072],[92.76,12.6511],[92.7217,12.5994],[92.7178,12.3625],[92.7927,12.2077],[92.6401,12.1361],[92.6419,12.0363],[92.5397,11.8944],[92.5603,11.7414],[92.6336,11.5826],[92.7267,11.5062],[92.7969,11.8651],[92.7375,11.9612],[92.7688,12.0847],[92.8926,12.2145],[92.9386,12.4381],[92.9906,12.5192],[92.964,12.8649],[92.9053,12.9822],[93.0195,13.0336],[93.0527,13.2839]]]]},"properties":{"ADMIN":"India","ADM0_A3":"IND","NAME_EN":"India","LABEL_X":79.358105,"LABEL_Y":22.686852,"FCLASS_IN":""}},
{"type":"Feature","geometry":{"type":"Polygon","coordinates":[[[34.2484,31.2114],[34.4804,30.6512],[34.5338,30.4002],[34.5995,30.3445],[34.8244,29.7417],[34.8867,29.4901],[34.9556,29.559],[35.049,29.8423],[35.0863,30.034],[35.1453,30.1549],[35.14,30.4302],[35.2053,30.6171],[35.3853,30.9633],[35.4385,31.1037],[35.3957,31.2577],[35.4581,31.4919],[35.2233,31.381],[34.9274,31.3449],[34.8672,31.3964],[34.9736,31.6304],[35.149,31.7373],[35.1739,31.8076],[35.0343,31.8611],[34.9582,32.1865],[35.0644,32.4631],[35.2086,32.5426],[35.3929,32.4945],[35.4069,32.4148],[35.561,32.3847],[35.56,32.6327],[35.6118,32.6819],[35.6382,32.8747],[35.6213,33.0503],[35.6722,33.15],[35.6039,33.2401],[35.4801,33.0874],[35.1052,33.089],[35.0796,32.9058],[34.9475,32.8142],[34.9421,32.7245],[34.8377,32.2807],[34.7119,31.9516],[34.4812,31.5831],[34.556,31.5398],[34.3673,31.3928],[34.3509,31.2893],[34.2484,31.2114]]]},"properties":{"ADMIN":"Israel","ADM0_A3":"ISR","NAME_EN":"Israel","LABEL_X":34.847915,"LABEL_Y":30.911148,"FCLASS_IN":""}},
{"type":"Feature","geometry":{"type":"MultiPolygon","coordinates":[[[[34.4812,31.5831],[34.2003,31.3143],[34.2484,31.2114],[34.3509,31.2893],[34.3673,31.3928],[34.556,31.5398],[34.4812,31.5831]]],[[[35.561,32.3847],[35.4069,32.4148],[35.3929,32.4945],[35.2086,32.5426],[35.0644,32.4631],[34.9582,32.1865],[35.0343,31.8611],[35.1739,31.8076],[35.149,31.7373],[34.9736,31.6304],[34.8672,31.3964],[34.9274,31.3449],[35.2233,31.381],[35.4581,31.4919],[35.4801,31.6411],[35.5594,31.7653],[35.5228,32.0578],[35.5725,32.2376],[35.561,32.3847]]]]},"properties":{"ADMIN":"Palestine","ADM0_A3":"PSX","NAME_EN":"Palestine","LABEL_X":35.291341,"LABEL_Y":32.047431,"FCLASS_IN":""}},
{"type":"Feature","geometry":{"type":"Polygon","coordinates":[[[35.1052,33.089],[35.4801,33.0874],[35.6039,33.2401],[35.9195,33.4624],[36.0129,33.608],[35.9216,33.6403],[36.0504,33.8164],[36.2672,33.9104],[36.3911,34.0447],[36.6041,34.1991],[36.5306,34.4142],[36.2616,34.6272],[35.9699,34.6498],[35.9832,34.5386],[35.8054,34.4587],[35.6272,34.2011],[35.6477,34.1191],[35.5784,33.9167],[35.4773,33.8039],[35.3491,33.5139],[35.271,33.4575],[35.1747,33.1702],[35.1052,33.089]]]},"properties":{"ADMIN":"Lebanon","ADM0_A3":"LBN","NAME_EN":"Lebanon","LABEL_X":35.992892,"LABEL_Y":34.133368,"FCLASS_IN":""}},
{"type":"Feature","geometry":{"type":"Polygon","coordinates":[[[34.0707,9.4546],[34.1119,8.6266],[33.9708,8.4454],[33.6955,8.3729],[33.6001,8.464],[33.3614,8.4343],[33.2527,8.4582],[33.1741,8.4045],[33.2069,8.2407],[32.9898,7.9172],[33.0513,7.8011],[33.2424,7.7807],[33.3598,7.7193],[33.4623,7.7495],[33.5723,7.6852],[33.7161,7.6572],[33.8824,7.5361],[34.0065,7.4099],[34.0311,7.2554],[34.1958,7.129],[34.2976,6.9686],[34.5037,6.89],[34.5247,6.7529],[34.6355,6.7298],[34.7335,6.6376],[34.8447,6.2487],[34.9515,6.0812],[34.9844,5.841],[35.0987,5.6225],[35.262,5.5119],[35.3208,5.3487],[35.4302,5.4272],[35.5982,5.3687],[35.6583,5.3864],[35.8042,5.318],[35.8071,5.1653],[35.7559,5.0634],[35.7516,4.8544],[35.7845,4.7642],[35.9208,4.6193],[35.9338,4.5222],[36.0413,4.4437],[36.6195,4.4434],[36.8441,4.4322],[37.0157,4.3706],[37.1119,4.2823],[37.9767,3.7264],[38.1019,3.6126],[38.3899,3.5969],[38.4969,3.6239],[38.6603,3.5945],[38.8952,3.5136],[39.0679,3.5266],[39.1805,3.477],[39.4362,3.4624],[39.5363,3.405],[39.575,3.4979],[39.7451,3.6606],[39.8485,3.8673],[40.3827,4.1214],[40.7637,4.2849],[40.8874,4.1561],[41.0059,4.0867],[41.1145,3.9623],[41.2153,3.9366],[41.4295,3.9489],[41.6998,3.9969],[41.885,3.9772],[41.9235,4.0706],[42.1353,4.2001],[42.2973,4.2017],[42.7898,4.2856],[42.8689,4.3268],[42.9604,4.5174],[43.1193,4.6477],[43.5285,4.8416],[43.969,4.954],[44.9126,4.8994],[44.9415,4.9115],[45.2924,5.2935],[45.936,5.9967],[46.4239,6.4967],[47.3959,7.4342],[47.9792,7.9966],[46.9792,7.9966],[46.9205,8.0256],[46.1019,8.2997],[45.5144,8.4965],[44.5448,8.8146],[44.0239,8.9855],[43.6215,9.3369],[43.419,9.413],[43.3707,9.5442],[43.2353,9.6918],[43.1872,9.8833],[43.0677,9.9225],[42.9582,10.1156],[42.8363,10.2081],[42.7766,10.4246],[42.6472,10.6322],[42.6996,10.6585],[42.8194,10.8726],[42.9237,10.9988],[42.7718,10.9965],[42.6156,11.0897],[42.3918,11.0059],[42.0694,10.9815],[41.9542,10.9413],[41.7987,10.9707],[41.788,11.2597],[41.7491,11.538],[41.8082,11.7362],[41.9364,11.8274],[42.3795,12.4659],[42.1373,12.7733],[41.9466,12.8762],[41.8166,13.1128],[41.7118,13.2479],[41.5307,13.3938],[41.192,13.6159],[41.0436,13.8725],[40.8332,14.106],[40.4216,14.2738],[40.2771,14.4046],[40.1046,14.466],[39.9112,14.4234],[39.7669,14.5048],[39.4894,14.5245],[39.2082,14.4402],[39.0755,14.6374],[38.8661,14.4937],[38.4268,14.4172],[38.325,14.5046],[38.2293,14.6797],[38.0067,14.7244],[37.8915,14.8795],[37.565,14.1167],[37.4754,14.1996],[37.394,14.3501],[37.2938,14.4574],[37.1211,14.4208],[37.0727,14.2853],[36.7481,14.3321],[36.5264,14.2635],[36.4366,13.9912],[36.4582,13.8201],[36.3821,13.571],[36.2336,13.3616],[36.1144,12.9339],[36.1236,12.7214],[35.7284,12.6744],[35.6169,12.5752],[35.3537,12.146],[35.3174,12.0237],[35.2156,11.8966],[35.0482,11.7714],[35.0731,11.549],[34.9471,11.2749],[34.9803,11.1553],[34.9143,10.964],[34.9338,10.8453],[34.8385,10.7291],[34.7507,10.7439],[34.5871,10.8793],[34.4373,10.7957],[34.2795,10.5655],[34.3249,10.2687],[34.3035,10.1135],[34.2219,10.026],[34.0982,9.6797],[34.0707,9.4546]]]},"properties":{"ADMIN":"Ethiopia","ADM0_A3":"ETH","NAME_EN":"Ethiopia","LABEL_X":39.0886,"LABEL_Y":8.032795,"FCLASS_IN":""}},
{"type":"Feature","geometry":{"type":"Polygon","coordinates":[[[35.9208,4.6193],[35.7845,4.7642],[35.7516,4.8544],[35.7559,5.0634],[35.8071,5.1653],[35.8042,5.318],[35.6583,5.3864],[35.5982,5.3687],[35.4302,5.4272],[35.3208,5.3487],[35.262,5.5119],[35.0987,5.6225],[34.9844,5.841],[34.9515,6.0812],[34.8447,6.2487],[34.7335,6.6376],[34.6355,6.7298],[34.5247,6.7529],[34.5037,6.89],[34.2976,6.9686],[34.1958,7.129],[34.0311,7.2554],[34.0065,7.4099],[33.8824,7.5361],[33.7161,7.6572],[33.5723,7.6852],[33.4623,7.7495],[33.3598,7.7193],[33.2424,7.7807],[33.0513,7.8011],[32.9898,7.9172],[33.2069,8.2407],[33.1741,8.4045],[33.2527,8.4582],[33.3614,8.4343],[33.6001,8.464],[33.6955,8.3729],[33.9708,8.4454],[34.1119,8.6266],[34.0707,9.4546],[33.9009,9.4553],[33.8777,9.5434],[33.9049,9.7107],[33.9691,9.8383],[33.9668,10.0473],[33.9021,10.192],[33.469,10.5439],[33.3706,10.6509],[33.1507,10.731],[33.1821,10.8432],[33.0829,11.5846],[33.1324,11.6862],[33.145,11.9347],[33.2092,12.2104],[32.7318,12.2162],[32.7467,12.0027],[32.0822,11.9998],[32.3452,11.7091],[32.3642,11.24],[32.4141,11.0509],[31.9429,10.6556],[31.8642,10.4721],[31.6648,10.2142],[31.2348,9.7923],[31.1644,9.764],[30.7493,9.7358],[30.4846,9.972],[30.013,10.2705],[29.6154,10.0581],[29.6139,9.9145],[29.4831,9.7617],[29.2524,9.7112],[28.9895,9.5871],[28.8493,9.4659],[28.8438,9.3245],[28.0451,9.3314],[27.8951,9.5954],[27.3392,9.6128],[27.0804,9.6068],[26.6943,9.4769],[26.5569,9.5205],[26.1795,9.959],[26.1026,9.9878],[26.0167,10.1149],[25.9009,10.1911],[25.8949,10.3458],[25.8431,10.4178],[25.4795,10.3438],[25.0841,10.2932],[25.0171,10.168],[24.9763,9.9674],[24.7927,9.7984],[24.7944,9.5322],[24.6802,9.3734],[24.661,9.1823],[24.5654,9.0149],[24.5584,8.8867],[24.3801,8.8442],[24.1703,8.6893],[24.2437,8.5702],[24.1372,8.4389],[24.1314,8.3431],[24.3321,8.2457],[24.4311,8.2714],[24.5128,8.2071],[24.6149,8.2171],[24.8321,8.1657],[24.9526,7.9966],[25.0896,7.8849],[25.2169,7.8641],[25.2794,7.6595],[25.1652,7.5799],[25.1904,7.5012],[25.3162,7.4172],[25.36,7.3356],[26.0261,6.9967],[26.081,6.8423],[26.2362,6.72],[26.378,6.6533],[26.277,6.4774],[26.2896,6.3872],[26.452,6.2803],[26.528,6.0432],[26.705,6.0098],[26.8189,5.8946],[26.9811,5.8592],[27.0295,5.7899],[27.1704,5.7203],[27.2607,5.5503],[27.2201,5.4409],[27.3013,5.2052],[27.4413,5.0707],[27.4363,5.0132],[27.5527,4.9005],[27.641,4.8909],[27.7669,4.7354],[27.7724,4.5958],[28.0089,4.4991],[28.1776,4.3472],[28.3032,4.3522],[28.4041,4.2778],[28.5482,4.3708],[28.7554,4.554],[28.8153,4.4783],[28.9862,4.4959],[29.1735,4.348],[29.3039,4.3871],[29.4941,4.6683],[29.6185,4.6416],[29.7777,4.5239],[29.7762,4.4056],[29.8827,4.344],[29.9232,4.2578],[30.1227,4.1025],[30.2059,3.9504],[30.3379,3.9279],[30.5389,3.8415],[30.5726,3.601],[30.6934,3.6319],[30.8377,3.5627],[30.8395,3.4902],[30.9444,3.6793],[31.1415,3.7851],[31.295,3.7742],[31.5054,3.6599],[31.6685,3.705],[31.781,3.8158],[31.9163,3.6803],[31.9437,3.5913],[32.1746,3.5209],[32.1878,3.6192],[32.3718,3.7311],[32.7564,3.769],[33.0172,3.8772],[33.1954,3.7571],[33.4473,3.7444],[33.5326,3.7743],[33.9771,4.2197],[34.3812,4.6202],[34.6663,4.765],[35.2457,4.9817],[35.4116,5.0304],[35.3961,4.9264],[35.5708,4.9043],[35.5222,4.7805],[35.6106,4.62],[35.7004,4.5891],[35.9208,4.6193]]]},"properties":{"ADMIN":"South Sudan","ADM0_A3":"SDS","NAME_EN":"South Sudan","LABEL_X":30.390151,"LABEL_Y":7.230477,"FCLASS_IN":""}},
{"type":"Feature","geometry":{"type":"Polygon","coordinates":[[[42.9237,10.9988],[42.8194,10.8726],[42.6996,10.6585],[42.6472,10.6322],[42.7766,10.4246],[42.8363,10.2081],[42.9582,10.1156],[43.0677,9.9225],[43.1872,9.8833],[43.2353,9.6918],[43.3707,9.5442],[43.419,9.413],[43.6215,9.3369],[44.0239,8.9855],[44.5448,8.8146],[45.5144,8.4965],[46.1019,8.2997],[46.9205,8.0256],[46.9792,7.9966],[47.9792,7.9966],[47.3959,7.4342],[46.4239,6.4967],[45.936,5.9967],[45.2924,5.2935],[44.9415,4.9115],[44.9126,4.8994],[43.969,4.954],[43.5285,4.8416],[43.1193,4.6477],[42.9604,4.5174],[42.8689,4.3268],[42.7898,4.2856],[42.2973,4.2017],[42.1353,4.2001],[41.9235,4.0706],[41.885,3.9772],[41.3427,3.2011],[40.9654,2.8141],[40.9685,1.7472],[40.9685,0.6223],[40.9685,-0.0027],[40.9798,-0.8708],[41.5229,-1.5728],[41.5351,-1.6963],[41.6521,-1.5651],[41.842,-1.2249],[42.0809,-0.8629],[42.2503,-0.6856],[42.6478,-0.2289],[42.7703,-0.1293],[43.0902,0.2234],[43.4676,0.6206],[43.7819,0.9216],[43.9326,1.0098],[44.1455,1.2296],[44.5501,1.5591],[45.0015,1.8664],[45.2322,1.9677],[45.8263,2.3088],[46.027,2.4381],[46.2365,2.6676],[46.6257,3.0239],[46.8342,3.2325],[47.013,3.4411],[47.4893,3.9363],[47.578,4.0599],[47.9485,4.4571],[48.0557,4.6129],[48.2024,4.9089],[48.448,5.2087],[48.5481,5.3751],[48.6467,5.48],[49.0361,6.1442],[49.0856,6.3074],[49.0747,6.4153],[49.2473,6.8106],[49.367,7.0257],[49.5866,7.3148],[49.8193,7.7399],[49.8421,7.9627],[50.0583,8.1303],[50.1564,8.3206],[50.2902,8.4868],[50.3265,8.6411],[50.422,8.8571],[50.6484,9.1104],[50.6768,9.2592],[50.7683,9.3193],[50.8403,9.4561],[50.8062,9.6245],[50.9004,10.0241],[50.8838,10.1013],[50.9274,10.3278],[51.0901,10.4073],[51.241,10.4256],[51.1382,10.6767],[51.1151,10.9934],[51.1744,11.1588],[51.0859,11.188],[51.0813,11.3415],[51.1209,11.5053],[51.2478,11.6524],[51.2927,11.8331],[51.0293,11.8851],[50.7979,11.9891],[50.5759,11.921],[50.5127,11.7712],[50.2683,11.5893],[50.0725,11.5087],[49.9344,11.5129],[49.8512,11.4649],[49.5768,11.46],[49.5217,11.3938],[49.2396,11.3003],[48.9041,11.2477],[48.6548,11.3306],[48.3428,11.2755],[48.1608,11.1457],[47.6777,11.108],[47.5227,11.187],[47.3669,11.1728],[47.1807,11.0805],[47.0081,10.939],[46.8814,10.8931],[46.6597,10.7543],[46.4478,10.6931],[46.3351,10.7097],[46.2074,10.7962],[46.1022,10.7707],[45.8027,10.8753],[45.5861,10.7659],[45.4871,10.6847],[45.3373,10.6708],[44.962,10.4158],[44.7507,10.4279],[44.5861,10.3836],[44.3892,10.3972],[44.2743,10.4567],[43.8296,10.803],[43.6589,10.988],[43.5832,11.1352],[43.4881,11.2389],[43.4597,11.3511],[43.2407,11.4879],[42.9237,10.9988]]]},"properties":{"ADMIN":"Somalia","ADM0_A3":"SOM","NAME_EN":"Somalia","LABEL_X":45.19238,"LABEL_Y":3.568925,"FCLASS_IN":""}},
{"type":"Feature","geometry":{"type":"Polygon","coordinates":[[[35.9208,4.6193],[35.7004,4.5891],[35.6106,4.62],[35.5222,4.7805],[35.5708,4.9043],[35.3961,4.9264],[35.4116,5.0304],[35.2457,4.9817],[34.6663,4.765],[34.3812,4.6202],[33.9771,4.2197],[34.0693,4.088],[34.0611,4.0078],[34.2789,3.7097],[34.4397,3.6677],[34.4345,3.5262],[34.3821,3.466],[34.434,3.182],[34.5456,3.0974],[34.5747,2.9461],[34.6405,2.8601],[34.7301,2.8529],[34.8187,2.598],[34.9236,2.4773],[34.8656,2.3475],[34.9675,2.1019],[34.9787,1.6759],[34.779,1.3885],[34.7979,1.2319],[34.6838,1.2091],[34.5075,1.1025],[34.388,0.8158],[34.2762,0.6808],[34.1324,0.5728],[34.088,0.3674],[33.8936,0.1098],[33.9535,-0.1544],[33.8948,-0.6627],[33.9042,-1.0026],[34.0525,-1.0404],[34.5569,-1.3219],[35.4156,-1.8013],[35.8449,-2.0411],[36.7035,-2.5204],[37.6449,-3.046],[37.7001,-3.3144],[37.5903,-3.4041],[37.5991,-3.5134],[37.7223,-3.54],[37.771,-3.6554],[38.5083,-4.1862],[39.1906,-4.6775],[39.2643,-4.6066],[39.3625,-4.634],[39.5511,-4.4021],[39.6697,-4.088],[39.7864,-3.9172],[39.867,-3.6949],[39.849,-3.6252],[39.9652,-3.3992],[40.1291,-3.2519],[40.1192,-3.1835],[40.2251,-2.9937],[40.1626,-2.9343],[40.175,-2.7626],[40.2439,-2.6567],[40.3898,-2.5603],[40.5236,-2.5251],[40.6159,-2.5525],[40.8286,-2.3748],[40.8381,-2.245],[40.9248,-2.2172],[40.9043,-2.0803],[41.0287,-2.0432],[41.199,-1.9431],[41.3035,-1.9561],[41.5351,-1.6963],[41.5229,-1.5728],[40.9798,-0.8708],[40.9685,-0.0027],[40.9685,0.6223],[40.9685,1.7472],[40.9654,2.8141],[41.3427,3.2011],[41.885,3.9772],[41.6998,3.9969],[41.4295,3.9489],[41.2153,3.9366],[41.1145,3.9623],[41.0059,4.0867],[40.8874,4.1561],[40.7637,4.2849],[40.3827,4.1214],[39.8485,3.8673],[39.7451,3.6606],[39.575,3.4979],[39.5363,3.405],[39.4362,3.4624],[39.1805,3.477],[39.0679,3.5266],[38.8952,3.5136],[38.6603,3.5945],[38.4969,3.6239],[38.3899,3.5969],[38.1019,3.6126],[37.9767,3.7264],[37.1119,4.2823],[37.0157,4.3706],[36.8441,4.4322],[36.6195,4.4434],[36.0413,4.4437],[35.9338,4.5222],[35.9208,4.6193]]]},"properties":{"ADMIN":"Kenya","ADM0_A3":"KEN","NAME_EN":"Kenya","LABEL_X":37.907632,"LABEL_Y":0.549043,"FCLASS_IN":""}},
{"type":"Feature","geometry":{"type":"Polygon","coordinates":[[[34.9646,-11.5736],[34.8866,-11.3754],[34.7591,-11.3375],[34.7141,-11.2027],[34.6211,-11.1197],[34.593,-11.0162],[34.6455,-10.9132],[34.6724,-10.7395],[34.5811,-10.5397],[34.5853,-10.3007],[34.4833,-9.9462],[34.2881,-9.7085],[34.1032,-9.5299],[34.0127,-9.4775],[33.8653,-9.6696],[33.7346,-9.5841],[33.4042,-9.6049],[33.3003,-9.4922],[33.1729,-9.511],[32.9923,-9.3914],[32.9209,-9.4079],[32.992,-9.5018],[32.9747,-9.6013],[33.0892,-9.644],[33.1754,-9.6023],[33.2167,-9.7271],[33.337,-9.8237],[33.3656,-9.8988],[33.31,-10.0127],[33.5333,-10.2312],[33.5293,-10.3186],[33.6742,-10.577],[33.501,-10.7692],[33.3191,-10.8181],[33.2803,-10.9133],[33.3037,-11.0346],[33.3909,-11.1648],[33.2303,-11.4166],[33.2126,-11.5638],[33.3026,-11.6097],[33.3127,-11.8987],[33.2549,-12.0726],[33.3301,-12.2983],[33.5181,-12.3718],[33.3732,-12.5185],[33.2551,-12.5319],[33.0248,-12.6127],[32.9411,-12.7699],[33.005,-12.893],[32.9659,-13.1168],[32.9951,-13.1909],[32.9196,-13.2948],[32.8743,-13.4432],[32.7228,-13.5734],[32.8594,-13.8081],[33.0494,-13.9966],[33.1545,-13.9366],[33.2027,-14.0139],[33.4392,-14.3807],[33.6042,-14.524],[33.7742,-14.53],[33.8889,-14.4882],[34.3441,-14.3874],[34.5018,-14.5757],[34.5058,-14.7003],[34.5842,-14.9845],[34.5487,-15.0576],[34.5691,-15.2712],[34.4101,-15.4813],[34.404,-15.6468],[34.2471,-15.7941],[34.2332,-15.8898],[34.3877,-16.037],[34.3852,-16.1865],[34.446,-16.2932],[34.5247,-16.3008],[34.655,-16.4894],[34.7321,-16.5292],[35.0045,-16.8146],[35.0958,-16.8173],[35.1134,-16.9603],[35.0365,-17.0359],[35.0813,-17.1241],[35.305,-17.1042],[35.276,-16.9552],[35.2782,-16.7007],[35.1319,-16.5376],[35.2144,-16.4842],[35.2588,-16.2715],[35.3746,-16.141],[35.6976,-16.1075],[35.7957,-16.005],[35.8405,-15.4172],[35.7845,-15.1952],[35.9043,-14.8869],[35.8633,-14.8767],[35.853,-14.6675],[35.5228,-14.2627],[35.4557,-14.137],[35.0841,-13.7042],[34.8944,-13.5347],[34.6406,-13.4924],[34.5453,-13.3257],[34.5493,-13.1591],[34.4945,-12.6874],[34.354,-12.1995],[34.3801,-12.1039],[34.5638,-11.8309],[34.6512,-11.57],[34.9646,-11.5736]]]},"properties":{"ADMIN":"Malawi","ADM0_A3":"MWI","NAME_EN":"Malawi","LABEL_X":33.608082,"LABEL_Y":-13.386737,"FCLASS_IN":""}},
{"type":"Feature","geometry":{"type":"MultiPolygon","coordinates":[[[[32.9209,-9.4079],[32.9923,-9.3914],[33.1729,-9.511],[33.3003,-9.4922],[33.4042,-9.6049],[33.7346,-9.5841],[33.8653,-9.6696],[34.0127,-9.4775],[34.1032,-9.5299],[34.2881,-9.7085],[34.4833,-9.9462],[34.5853,-10.3007],[34.5811,-10.5397],[34.6724,-10.7395],[34.6455,-10.9132],[34.593,-11.0162],[34.6211,-11.1197],[34.7141,-11.2027],[34.7591,-11.3375],[34.8866,-11.3754],[34.9646,-11.5736],[35.6548,-11.5783],[35.6956,-11.4946],[35.8264,-11.4135],[35.9397,-11.4341],[36.1681,-11.5787],[36.1997,-11.7015],[36.4949,-11.6809],[36.563,-11.7313],[36.747,-11.6665],[36.8201,-11.5736],[37.0444,-11.5957],[37.2266,-11.6938],[37.4278,-11.7226],[37.7837,-11.5589],[37.8752,-11.3191],[38.0708,-11.2558],[38.2566,-11.2771],[38.3477,-11.3588],[38.4923,-11.4135],[38.6542,-11.2758],[38.7597,-11.2632],[38.8963,-11.1677],[39.1262,-11.1397],[39.2866,-11.1542],[39.4827,-10.9992],[39.7605,-10.9431],[40.0081,-10.8111],[40.4369,-10.4748],[40.4494,-10.3454],[40.3387,-10.3488],[40.2321,-10.2005],[39.9866,-10.1397],[39.9143,-10.0339],[39.7795,-9.9301],[39.7523,-9.7486],[39.6507,-9.4448],[39.6438,-9.1891],[39.4933,-9.0795],[39.4919,-8.9384],[39.4089,-8.8702],[39.4391,-8.7555],[39.36,-8.6944],[39.3031,-8.5055],[39.28,-8.3093],[39.3456,-8.2574],[39.4544,-8.0104],[39.4435,-7.8326],[39.2962,-7.6884],[39.304,-7.4485],[39.4268,-7.1923],[39.5475,-7.1183],[39.5505,-6.9938],[39.4645,-6.8577],[39.2937,-6.8152],[39.2127,-6.6418],[39.0409,-6.4701],[38.9647,-6.4732],[38.8522,-6.3487],[38.8568,-6.1637],[38.778,-6.0307],[38.8325,-5.8156],[38.9988,-5.4653],[39.0742,-5.1863],[39.1387,-5.1032],[39.1304,-4.9181],[39.207,-4.8723],[39.1906,-4.6775],[38.5083,-4.1862],[37.771,-3.6554],[37.7223,-3.54],[37.5991,-3.5134],[37.5903,-3.4041],[37.7001,-3.3144],[37.6449,-3.046],[36.7035,-2.5204],[35.8449,-2.0411],[35.4156,-1.8013],[34.5569,-1.3219],[34.0525,-1.0404],[33.9042,-1.0026],[33.2731,-1.0026],[32.3576,-1.0026],[31.4422,-1.0026],[30.8284,-1.0026],[30.6386,-1.0734],[30.4718,-1.0668],[30.5553,-1.3184],[30.7375,-1.4067],[30.7329,-1.4764],[30.831,-1.5942],[30.8299,-1.9606],[30.8878,-2.0825],[30.8344,-2.3453],[30.6748,-2.3517],[30.5546,-2.4006],[30.416,-2.6456],[30.4505,-2.7418],[30.4158,-2.8517],[30.7189,-2.9895],[30.8322,-3.1728],[30.7998,-3.2746],[30.6405,-3.3329],[30.6129,-3.4449],[30.4689,-3.513],[30.3801,-3.6856],[30.2088,-3.9305],[30.1498,-4.0868],[30.003,-4.2719],[29.8003,-4.3639],[29.7283,-4.4616],[29.4042,-4.4498],[29.4013,-4.5869],[29.321,-4.8363],[29.3778,-5.0875],[29.4556,-5.23],[29.4964,-5.3917],[29.5935,-5.6203],[29.603,-5.7817],[29.4761,-6.0021],[29.5255,-6.2731],[29.7386,-6.6524],[30.0909,-6.89],[30.2347,-7.0571],[30.3696,-7.3103],[30.4416,-7.5963],[30.655,-7.9274],[30.7521,-8.1941],[30.8283,-8.3881],[30.9595,-8.5505],[31.1198,-8.6166],[31.3533,-8.5872],[31.539,-8.7036],[31.5534,-8.8091],[31.6727,-8.913],[31.7876,-8.8922],[31.9366,-8.9326],[31.9177,-9.0225],[32.1341,-9.0641],[32.2113,-9.1268],[32.383,-9.1339],[32.518,-9.2582],[32.7132,-9.2858],[32.9209,-9.4079]]],[[[39.8957,-7.6376],[39.7972,-7.7919],[39.7153,-7.8116],[39.6219,-7.9392],[39.6499,-7.9939],[39.8233,-7.914],[39.8934,-7.7541],[39.8957,-7.6376]]],[[[39.5435,-6.3212],[39.4583,-6.1972],[39.3543,-5.8967],[39.1904,-5.9142],[39.2129,-6.1142],[39.177,-6.1579],[39.2642,-6.3024],[39.5085,-6.4628],[39.5435,-6.3212]]],[[[39.6431,-5.414],[39.7961,-5.4068],[39.8556,-5.2294],[39.8059,-4.9609],[39.6773,-4.9451],[39.7425,-5.1618],[39.6431,-5.414]]]]},"properties":{"ADMIN":"United Republic of Tanzania","ADM0_A3":"TZA","NAME_EN":"Tanzania","LABEL_X":34.959183,"LABEL_Y":-6.051866,"FCLASS_IN":""}},
{"type":"Feature","geometry":{"type":"MultiPolygon","coordinates":[[[[97.3235,28.2175],[97.4367,28.2864],[97.5277,28.5295],[97.6996,28.488],[97.74,28.3826],[97.8975,28.3553],[98.1187,28.1408],[98.1071,27.9731],[98.1767,27.8981],[98.2044,27.7273],[98.2947,27.5366],[98.3833,27.5558],[98.4,27.6757],[98.6793,27.5773],[98.7042,27.3042],[98.6726,27.1756],[98.7492,26.7714],[98.7556,26.625],[98.7172,26.4087],[98.6578,26.3116],[98.7055,26.1749],[98.5455,26.1056],[98.5824,25.9823],[98.6924,25.879],[98.61,25.8006],[98.4613,25.7947],[98.3326,25.567],[98.1502,25.6131],[98.1084,25.3889],[97.8889,25.2056],[97.8236,25.2616],[97.7375,25.0905],[97.6639,24.8298],[97.5361,24.745],[97.5196,24.4308],[97.6399,24.4393],[97.7184,24.2777],[97.7077,24.1253],[97.5165,23.9428],[97.6371,23.8636],[97.89,24.0226],[98.1815,24.1187],[98.3307,24.0995],[98.5033,24.1213],[98.5852,24.0757],[98.867,24.1433],[98.8562,24.0838],[98.6633,23.9695],[98.6637,23.7969],[98.7779,23.7693],[98.8574,23.6043],[98.7809,23.5329],[98.8755,23.4464],[98.9107,23.2976],[98.859,23.1794],[99.0264,23.1604],[99.2166,23.0574],[99.351,23.1193],[99.4782,23.0658],[99.5346,22.9493],[99.4144,22.8569],[99.3079,22.7196],[99.3578,22.4955],[99.1664,22.2046],[99.1664,22.1321],[99.3649,22.0989],[99.4386,22.1242],[99.7392,22.0668],[99.821,22.0178],[99.9424,22.0455],[99.9202,21.852],[99.9503,21.7212],[100.0823,21.6845],[100.09,21.5289],[100.1871,21.4279],[100.3265,21.5243],[100.4567,21.455],[100.6217,21.4691],[100.797,21.6261],[101.0687,21.762],[101.1739,21.6119],[101.159,21.5527],[101.1714,21.4034],[101.2348,21.3637],[101.209,21.2455],[101.2753,21.1741],[101.4951,21.2428],[101.756,21.1433],[101.8237,21.2345],[101.7225,21.3042],[101.7285,21.7175],[101.7515,21.8064],[101.6068,21.9676],[101.5182,22.2282],[101.6061,22.2848],[101.6545,22.4461],[101.7132,22.4915],[101.8178,22.4063],[102.0146,22.4461],[102.1187,22.3975],[102.218,22.4107],[102.3769,22.6156],[102.4427,22.7652],[102.5358,22.6958],[102.6927,22.6705],[102.8452,22.5852],[102.8937,22.4874],[102.9891,22.4376],[103.142,22.5378],[103.1417,22.607],[103.2525,22.6786],[103.3096,22.7879],[103.4017,22.7378],[103.4731,22.5916],[103.5509,22.6408],[103.6469,22.799],[103.8668,22.5754],[103.9854,22.5272],[104.0238,22.7192],[104.2133,22.825],[104.2495,22.7283],[104.3402,22.6864],[104.5535,22.836],[104.7282,22.8391],[104.827,22.9543],[104.7979,23.0856],[105.0611,23.2325],[105.3323,23.318],[105.5172,23.1677],[105.5516,23.0597],[105.6903,23.044],[105.8539,22.9046],[105.9992,22.9754],[106.2024,22.947],[106.3157,22.8538],[106.4878,22.9254],[106.6675,22.8675],[106.7355,22.6954],[106.6802,22.5794],[106.5688,22.5746],[106.5269,22.4278],[106.6629,22.2233],[106.7224,22.007],[107.0211,21.8923],[107.0658,21.7958],[107.1724,21.7151],[107.2727,21.7183],[107.3482,21.5994],[107.6132,21.6056],[107.7448,21.6575],[107.9912,21.4857],[108.1353,21.5819],[108.4481,21.6581],[108.5714,21.8128],[108.7516,21.6501],[108.8552,21.685],[108.9702,21.6064],[109.1358,21.603],[109.2146,21.4174],[109.5308,21.4916],[109.5728,21.5817],[109.7086,21.4833],[109.918,21.4894],[109.9048,21.3907],[109.8074,21.3559],[109.7732,21.2154],[109.6702,21.1232],[109.7098,21.0572],[109.6612,20.9276],[109.7732,20.8215],[109.7459,20.6298],[109.8221,20.5165],[110.0155,20.4184],[110.0271,20.3008],[110.1275,20.248],[110.2803,20.253],[110.4,20.3008],[110.5342,20.4783],[110.4085,20.5859],[110.3375,20.7258],[110.3862,20.826],[110.1567,20.8489],[110.1567,20.986],[110.4815,21.2172],[110.6365,21.2302],[110.7905,21.4038],[110.8694,21.3847],[111.2063,21.532],[111.3013,21.4993],[111.438,21.5341],[111.6305,21.5299],[111.6904,21.6038],[111.992,21.7638],[112.1727,21.8144],[112.2449,21.7065],[112.3633,21.7333],[112.4432,21.8284],[112.608,21.7751],[112.6451,21.8494],[112.826,21.9661],[112.9571,21.8757],[113.0286,21.9611],[113.0266,22.1432],[113.1575,22.0247],[113.2306,22.0432],[113.3027,22.1833],[113.4837,22.1551],[113.5877,22.2379],[113.5464,22.4376],[113.5992,22.5752],[113.4395,22.7394],[113.3679,22.8807],[113.4737,22.9182],[113.5364,23.0631],[113.6121,22.9947],[113.6626,22.7981],[113.7444,22.7612],[113.8903,22.4527],[113.9519,22.5238],[114.0824,22.5294],[114.2298,22.5558],[114.3956,22.6135],[114.5371,22.5672],[114.5238,22.6872],[114.7167,22.7908],[114.7438,22.6094],[114.8658,22.6017],[115.0655,22.796],[115.2456,22.8354],[115.3735,22.6942],[115.5239,22.7418],[115.584,22.8803],[115.6533,22.8937],[115.8099,22.8083],[115.958,22.8047],[116.171,22.8645],[116.2985,22.9632],[116.4947,22.9394],[116.5633,23.0188],[116.5336,23.1091],[116.7313,23.2577],[116.8666,23.4502],[116.9176,23.6379],[117.0234,23.6587],[117.0784,23.5646],[117.2636,23.6554],[117.2923,23.7622],[117.4635,23.7883],[117.5824,23.8893],[117.8936,24.028],[117.9893,24.1931],[118.1265,24.262],[117.9893,24.3948],[118.0448,24.576],[118.131,24.6201],[118.3517,24.5823],[118.4281,24.6313],[118.5711,24.569],[118.7468,24.7207],[118.7161,24.8436],[118.9973,24.9534],[118.8779,25.0407],[118.9873,25.2222],[119.2888,25.1891],[119.2887,25.3254],[119.1096,25.4068],[119.366,25.5207],[119.5049,25.4749],[119.4832,25.3712],[119.646,25.3926],[119.5584,25.5638],[119.6165,25.8926],[119.699,25.9726],[119.5664,26.0502],[119.4409,25.9638],[119.2468,25.9672],[119.1952,26.0876],[119.4585,25.9825],[119.6736,26.2805],[119.6898,26.4595],[119.8189,26.4532],[119.6751,26.6188],[119.5542,26.6152],[119.5846,26.7946],[119.888,26.6872],[119.9463,26.7969],[120.0797,26.6461],[120.1282,26.7969],[120.1257,26.9273],[120.2374,26.9272],[120.2827,27.1123],[120.3579,27.0984],[120.5178,27.2016],[120.5459,27.4033],[120.6768,27.4946],[120.6665,27.6254],[120.8075,27.8348],[120.8353,27.956],[120.9652,27.9871],[121.0094,28.1031],[121.2368,28.3061],[121.2879,28.1809],[121.4089,28.3049],[121.6563,28.3393],[121.5101,28.6571],[121.6699,28.8253],[121.6817,29.0268],[121.6214,29.1133],[121.4968,29.1044],[121.4712,29.1914],[121.6148,29.206],[121.8406,29.1611],[121.9059,29.2846],[121.9663,29.6025],[121.9158,29.6409],[121.4651,29.4209],[121.4583,29.5252],[121.7041,29.572],[121.983,29.8232],[121.9149,29.9187],[121.6778,30.0006],[121.5068,30.22],[121.3774,30.3251],[121.1497,30.3258],[120.8928,30.1698],[120.7344,30.2322],[120.9395,30.4219],[120.9778,30.5433],[121.4106,30.7674],[121.6311,30.8366],[121.9074,30.8571],[121.9774,30.9149],[121.877,31.0991],[121.7252,31.2816],[121.3203,31.5048],[121.1444,31.6847],[120.8954,31.7633],[120.7504,31.9783],[120.8108,32.0226],[120.9778,31.8144],[121.1151,31.7963],[121.2864,31.8906],[121.6756,31.7236],[121.8173,31.6909],[121.9221,31.7544],[121.8219,31.9525],[121.6554,32.0629],[121.4434,32.1143],[121.3541,32.4148],[121.1202,32.5074],[120.9112,32.6301],[120.8614,32.7197],[120.9078,32.8439],[120.8958,33.0136],[120.7302,33.2049],[120.6278,33.478],[120.5117,33.6567],[120.4983,33.7533],[120.4071,33.8598],[120.3713,34.036],[120.2571,34.3118],[119.94,34.4579],[119.641,34.5505],[119.3467,34.7808],[119.2019,34.785],[119.2073,35.0484],[119.358,35.0971],[119.4239,35.3135],[119.5515,35.38],[119.648,35.5839],[119.8116,35.6479],[119.9002,35.7363],[120.0029,35.7278],[120.0388,35.8428],[120.2428,35.9736],[120.1002,36.0961],[120.1053,36.2009],[120.2735,36.2343],[120.3616,36.1916],[120.3535,36.0408],[120.6968,36.144],[120.6477,36.3309],[120.7506,36.4592],[120.95,36.4592],[120.9203,36.5533],[121.1577,36.6686],[121.4089,36.754],[121.5601,36.7676],[121.786,36.8912],[122.0396,36.9846],[122.2112,36.9184],[122.3198,36.8229],[122.5254,36.9445],[122.4476,37.1474],[122.6029,37.2099],[122.5491,37.3109],[122.6561,37.3846],[122.2965,37.4182],[122.1299,37.4835],[121.4769,37.468],[121.3817,37.5661],[121.1915,37.5752],[121.138,37.7012],[121.0326,37.7104],[120.9258,37.8193],[120.738,37.834],[120.4634,37.7477],[120.3064,37.6652],[120.2976,37.5979],[120.0598,37.4404],[119.8589,37.3602],[119.8973,37.2494],[119.7706,37.1518],[119.4412,37.1206],[119.1455,37.1789],[118.9724,37.2807],[118.9446,37.3781],[118.9767,37.6109],[119.0371,37.7221],[119.2431,37.7695],[118.9966,37.9631],[118.8401,38.1526],[118.6549,38.1457],[118.543,38.0683],[118.2158,38.145],[118.0848,38.1387],[117.8372,38.2709],[117.7161,38.3785],[117.566,38.6125],[117.584,38.8116],[117.7088,38.981],[117.7183,39.093],[117.8856,39.2011],[118.0454,39.219],[118.2353,39.0531],[118.3443,39.0307],[118.6194,39.161],[118.9402,39.1389],[119.3051,39.433],[119.262,39.5351],[119.3396,39.7156],[119.5356,39.8908],[119.912,39.9981],[119.9503,40.0565],[120.436,40.1945],[120.6209,40.4744],[120.9402,40.6912],[120.991,40.8313],[121.1758,40.9223],[121.3613,40.9396],[121.575,40.8415],[121.8511,40.8323],[122.0491,40.7461],[122.1376,40.624],[122.3018,40.5023],[122.1061,40.3101],[122.0916,40.2272],[121.7744,39.9208],[121.5359,39.8618],[121.4573,39.7485],[121.436,39.5086],[121.5489,39.3619],[121.7798,39.3715],[121.6017,39.2213],[121.6741,39.088],[121.0904,38.8991],[121.1531,38.7276],[121.3447,38.8146],[121.6548,38.8579],[121.6493,38.9945],[121.8115,38.9728],[122.1275,39.142],[122.115,39.2008],[122.3963,39.411],[123.0091,39.6805],[123.1743,39.6658],[123.249,39.7482],[123.4104,39.7966],[123.5914,39.7843],[123.6226,39.8717],[123.9857,39.8102],[124.2022,39.8786],[124.3523,39.999],[124.37,40.0983],[124.6426,40.2943],[124.7125,40.3103],[124.8955,40.4836],[125.3636,40.6467],[125.7609,40.8857],[126.0078,40.8993],[126.1474,41.0923],[126.2607,41.1431],[126.5013,41.4344],[126.6179,41.6659],[126.7886,41.6959],[126.8871,41.7849],[127.2691,41.505],[127.4741,41.4988],[127.6383,41.4299],[127.8489,41.4313],[127.9442,41.4709],[128.0642,41.3884],[128.1857,41.4045],[128.303,41.5834],[128.1591,41.7118],[128.04,41.8796],[128.0346,41.9937],[128.262,42.0329],[128.5024,41.9961],[128.721,42.0476],[128.9401,42.0354],[128.9638,42.0885],[129.2112,42.22],[129.2431,42.3787],[129.3631,42.445],[129.5171,42.391],[129.7033,42.4424],[129.7613,42.746],[129.8798,42.996],[130.1215,42.9818],[130.239,42.9022],[130.243,42.7434],[130.4312,42.5615],[130.5308,42.5305],[130.5845,42.5689],[130.4072,42.7354],[130.7695,42.8658],[130.9924,42.8487],[131.103,42.9104],[131.0855,43.0421],[131.2809,43.3802],[131.192,43.5886],[131.1703,43.7811],[131.2645,44.0542],[131.0658,44.682],[130.9334,44.8417],[131.4195,44.959],[131.6091,45.0897],[131.818,45.3328],[131.9696,45.2338],[132.8398,45.0592],[132.9534,45.0244],[133.1154,45.123],[133.0975,45.2435],[133.1402,45.4354],[133.2021,45.5113],[133.4135,45.5733],[133.4878,45.6867],[133.5144,45.8793],[133.6581,45.9345],[133.6874,46.1418],[133.9025,46.259],[133.9215,46.4101],[133.8493,46.4803],[133.988,46.6252],[134.0205,46.834],[134.1242,47.0705],[134.2273,47.1177],[134.1541,47.2579],[134.2928,47.4097],[134.4846,47.4302],[134.6827,47.5878],[134.7726,47.7107],[134.5672,48.0404],[134.683,48.1355],[134.7009,48.2615],[134.5426,48.3573],[134.3863,48.3813],[133.7213,48.2448],[133.4637,48.0895],[133.092,48.1068],[132.6588,47.8698],[132.5247,47.7075],[132.3324,47.7365],[132.1617,47.69],[131.5774,47.6686],[131.4184,47.7426],[131.0234,47.6823],[130.9418,47.718],[130.907,47.8843],[130.6824,48.0503],[130.6634,48.1164],[130.8194,48.2819],[130.7159,48.4991],[130.5333,48.6358],[130.6743,48.8708],[130.3868,48.8963],[130.2493,48.8645],[129.9134,49.0395],[129.7112,49.2742],[129.5718,49.2798],[129.5024,49.4108],[129.3621,49.3498],[129.0506,49.3767],[128.7969,49.5725],[128.6662,49.6095],[128.0925,49.5416],[127.8309,49.5939],[127.6443,49.7671],[127.5081,49.8223],[127.4867,50.0256],[127.5784,50.2206],[127.3307,50.3282],[127.289,50.466],[127.3648,50.5547],[127.2874,50.751],[126.9318,51.0638],[126.9546,51.3296],[126.8003,51.419],[126.8074,51.5342],[126.4461,51.9825],[126.5312,52.1527],[126.3167,52.1998],[126.4212,52.2873],[126.2123,52.533],[125.9732,52.6316],[126.0351,52.7271],[125.6214,53.0621],[125.5213,53.0424],[125.1274,53.2065],[124.7202,53.1488],[124.6787,53.1993],[124.4082,53.2357],[124.2327,53.3817],[124.1218,53.3527],[123.9706,53.4552],[123.6396,53.5513],[123.4855,53.526],[123.2526,53.5678],[123.1536,53.5131],[122.8597,53.4739],[122.4712,53.4647],[122.3378,53.4913],[122.0816,53.4295],[121.889,53.4306],[121.5121,53.3298],[121.2035,53.2767],[120.8743,53.2802],[120.4503,53.0083],[120.2802,52.8659],[120.033,52.7607],[120.0564,52.6005],[120.176,52.5837],[120.4299,52.6361],[120.724,52.5422],[120.6262,52.3468],[120.7581,52.2374],[120.7792,52.1176],[120.6476,51.911],[120.4931,51.8757],[120.1082,51.6652],[119.9157,51.3307],[119.7581,51.199],[119.7483,51.0834],[119.518,50.9048],[119.4967,50.7371],[119.2936,50.5992],[119.2437,50.4455],[119.3529,50.3455],[119.3162,50.0927],[119.0917,49.9866],[118.6444,49.9546],[118.1686,49.6715],[117.7588,49.5127],[117.4729,49.6143],[117.2529,49.6225],[117.0576,49.6729],[116.6843,49.8233],[116.0378,48.8701],[116.0282,48.7675],[115.8004,48.5304],[115.8093,48.274],[115.5145,48.1221],[115.5619,47.9332],[115.8527,47.7056],[115.9729,47.7091],[116.0843,47.8069],[116.2439,47.8629],[116.4997,47.8364],[116.8533,47.8721],[117.0697,47.8102],[117.3171,47.6541],[117.5272,47.7865],[117.7417,47.9776],[118.1825,48.0282],[118.5423,47.9662],[118.7674,47.7562],[119.0835,47.6616],[119.1576,47.5177],[119.7,47.1595],[119.7701,46.993],[119.9029,46.8424],[119.9042,46.7089],[119.6801,46.5916],[119.3169,46.6117],[119.0624,46.661],[118.9672,46.7405],[118.8162,46.7582],[118.7201,46.6767],[118.2383,46.7154],[117.6962,46.5123],[117.582,46.592],[117.3938,46.5714],[117.3017,46.3501],[116.8046,46.3829],[116.6036,46.3093],[116.3572,46.1056],[116.2132,45.9082],[116.2516,45.8033],[116.1699,45.7091],[116.012,45.6786],[115.6378,45.4444],[115.3373,45.3947],[114.9389,45.3738],[114.7373,45.425],[114.5337,45.3855],[114.4189,45.2015],[114.0553,44.9406],[113.8893,44.9083],[113.6351,44.7463],[113.1049,44.7944],[112.6142,44.9088],[112.4413,45.0524],[112.0115,45.0875],[111.7385,44.9663],[111.5514,44.6932],[111.5438,44.6013],[111.4064,44.4165],[111.5194,44.1886],[111.6345,44.0659],[111.8388,43.9388],[111.9443,43.7864],[111.9334,43.6966],[111.7538,43.6632],[111.5972,43.5234],[111.0961,43.3667],[110.9337,43.2878],[110.6801,43.0577],[110.6082,42.9447],[110.4067,42.7686],[110.0749,42.6435],[109.9127,42.6288],[109.6673,42.549],[109.4851,42.4493],[109.2534,42.4259],[108.9945,42.4495],[108.7969,42.3984],[108.5365,42.4351],[108.1774,42.4543],[106.7678,42.2866],[105.8686,41.9935],[105.2745,41.7555],[105.2009,41.7435],[105.0148,41.5961],[104.8923,41.6448],[104.498,41.6658],[104.5008,41.8706],[103.721,41.7556],[103.0735,42.0045],[102.0342,42.1846],[101.8865,42.278],[101.7354,42.4612],[101.6376,42.5154],[101.4107,42.5449],[101.2187,42.5298],[100.017,42.6765],[99.4745,42.5642],[98.6622,42.6436],[97.1933,42.7873],[96.4747,42.7321],[96.3506,42.7409],[96.2943,42.9333],[95.9085,43.2145],[95.8328,43.4089],[95.6925,43.6305],[95.5103,43.9791],[95.3275,44.0067],[95.3214,44.1484],[95.3794,44.2871],[95.0368,44.255],[94.6982,44.3435],[94.5881,44.4361],[94.3385,44.5121],[94.195,44.6543],[93.9751,44.66],[93.714,44.8746],[93.5253,44.9513],[93.1657,45.0076],[92.7527,45.038],[92.4751,44.9975],[92.1937,45.0145],[92.0094,45.0762],[91.663,45.0595],[91.4561,45.1375],[91.2491,45.1297],[91.135,45.1979],[90.9055,45.186],[90.7966,45.2928],[90.738,45.4417],[90.6511,45.4931],[90.7108,45.7522],[91.0024,46.0218],[90.8962,46.302],[91.0475,46.5664],[91.0048,46.7404],[90.8282,46.9823],[90.7121,47.0147],[90.4687,47.3089],[90.4412,47.493],[90.3274,47.623],[90.0829,47.7561],[90.0446,47.8798],[89.7513,47.8243],[89.5418,48.031],[89.3343,48.0324],[89.244,47.9802],[89.0456,47.993],[88.9323,48.097],[88.8054,48.106],[88.5808,48.212],[88.5651,48.343],[87.9428,48.5995],[88.0338,48.7291],[87.8059,48.8006],[87.7569,48.9204],[87.8219,49.0287],[87.8163,49.1658],[87.3238,49.0853],[87.1163,49.1298],[86.8873,49.1068],[86.7275,48.9903],[86.7895,48.8391],[86.7445,48.7035],[86.5651,48.5273],[86.3338,48.4904],[86.192,48.4182],[85.7837,48.4076],[85.5864,48.1412],[85.5154,47.9203],[85.5954,47.6241],[85.58,47.5238],[85.6704,47.3843],[85.6597,47.2065],[85.5568,47.1787],[85.4986,47.0518],[85.2051,47.0337],[84.916,46.8506],[84.7396,46.8148],[84.6635,46.9839],[84.1591,46.9933],[83.9053,46.974],[83.5245,47.0671],[83.1504,47.2115],[83.0135,47.1946],[82.9855,46.9425],[82.839,46.7324],[82.6744,46.3311],[82.5683,46.1965],[82.4889,45.9017],[82.3722,45.7342],[82.2915,45.5332],[82.3627,45.4812],[82.6157,45.4354],[82.5852,45.1768],[82.4758,45.1157],[82.2946,45.2282],[81.9501,45.1445],[81.8073,45.1887],[81.7393,45.3381],[80.8539,45.1265],[80.6971,45.1437],[80.4251,45.0921],[80.365,45.0432],[80.0617,45.019],[79.8582,44.9037],[79.9917,44.7936],[80.2183,44.8181],[80.4762,44.7354],[80.3763,44.6713],[80.3329,44.4174],[80.373,44.2702],[80.3451,44.1031],[80.4762,43.9102],[80.7127,43.4589],[80.6429,43.3262],[80.7355,43.2889],[80.7734,43.1129],[80.5759,43.1194],[80.3681,43.0285],[80.4762,42.8639],[80.2275,42.791],[80.14,42.623],[80.2684,42.238],[80.2103,42.1895],[80.2565,42.0844],[80.1819,42.021],[79.8429,42.0018],[79.7475,41.8797],[79.611,41.8676],[79.411,41.7786],[79.3041,41.7876],[78.9762,41.6418],[78.6721,41.5384],[78.6192,41.4781],[78.3599,41.3775],[78.3597,41.2875],[78.075,41.0395],[77.8667,41.0641],[77.6656,41.0013],[77.4749,40.982],[77.333,41.0206],[76.861,41.0132],[76.7708,40.8671],[76.6308,40.7289],[76.6242,40.6275],[76.4491,40.4155],[76.3302,40.3481],[76.2442,40.4412],[75.9215,40.3091],[75.6818,40.2917],[75.6669,40.4502],[75.5599,40.6329],[75.4818,40.6141],[75.1939,40.4413],[75.0391,40.4411],[74.8354,40.5116],[74.7058,40.3313],[74.3699,40.1058],[74.1676,40.1064],[74.004,40.0608],[73.823,39.8057],[73.9268,39.5929],[73.8207,39.4682],[73.6326,39.4483],[73.6023,39.2358],[73.6982,39.0784],[73.816,38.9938],[73.6837,38.8549],[73.7974,38.6028],[73.9329,38.5297],[74.1404,38.6692],[74.3342,38.667],[74.7763,38.5107],[74.8383,38.3794],[74.7711,38.2915],[74.7907,38.0814],[74.8928,37.994],[74.8832,37.8439],[74.9652,37.7675],[74.8919,37.5992],[75.1641,37.4006],[75.0684,37.3121],[74.8923,37.2311],[74.4873,37.2259],[74.3661,37.1478],[74.5424,37.0217],[74.6624,37.0545],[74.9105,36.9626],[75.1001,36.9941],[75.3513,36.9158],[75.4105,36.7473],[75.5705,36.7667],[75.7905,36.6878],[75.9811,36.4454],[76.1493,36.4245],[76.239,36.3199],[76.3889,36.3098],[76.4286,36.2395],[76.6689,36.1904],[76.7587,36.11],[76.7789,35.9103],[77.0086,35.8197],[77.0896,35.7402],[77.3486,35.7198],[77.5087,35.5802],[77.5196,35.4774],[77.6606,35.4581],[77.8898,35.4818],[77.9548,35.5617],[78.1423,35.6058],[78.4352,35.761],[78.6648,35.8525],[78.9714,35.8874],[79.1325,35.8362],[79.1836,35.9413],[79.3637,35.9752],[79.4608,35.8858],[79.8756,35.785],[80.0045,35.8389],[80.1111,35.68],[80.2915,35.6074],[80.2418,35.2232],[80.2026,35.1909],[80.1626,34.9509],[80.0779,34.8373],[80.0497,34.6731],[79.8521,34.6444],[79.7136,34.5348],[79.6696,34.4074],[79.5103,34.4122],[79.5484,34.2506],[79.495,34.1059],[79.376,34.0114],[79.1323,34.0265],[78.9351,34.0072],[78.8875,33.9465],[79.0113,33.658],[78.896,33.6201],[78.9177,33.3863],[79.098,33.2877],[79.2601,33.2918],[79.4561,33.2504],[79.3732,33.1121],[79.4141,32.9721],[79.6207,32.7287],[79.4435,32.5348],[79.2874,32.5326],[79.1129,32.4724],[79.0917,32.3906],[78.9434,32.3464],[78.7714,32.4617],[78.7133,32.6375],[78.6302,32.578],[78.4475,32.5663],[78.458,32.2297],[78.7446,31.9642],[78.6709,31.7705],[78.8189,31.6074],[78.6995,31.51],[78.7626,31.4451],[78.7385,31.335],[78.921,31.2697],[79.0702,31.4614],[79.2383,31.3297],[79.3022,31.1635],[79.395,31.0367],[79.5296,30.9536],[79.8335,30.9615],[80.0625,30.7848],[80.1693,30.7853],[80.1669,30.6619],[80.2528,30.565],[80.7231,30.392],[80.7817,30.321],[80.976,30.2552],[80.996,30.197],[81.0978,30.0169],[81.1945,30.0045],[81.3573,30.1736],[81.3875,30.3739],[81.4831,30.3319],[81.5916,30.4143],[81.779,30.358],[82.0888,30.3301],[82.1445,30.0694],[82.3944,30.0031],[82.5418,29.9232],[82.8366,29.6598],[83.1621,29.6252],[83.328,29.485],[83.5171,29.1917],[83.656,29.1608],[83.7197,29.2336],[83.9456,29.2918],[84.0991,29.247],[84.2314,29.026],[84.2351,28.9],[84.354,28.8613],[84.4508,28.7339],[84.6072,28.6982],[84.6778,28.6044],[84.9187,28.5357],[85.0549,28.6387],[85.168,28.5832],[85.0776,28.4357],[85.0802,28.3188],[85.2596,28.2669],[85.4316,28.2971],[85.6118,28.2511],[85.6751,28.3064],[85.8483,28.1589],[85.9803,27.8852],[86.203,28.0026],[86.4388,27.9109],[86.4969,27.9379],[86.5442,28.093],[86.662,28.1068],[86.8931,27.9542],[87.0305,27.9381],[87.1558,27.8258],[87.3868,27.8044],[87.5316,27.8368],[87.7564,27.8204],[87.8259,27.9066],[88.1182,27.8609],[88.1267,27.9504],[88.3788,27.9826],[88.6105,28.1058],[88.8177,27.9947],[88.8539,27.8437],[88.8057,27.6551],[88.741,27.5457],[88.7736,27.4085],[88.8923,27.3155],[89.051,27.6083],[89.1274,27.6273],[89.2249,27.8078],[89.336,27.8691],[89.4445,28.0312],[89.5615,28.1346],[89.7558,28.1844],[89.8629,28.2958],[90.0709,28.3452],[90.2618,28.3354],[90.5877,28.2333],[90.4752,28.0723],[90.6839,28.0871],[91.0926,27.9717],[91.2697,28.0729],[91.4188,27.9947],[91.6217,27.9507],[91.6283,27.8527],[91.8266,27.8076],[91.8649,27.73],[92.0649,27.7617],[92.2396,27.8653],[92.3039,27.7862],[92.4044,27.8538],[92.575,27.8478],[92.7364,27.9859],[92.6548,28.1058],[92.8503,28.1919],[92.9749,28.2823],[93.2078,28.3405],[93.1863,28.432],[93.3172,28.6035],[93.4462,28.6719],[93.8631,28.7049],[93.9278,28.6828],[93.992,28.8446],[94.2502,28.9331],[94.3473,29.0243],[94.2708,29.0979],[94.3964,29.2071],[94.5286,29.2312],[94.6304,29.3195],[94.7766,29.1667],[95.0477,29.1408],[95.2249,29.0594],[95.3674,29.0365],[95.4876,29.069],[95.5153,29.2094],[95.7172,29.2183],[95.7448,29.3404],[96.142,29.3685],[96.2054,29.2569],[96.3164,29.1719],[96.1746,29.1088],[96.1953,28.9411],[96.3666,29.0365],[96.4576,28.9946],[96.5767,28.8085],[96.598,28.7099],[96.3365,28.4797],[96.3696,28.3781],[96.5615,28.4473],[96.7169,28.4365],[96.934,28.3366],[97.1155,28.3666],[97.3235,28.2175]]],[[[111.0105,19.6838],[110.9346,19.9951],[110.7883,20.0104],[110.6401,20.1083],[110.5803,19.9797],[110.383,20.081],[110.261,20.0331],[110.157,20.0674],[110.0896,19.9781],[109.719,20.0106],[109.527,19.9514],[109.465,19.8341],[109.3037,19.9217],[109.1668,19.8055],[109.1565,19.6496],[109.0159,19.6013],[108.9408,19.5141],[108.6317,19.2863],[108.6631,19.1562],[108.6152,19.1016],[108.6538,18.921],[108.6275,18.8359],[108.6936,18.7199],[108.695,18.5048],[108.7956,18.4866],[109.0007,18.3672],[109.2181,18.3057],[109.44,18.289],[109.568,18.1932],[109.6773,18.2451],[109.7461,18.3959],[109.9154,18.4168],[110.0526,18.3902],[110.1033,18.5394],[110.2708,18.6682],[110.4268,18.6809],[110.4656,18.8819],[110.5632,19.0557],[110.589,19.1767],[110.6983,19.4169],[110.7576,19.4309],[111.0105,19.6838]]],[[[122.3275,30.0245],[122.0874,30.1475],[122.0122,30.0319],[122.1847,29.9945],[122.3275,30.0245]]],[[[121.8441,31.6079],[121.6632,31.6524],[121.4753,31.7708],[121.2641,31.8411],[121.1763,31.7843],[121.3145,31.6556],[121.8514,31.4392],[121.9801,31.5403],[121.8441,31.6079]]]]},"properties":{"ADMIN":"China","ADM0_A3":"CHN","NAME_EN":"People's Republic of China","LABEL_X":106.337289,"LABEL_Y":32.498178,"FCLASS_IN":""}},
{"type":"Feature","geometry":{"type":"Polygon","coordinates":[[[35.6118,32.6819],[35.7402,32.7405],[35.8957,32.7133],[36.0699,32.5166],[36.1774,32.5273],[36.3731,32.3864],[36.8194,32.3168],[38.0567,32.9943],[38.7745,33.3717],[39.8804,33.9256],[40.6905,34.3315],[40.936,34.3861],[40.988,34.4285],[41.1957,34.7685],[41.1915,35.1821],[41.2613,35.4943],[41.3635,35.6552],[41.3437,35.8577],[41.2406,36.043],[41.277,36.3548],[41.4149,36.5274],[41.8438,36.6179],[42.2816,36.994],[42.3572,37.11],[42.3532,37.227],[42.1785,37.3063],[42.0092,37.1756],[41.4798,37.0756],[41.2013,37.065],[40.8964,37.1227],[40.709,37.1005],[40.3937,36.994],[40.1901,36.8844],[39.7653,36.7422],[39.2396,36.6613],[39.0322,36.7012],[38.7954,36.6867],[38.6641,36.7195],[38.5294,36.8337],[38.1901,36.9055],[37.8197,36.7605],[37.6541,36.7321],[37.4461,36.6342],[37.2419,36.6586],[37.0145,36.6423],[36.9647,36.7538],[36.6586,36.8275],[36.6033,36.747],[36.5355,36.494],[36.5878,36.3248],[36.4986,36.2279],[36.3605,36.1817],[36.3555,36.0224],[36.1969,35.9517],[36.1385,35.8198],[35.9113,35.9178],[35.8119,35.8354],[35.7781,35.5412],[35.9089,35.4257],[35.9624,35.1979],[35.8879,35.1092],[35.8669,34.9242],[35.9699,34.6498],[36.2616,34.6272],[36.5306,34.4142],[36.6041,34.1991],[36.3911,34.0447],[36.2672,33.9104],[36.0504,33.8164],[35.9216,33.6403],[36.0129,33.608],[35.9195,33.4624],[35.6039,33.2401],[35.6722,33.15],[35.6213,33.0503],[35.6382,32.8747],[35.6118,32.6819]]]},"properties":{"ADMIN":"Syria","ADM0_A3":"SYR","NAME_EN":"Syria","LABEL_X":38.277783,"LABEL_Y":35.006636,"FCLASS_IN":""}},
{"type":"Feature","geometry":{"type":"MultiPolygon","coordinates":[[[[-54.6153,2.3263],[-54.4766,2.2141],[-54.1349,2.1107],[-54.0693,2.1883],[-53.9461,2.222],[-53.8668,2.3049],[-53.7482,2.3193],[-53.5318,2.247],[-53.3441,2.3496],[-53.2342,2.251],[-52.9597,2.1752],[-52.8802,2.2604],[-52.7077,2.3589],[-52.5535,2.5734],[-52.5716,2.6386],[-52.3532,3.0584],[-52.3618,3.132],[-52.2279,3.2601],[-52.0128,3.6191],[-51.9884,3.7046],[-51.8354,3.8675],[-51.7832,3.9809],[-51.6832,4.0394],[-51.6507,4.19],[-51.7168,4.3336],[-51.8015,4.6127],[-51.9313,4.5904],[-52.0941,4.7581],[-52.2427,4.8562],[-52.3,4.9451],[-52.4023,4.9738],[-52.7529,5.2674],[-52.7832,5.3169],[-52.9946,5.4576],[-53.2517,5.5486],[-53.5173,5.5808],[-53.7767,5.7142],[-53.9443,5.7446],[-54.0611,5.4365],[-54.171,5.3484],[-54.2692,5.2691],[-54.4302,5.0534],[-54.4821,4.9128],[-54.4787,4.7552],[-54.4355,4.7094],[-54.4508,4.4842],[-54.403,4.3129],[-54.4106,4.2086],[-54.3552,4.0665],[-54.1874,3.8147],[-54.1255,3.7887],[-54.0507,3.6406],[-53.9888,3.611],[-54.003,3.4554],[-54.1905,3.1781],[-54.1634,2.9697],[-54.2125,2.7764],[-54.3594,2.508],[-54.5203,2.3489],[-54.6153,2.3263]]],[[[2.5218,51.0875],[1.9735,51.0071],[1.5806,50.8688],[1.5735,50.4454],[1.521,50.2147],[1.3913,50.0752],[1.1726,49.961],[0.6748,49.8758],[0.2359,49.7293],[0.0797,49.5422],[0.2568,49.4641],[0.072,49.3593],[-0.2195,49.2801],[-0.4111,49.3428],[-0.8221,49.3627],[-1.0723,49.3968],[-1.3063,49.5581],[-1.2322,49.6414],[-1.3913,49.7127],[-1.5973,49.6523],[-1.8118,49.6907],[-1.8847,49.5309],[-1.8196,49.3968],[-1.6104,49.2159],[-1.5536,48.7471],[-1.5797,48.6433],[-1.8382,48.6238],[-1.977,48.6911],[-2.2192,48.6037],[-2.3125,48.687],[-2.6363,48.5388],[-3.0771,48.8283],[-3.5153,48.8419],[-3.614,48.6827],[-3.974,48.7328],[-4.5636,48.6296],[-4.7646,48.5202],[-4.7834,48.3764],[-4.6189,48.3485],[-4.4265,48.4037],[-4.3247,48.3627],[-4.4576,48.249],[-4.3024,48.1964],[-4.3619,48.1157],[-4.6837,48.0673],[-4.4346,47.9757],[-4.2252,47.8024],[-4.0944,47.8755],[-3.8517,47.801],[-3.5245,47.7724],[-3.3451,47.7213],[-3.0738,47.5765],[-2.7582,47.6391],[-2.7414,47.5513],[-2.5017,47.5267],[-2.4049,47.2864],[-2.2784,47.2464],[-1.9926,47.0523],[-2.1022,46.9307],[-2.1188,46.82],[-1.8574,46.6353],[-1.8048,46.5036],[-1.5045,46.4193],[-1.1796,46.2295],[-1.0487,46.0388],[-1.0734,45.9044],[-1.2303,45.7924],[-1.1942,45.7102],[-0.8418,45.5146],[-0.9153,45.4504],[-1.0592,45.527],[-1.14,45.4901],[-1.1995,45.1208],[-1.2336,44.7069],[-1.1865,44.6655],[-1.2473,44.5045],[-1.3461,44.0192],[-1.4769,43.5801],[-1.661,43.3997],[-1.7941,43.386],[-1.7474,43.291],[-1.4035,43.2433],[-1.435,43.0357],[-1.2749,43.0468],[-0.9815,42.957],[-0.7597,42.9465],[-0.7301,42.8775],[-0.5612,42.7735],[-0.3074,42.8318],[-0.0389,42.6851],[0.1692,42.7265],[0.2754,42.6687],[0.6082,42.688],[0.6563,42.8384],[1.0682,42.7761],[1.1343,42.716],[1.3191,42.7134],[1.4293,42.5954],[1.4668,42.6415],[1.722,42.6099],[1.707,42.5028],[1.9275,42.4369],[2.0517,42.3524],[2.2774,42.4286],[2.4649,42.3406],[2.9337,42.4702],[3.181,42.4315],[3.0518,42.5549],[3.039,42.9428],[3.114,43.1063],[3.3854,43.2839],[3.5134,43.2811],[3.6222,43.3749],[3.9393,43.5325],[4.1053,43.5519],[4.2059,43.4599],[4.513,43.4558],[4.5663,43.3711],[4.8203,43.3464],[5.0223,43.5522],[5.0648,43.328],[5.3389,43.3343],[5.347,43.2159],[5.5378,43.2074],[6.027,43.0782],[6.6798,43.2016],[6.7311,43.4078],[6.894,43.4276],[6.9756,43.5469],[7.1516,43.6548],[7.3658,43.7227],[7.407,43.7635],[7.4375,43.7434],[7.5023,43.7922],[7.4779,43.8655],[7.6919,44.0846],[7.6247,44.1801],[7.3808,44.1229],[7.0335,44.2429],[6.8661,44.3721],[6.8388,44.5029],[7.019,44.7389],[6.9828,44.847],[6.7279,44.9287],[6.7235,45.0134],[6.6027,45.1034],[6.8441,45.1301],[7.0622,45.2185],[7.1607,45.4109],[6.9828,45.5111],[6.9634,45.6407],[6.7959,45.7181],[6.8008,45.8265],[7.0221,45.9253],[6.8539,46.1226],[6.7627,46.4293],[6.4829,46.4486],[6.3016,46.3945],[6.2141,46.3155],[6.0642,46.4711],[6.1319,46.5956],[6.4292,46.7608],[6.4426,46.9442],[6.6654,47.0213],[7.0443,47.3405],[6.8988,47.3957],[7.1037,47.4963],[7.2448,47.4177],[7.3785,47.4306],[7.586,47.5846],[7.5259,47.7832],[7.6189,48.0027],[7.5726,48.095],[7.752,48.3553],[7.8103,48.615],[8.1027,48.8213],[8.1887,48.9657],[7.9319,49.0348],[7.6488,49.0357],[7.3911,49.17],[7.2681,49.1056],[6.8435,49.2111],[6.7256,49.1556],[6.4945,49.4355],[6.3453,49.4553],[6.1361,49.4953],[5.9607,49.4413],[5.7907,49.5378],[5.4777,49.4952],[5.4021,49.6025],[4.9891,49.7906],[4.849,49.7942],[4.7883,49.9743],[4.6567,49.9891],[4.4351,49.9323],[4.1396,49.9745],[4.21,50.0601],[4.1573,50.2127],[4.0227,50.3381],[3.755,50.3463],[3.6444,50.4455],[3.4629,50.5191],[3.271,50.5269],[3.1462,50.7689],[2.7867,50.7234],[2.6204,50.8165],[2.6085,50.9611],[2.5218,51.0875]]],[[[-60.8104,14.462],[-60.8484,14.5961],[-61.0023,14.8114],[-61.171,14.8764],[-61.2288,14.822],[-61.1596,14.6669],[-61.0438,14.565],[-61.006,14.4763],[-60.8104,14.462]]],[[[-61.5517,16.2855],[-61.722,16.3509],[-61.7974,16.2508],[-61.7686,16.0876],[-61.6949,15.9492],[-61.5975,15.9967],[-61.5577,16.0863],[-61.5517,16.2855]]],[[[-61.5442,16.2854],[-61.5034,16.2133],[-61.1884,16.2638],[-61.3942,16.3893],[-61.4593,16.5118],[-61.5343,16.4493],[-61.5442,16.2854]]],[[[55.7879,-21.1034],[55.7028,-20.9494],[55.5784,-20.8748],[55.408,-20.8632],[55.303,-20.9052],[55.2254,-21.0483],[55.3545,-21.2746],[55.5545,-21.3635],[55.7066,-21.3674],[55.8208,-21.325],[55.8545,-21.157],[55.7879,-21.1034]]],[[[45.2007,-12.7229],[45.0872,-12.7597],[45.1318,-12.9892],[45.2131,-12.8518],[45.2007,-12.7229]]],[[[8.5658,42.2086],[8.738,42.0439],[8.8054,41.9069],[8.6956,41.7294],[8.8992,41.6955],[8.7781,41.5916],[8.9357,41.4892],[9.2107,41.4409],[9.4016,41.7064],[9.4032,41.9529],[9.5527,42.113],[9.5281,42.5635],[9.4566,42.6064],[9.4844,42.8324],[9.4224,43.0174],[9.3057,42.8393],[9.3425,42.7491],[9.1071,42.7259],[9.0183,42.6501],[8.8128,42.5996],[8.6675,42.5097],[8.6128,42.3524],[8.6808,42.2728],[8.5658,42.2086]]]]},"properties":{"ADMIN":"France","ADM0_A3":"FRA","NAME_EN":"France","LABEL_X":2.552275,"LABEL_Y":46.696113,"FCLASS_IN":""}},
{"type":"Feature","geometry":{"type":"Polygon","coordinates":[[[-54.6153,2.3263],[-54.5203,2.3489],[-54.3594,2.508],[-54.2125,2.7764],[-54.1634,2.9697],[-54.1905,3.1781],[-54.003,3.4554],[-53.9888,3.611],[-54.0507,3.6406],[-54.1255,3.7887],[-54.1874,3.8147],[-54.3552,4.0665],[-54.4106,4.2086],[-54.403,4.3129],[-54.4508,4.4842],[-54.4355,4.7094],[-54.4787,4.7552],[-54.4821,4.9128],[-54.4302,5.0534],[-54.2692,5.2691],[-54.171,5.3484],[-54.0736,5.4898],[-53.9864,5.7457],[-54.0367,5.8424],[-54.4718,5.941],[-54.7736,5.9853],[-55.1445,5.9742],[-55.2214,5.9002],[-55.336,5.9627],[-55.6373,5.9859],[-55.8444,5.976],[-55.9992,5.8107],[-56.3038,5.8925],[-56.574,5.9408],[-56.6595,5.9797],[-56.9565,6.0116],[-57.066,5.9501],[-57.1258,5.8181],[-57.1637,5.5571],[-57.2477,5.4849],[-57.3241,5.3386],[-57.1849,5.1831],[-57.289,5.171],[-57.3152,5.0261],[-57.4903,4.9914],[-57.7205,4.9898],[-57.8503,4.9228],[-57.9185,4.8298],[-57.8374,4.6509],[-57.9527,4.4097],[-57.965,4.282],[-58.0677,4.1511],[-58.0321,3.9877],[-57.8539,3.7667],[-57.8298,3.6624],[-57.644,3.5167],[-57.6582,3.3952],[-57.5651,3.3498],[-57.2836,3.3438],[-57.2749,3.1343],[-57.1746,2.819],[-57.0272,2.6482],[-56.9941,2.5049],[-56.8844,2.3037],[-56.7052,2.0296],[-56.5798,2.0168],[-56.4818,1.9416],[-56.3672,1.9289],[-56.0197,1.8335],[-55.9168,1.9222],[-55.9258,2.0617],[-56.0313,2.1635],[-56.1168,2.3331],[-56.0133,2.3988],[-55.9892,2.5208],[-55.7243,2.3969],[-55.6083,2.434],[-55.3996,2.4302],[-55.3545,2.4949],[-55.1125,2.5278],[-55.0177,2.5906],[-54.8803,2.4473],[-54.7032,2.4458],[-54.7041,2.3248],[-54.6153,2.3263]]]},"properties":{"ADMIN":"Suriname","ADM0_A3":"SUR","NAME_EN":"Suriname","LABEL_X":-55.91094,"LABEL_Y":4.143987,"FCLASS_IN":""}},
{"type":"Feature","geometry":{"type":"Polygon","coordinates":[[[-56.4818,1.9416],[-56.5798,2.0168],[-56.7052,2.0296],[-56.8844,2.3037],[-56.9941,2.5049],[-57.0272,2.6482],[-57.1746,2.819],[-57.2749,3.1343],[-57.2836,3.3438],[-57.5651,3.3498],[-57.6582,3.3952],[-57.644,3.5167],[-57.8298,3.6624],[-57.8539,3.7667],[-58.0321,3.9877],[-58.0677,4.1511],[-57.965,4.282],[-57.9527,4.4097],[-57.8374,4.6509],[-57.9185,4.8298],[-57.8503,4.9228],[-57.7205,4.9898],[-57.4903,4.9914],[-57.3152,5.0261],[-57.289,5.171],[-57.1849,5.1831],[-57.3241,5.3386],[-57.2477,5.4849],[-57.1615,5.6389],[-57.1831,5.7314],[-57.1373,5.8821],[-57.1673,6.0851],[-57.2898,6.2347],[-57.4664,6.3379],[-57.5476,6.3071],[-57.5986,6.4272],[-57.8919,6.6964],[-58.0679,6.8217],[-58.1782,6.8176],[-58.2738,6.8805],[-58.3984,6.8834],[-58.567,6.6367],[-58.6114,6.6878],[-58.5507,6.9471],[-58.485,7.0108],[-58.4642,7.3122],[-58.6632,7.5852],[-58.7786,7.6624],[-59.0214,7.931],[-59.1652,8.0587],[-59.4541,8.2426],[-59.7558,8.4109],[-59.8094,8.3547],[-60.021,8.558],[-59.8156,8.2878],[-59.8485,8.2277],[-59.9933,8.1685],[-60.0195,8.0603],[-60.2311,7.9641],[-60.3748,7.8236],[-60.5033,7.8209],[-60.5821,7.7363],[-60.6013,7.6339],[-60.7306,7.5254],[-60.6018,7.3301],[-60.6431,7.2209],[-60.548,7.1255],[-60.4753,7.1885],[-60.2923,7.1053],[-60.421,6.9422],[-60.6207,6.8459],[-60.7215,6.7597],[-60.7935,6.7938],[-60.9338,6.7317],[-61.1298,6.7158],[-61.2048,6.5958],[-61.139,6.4248],[-61.1609,6.3424],[-61.1216,6.1867],[-61.2694,6.1072],[-61.3796,5.9053],[-60.7399,5.2021],[-60.4564,5.1747],[-60.3331,5.1938],[-60.2134,5.2672],[-59.9831,5.0859],[-60.0345,4.7878],[-60.0877,4.6075],[-60.0556,4.4916],[-59.9433,4.5039],[-59.6867,4.3812],[-59.7385,4.2028],[-59.5292,3.9319],[-59.6801,3.7017],[-59.8377,3.6093],[-59.8285,3.3834],[-59.9594,3.0665],[-60.0001,2.694],[-59.9068,2.4588],[-59.9031,2.3596],[-59.7417,2.2638],[-59.7645,1.9205],[-59.6825,1.7656],[-59.5727,1.7272],[-59.2421,1.3778],[-59.0111,1.3276],[-58.8979,1.2178],[-58.7719,1.2013],[-58.6826,1.2825],[-58.5189,1.2673],[-58.5137,1.4389],[-58.4135,1.472],[-58.3319,1.5934],[-58.0272,1.5169],[-57.991,1.6504],[-57.7908,1.7049],[-57.5612,1.709],[-57.4295,1.9003],[-57.3415,1.9688],[-57.2384,1.9485],[-57.1045,2.0215],[-57.0112,1.9186],[-56.8065,1.8736],[-56.6396,1.9369],[-56.4818,1.9416]]]},"properties":{"ADMIN":"Guyana","ADM0_A3":"GUY","NAME_EN":"Guyana","LABEL_X":-58.942643,"LABEL_Y":5.124317,"FCLASS_IN":""}},
{"type":"Feature","geometry":{"type":"MultiPolygon","coordinates":[[[[128.3649,38.6243],[128.2748,38.5715],[128.2681,38.4535],[128.1724,38.356],[128.0399,38.3043],[127.7537,38.3254],[127.4719,38.2959],[127.1575,38.3072],[127.0267,38.2545],[126.7619,37.979],[126.6658,37.9376],[126.6675,37.8278],[126.6869,37.7736],[126.531,37.7547],[126.6038,37.5493],[126.596,37.4397],[126.7333,37.3062],[126.6585,37.2543],[126.7552,37.0488],[126.5662,36.9908],[126.336,36.8247],[126.23,36.873],[126.131,36.7681],[126.4242,36.6066],[126.5715,36.3056],[126.5349,36.2196],[126.6925,35.9999],[126.7332,35.8856],[126.5972,35.7139],[126.4676,35.6396],[126.5132,35.5769],[126.3616,35.269],[126.4503,35.0666],[126.3741,35.0168],[126.4093,34.8445],[126.2711,34.6425],[126.325,34.5696],[126.4902,34.5086],[126.4796,34.3488],[126.8098,34.4512],[126.885,34.4211],[127.0103,34.6125],[127.2908,34.7214],[127.2235,34.5468],[127.3159,34.4449],[127.5008,34.6122],[127.3853,34.7602],[127.511,34.8847],[127.638,34.6982],[127.7498,34.7371],[127.7745,34.8293],[127.6411,34.8991],[128.0193,34.9987],[128.064,34.9279],[128.2241,34.9379],[128.4353,34.8432],[128.4404,34.9652],[128.5264,35.1035],[128.997,35.0757],[129.1943,35.1555],[129.3578,35.4518],[129.4546,35.5133],[129.4431,35.6361],[129.4977,35.7479],[129.5426,36.0659],[129.4331,35.9961],[129.3823,36.2018],[129.4409,36.4079],[129.4226,36.6166],[129.4712,36.7719],[129.3311,37.2822],[129.1482,37.5051],[129.0642,37.6789],[128.9238,37.8023],[128.6316,38.145],[128.3649,38.6243]]],[[[126.9461,33.478],[126.7924,33.5638],[126.4849,33.5208],[126.3106,33.4645],[126.2062,33.3756],[126.1714,33.2694],[126.2861,33.2004],[126.8406,33.3102],[126.9461,33.478]]],[[[126.3801,34.4984],[126.2744,34.5373],[126.1157,34.4362],[126.21,34.3588],[126.3459,34.409],[126.3801,34.4984]]],[[[128.7485,34.869],[128.6939,34.9863],[128.4885,34.869],[128.6182,34.7256],[128.7485,34.869]]],[[[126.5078,37.5969],[126.5215,37.7512],[126.3696,37.7853],[126.4102,37.602],[126.5078,37.5969]]]]},"properties":{"ADMIN":"South Korea","ADM0_A3":"KOR","NAME_EN":"South Korea","LABEL_X":128.129504,"LABEL_Y":36.384924,"FCLASS_IN":""}},
{"type":"Feature","geometry":{"type":"Polygon","coordinates":[[[128.3649,38.6243],[128.0147,38.8581],[127.7696,39.1092],[127.4522,39.166],[127.372,39.2404],[127.3784,39.3715],[127.4829,39.437],[127.5746,39.595],[127.5208,39.747],[127.6237,39.8309],[127.8746,39.8928],[128.0068,40.0452],[128.3021,40.0334],[128.3648,40.0969],[128.6646,40.2012],[128.6553,40.3202],[128.8605,40.3718],[129.0776,40.4726],[129.2064,40.6755],[129.5718,40.8397],[129.7166,40.8346],[129.753,40.9099],[129.7119,41.1226],[129.7999,41.3686],[129.6594,41.4646],[129.6908,41.6497],[129.7748,41.7594],[129.9647,41.8987],[130.073,42.0785],[130.4807,42.3398],[130.7,42.2951],[130.5308,42.5305],[130.4312,42.5615],[130.243,42.7434],[130.239,42.9022],[130.1215,42.9818],[129.8798,42.996],[129.7613,42.746],[129.7033,42.4424],[129.5171,42.391],[129.3631,42.445],[129.2431,42.3787],[129.2112,42.22],[128.9638,42.0885],[128.9401,42.0354],[128.721,42.0476],[128.5024,41.9961],[128.262,42.0329],[128.0346,41.9937],[128.04,41.8796],[128.1591,41.7118],[128.303,41.5834],[128.1857,41.4045],[128.0642,41.3884],[127.9442,41.4709],[127.8489,41.4313],[127.6383,41.4299],[127.4741,41.4988],[127.2691,41.505],[126.8871,41.7849],[126.7886,41.6959],[126.6179,41.6659],[126.5013,41.4344],[126.2607,41.1431],[126.1474,41.0923],[126.0078,40.8993],[125.7609,40.8857],[125.3636,40.6467],[124.8955,40.4836],[124.7125,40.3103],[124.6426,40.2943],[124.37,40.0983],[124.37,39.94],[124.4344,39.8308],[124.5549,39.8171],[124.6749,39.6221],[124.8663,39.7139],[125.0477,39.6042],[125.2252,39.5912],[125.346,39.4596],[125.4319,39.3007],[125.2874,39.1523],[125.1372,38.8035],[125.2596,38.6697],[125.0582,38.5685],[124.8839,38.3553],[124.9049,38.1248],[125.0135,38.0624],[125.0132,37.906],[125.1582,37.8676],[125.3006,37.8952],[125.3486,37.738],[125.4746,37.7312],[125.6092,37.8063],[125.7193,37.9525],[125.804,37.989],[125.8955,37.8648],[126.0628,37.8022],[126.3977,37.8918],[126.5762,37.7775],[126.6675,37.8278],[126.6658,37.9376],[126.7619,37.979],[127.0267,38.2545],[127.1575,38.3072],[127.4719,38.2959],[127.7537,38.3254],[128.0399,38.3043],[128.1724,38.356],[128.2681,38.4535],[128.2748,38.5715],[128.3649,38.6243]]]},"properties":{"ADMIN":"North Korea","ADM0_A3":"PRK","NAME_EN":"North Korea","LABEL_X":126.444516,"LABEL_Y":39.885252,"FCLASS_IN":""}},
{"type":"Feature","geometry":{"type":"Polygon","coordinates":[[[-2.2226,35.0893],[-2.4167,35.1492],[-2.5632,35.0961],[-2.9051,35.1736],[-2.9129,35.2769],[-2.9478,35.3298],[-3.1951,35.2382],[-3.4129,35.1979],[-3.6736,35.2879],[-3.7648,35.2185],[-3.9613,35.2504],[-4.376,35.1518],[-4.7705,35.241],[-5.0663,35.4175],[-5.2494,35.5846],[-5.3226,35.7138],[-5.3407,35.8474],[-5.3989,35.9245],[-5.599,35.8223],[-5.9272,35.7807],[-6.0239,35.5012],[-6.2054,35.1246],[-6.2921,34.8808],[-6.5579,34.4177],[-6.8221,34.0396],[-7.0995,33.8403],[-7.2293,33.8009],[-7.4971,33.65],[-8.1066,33.4309],[-8.2432,33.4045],[-8.4516,33.2642],[-8.5292,33.2687],[-8.6291,33.1276],[-8.8678,32.8819],[-9.2599,32.5769],[-9.292,32.3508],[-9.27,32.2275],[-9.3661,32.0263],[-9.6673,31.7311],[-9.6893,31.6352],[-9.8475,31.4024],[-9.8109,31.3668],[-9.835,31.1448],[-9.8202,30.7923],[-9.8867,30.6867],[-9.7001,30.5427],[-9.6116,30.4044],[-9.6551,30.1269],[-9.8202,29.8389],[-10.053,29.5999],[-10.1418,29.4286],[-10.5738,28.9904],[-11.0476,28.7617],[-11.3259,28.5152],[-11.4856,28.3256],[-12.0614,28.089],[-12.335,28.0473],[-12.5135,27.9954],[-12.8389,27.9704],[-12.9681,27.9146],[-13.0614,27.7429],[-13.1713,27.685],[-13.3011,27.3244],[-13.4025,27.1772],[-13.5009,26.8583],[-13.62,26.6889],[-13.9237,26.5009],[-14.1571,26.4338],[-14.2989,26.3022],[-14.4101,26.2601],[-14.4928,26.1327],[-14.5195,25.9238],[-14.621,25.7836],[-14.7149,25.5256],[-14.7821,25.4469],[-14.8497,25.2142],[-14.836,24.9187],[-14.9078,24.6855],[-15.0148,24.5624],[-15.1719,24.4941],[-15.6201,24.0263],[-15.7681,23.9599],[-15.7726,23.7878],[-15.9672,23.5129],[-16.1351,23.1851],[-16.173,22.9735],[-16.2896,22.8998],[-16.3573,22.5831],[-16.4294,22.5104],[-16.5218,22.3149],[-16.7068,22.2755],[-16.8166,22.1306],[-16.921,21.9313],[-16.9669,21.7812],[-16.9711,21.5926],[-17.0128,21.4452],[-17.1002,20.8376],[-17.0569,20.7669],[-17.0812,20.8747],[-16.9588,21.3329],[-16.2677,21.3329],[-15.0023,21.3332],[-14.0155,21.3333],[-13.0152,21.3334],[-13.0933,22.4955],[-13.1655,22.7527],[-13.1199,22.8835],[-13.0152,23.018],[-12.6194,23.2708],[-12.3539,23.3225],[-12.0153,23.4952],[-12.0153,24.2563],[-12.0153,25.3146],[-12.0153,25.9949],[-10.9073,25.995],[-9.6987,25.995],[-8.7072,25.995],[-8.6808,26.0131],[-8.6824,27.2854],[-8.6824,28.6659],[-8.6488,28.7259],[-8.4178,28.8523],[-8.3835,28.9058],[-8.0697,29.0793],[-7.6195,29.3894],[-7.3496,29.3834],[-7.1469,29.5092],[-6.9582,29.5092],[-6.7835,29.4463],[-6.6996,29.5162],[-6.2733,29.5791],[-6.0008,29.5791],[-5.7562,29.6141],[-5.7212,29.5232],[-5.5395,29.5232],[-5.2739,29.8866],[-5.1761,29.9775],[-4.8756,30.1802],[-4.624,30.285],[-4.3724,30.5086],[-4.1557,30.5855],[-3.8342,30.6275],[-3.6455,30.7113],[-3.6595,30.8371],[-3.5547,30.9559],[-3.6359,31.0957],[-3.815,31.2205],[-3.8192,31.3189],[-3.6735,31.3892],[-3.6595,31.6478],[-3.2192,31.7177],[-2.8278,31.7946],[-2.9387,32.0486],[-2.5161,32.1322],[-1.2496,32.0817],[-1.289,32.1509],[-1.218,32.3926],[-1.0475,32.517],[-1.4233,32.7424],[-1.5588,32.9336],[-1.4995,33.0602],[-1.6742,33.238],[-1.6832,33.3692],[-1.6127,33.5215],[-1.7025,33.7728],[-1.7187,33.8981],[-1.6748,34.106],[-1.8096,34.3725],[-1.7507,34.4942],[-1.8711,34.5966],[-1.7877,34.7567],[-2.1938,35.0036],[-2.2226,35.0893]]]},"properties":{"ADMIN":"Morocco","ADM0_A3":"MAR","NAME_EN":"Morocco","LABEL_X":-7.187296,"LABEL_Y":31.650723,"FCLASS_IN":""}},
{"type":"Feature","geometry":{"type":"Polygon","coordinates":[[[-83.6965,10.9366],[-83.663,10.807],[-83.9333,10.7181],[-84.0227,10.7872],[-84.1916,10.7817],[-84.2084,10.861],[-84.6765,11.0704],[-84.9314,10.9419],[-85.6312,11.1962],[-85.7017,11.0809],[-85.741,10.9396],[-85.8782,10.9464],[-85.9088,10.8864],[-85.6653,10.7788],[-85.6317,10.6212],[-85.8092,10.4945],[-85.8616,10.347],[-85.7786,10.0799],[-85.6386,9.9055],[-85.3324,9.8266],[-85.1458,9.6126],[-84.9596,9.7274],[-84.8646,9.8229],[-84.9596,9.9465],[-85.1445,9.9993],[-85.2401,10.1163],[-85.0899,10.1724],[-84.8509,9.9669],[-84.7623,9.9757],[-84.6346,9.7834],[-84.6784,9.6926],[-84.6166,9.5781],[-84.5216,9.5193],[-84.2727,9.4816],[-83.9181,9.2947],[-83.7869,9.1992],[-83.6299,9.0353],[-83.5876,8.8354],[-83.63,8.7337],[-83.7399,8.6238],[-83.5756,8.445],[-83.2764,8.4016],[-83.2869,8.5172],[-83.4048,8.589],[-83.4817,8.7126],[-83.3837,8.7398],[-83.1434,8.5502],[-83.0996,8.4313],[-83.1509,8.3693],[-82.9685,8.2212],[-82.8976,8.0347],[-82.9437,8.2486],[-83.0532,8.3151],[-82.8704,8.4381],[-82.8498,8.6299],[-82.9242,8.7412],[-82.8669,8.8381],[-82.7194,8.9215],[-82.7491,8.9741],[-82.9394,9.0596],[-82.9443,9.4372],[-82.8613,9.4841],[-82.829,9.6027],[-82.6189,9.4867],[-82.5736,9.5762],[-82.6359,9.6345],[-82.7723,9.661],[-83.0167,9.9631],[-83.2037,10.1293],[-83.4662,10.4945],[-83.6243,10.9029],[-83.6654,10.9353],[-83.6869,10.938],[-83.6965,10.9366]]]},"properties":{"ADMIN":"Costa Rica","ADM0_A3":"CRI","NAME_EN":"Costa Rica","LABEL_X":-84.077922,"LABEL_Y":10.0651,"FCLASS_IN":""}},
{"type":"Feature","geometry":{"type":"Polygon","coordinates":[[[-85.7017,11.0809],[-85.6312,11.1962],[-84.9314,10.9419],[-84.6765,11.0704],[-84.2084,10.861],[-84.1916,10.7817],[-84.0227,10.7872],[-83.9333,10.7181],[-83.663,10.807],[-83.6965,10.9366],[-83.8373,11.1425],[-83.868,11.3749],[-83.7611,11.5571],[-83.653,11.6115],[-83.6999,11.8499],[-83.8361,11.8712],[-83.7132,12.0493],[-83.6637,12.2561],[-83.7672,12.5467],[-83.5891,12.6321],[-83.6459,12.7869],[-83.5447,12.7968],[-83.5638,12.5909],[-83.6239,12.5707],[-83.6034,12.4137],[-83.4923,12.4003],[-83.5413,12.5806],[-83.5077,12.9028],[-83.5701,13.2871],[-83.4938,13.7377],[-83.4313,13.9567],[-83.2186,14.2503],[-83.1918,14.3869],[-83.2992,14.7712],[-83.4141,14.8277],[-83.1304,14.997],[-83.262,14.9832],[-83.3903,15.031],[-83.8695,14.7771],[-84.0236,14.7583],[-84.4827,14.6195],[-84.6993,14.6747],[-84.7702,14.8051],[-84.9042,14.817],[-85.002,14.7407],[-85.0296,14.589],[-85.2058,14.4072],[-85.1902,14.3096],[-85.3214,14.2813],[-85.4317,14.1328],[-85.6992,13.9615],[-85.8242,13.8477],[-86.0967,14.0441],[-86.2841,13.8457],[-86.4101,13.749],[-86.5417,13.7821],[-86.7662,13.7453],[-86.7741,13.6546],[-86.7019,13.3142],[-86.9108,13.2396],[-86.9484,13.0697],[-87.0847,12.9959],[-87.314,12.9816],[-87.435,12.9224],[-87.5839,13.0573],[-87.667,12.9822],[-87.6465,12.8724],[-87.4549,12.7438],[-87.3448,12.6192],[-87.1227,12.4604],[-87.0714,12.3887],[-86.7975,12.2185],[-86.6898,12.0241],[-86.4964,11.7594],[-86.3365,11.6114],[-85.928,11.3107],[-85.7858,11.1123],[-85.7017,11.0809]]]},"properties":{"ADMIN":"Nicaragua","ADM0_A3":"NIC","NAME_EN":"Nicaragua","LABEL_X":-85.069347,"LABEL_Y":12.670697,"FCLASS_IN":""}},
{"type":"Feature","geometry":{"type":"Polygon","coordinates":[[[18.6264,3.4769],[18.5134,3.5922],[18.2485,3.5749],[18.1816,3.4774],[18.082,3.5635],[17.8564,3.5373],[17.8083,3.6086],[17.6273,3.6263],[17.4589,3.7083],[17.3344,3.6185],[16.9686,3.5335],[16.6394,3.5286],[16.5677,3.4644],[16.4908,3.0678],[16.4455,2.9577],[16.4791,2.8363],[16.1967,2.2365],[16.1044,2.1936],[16.0649,1.979],[16.159,1.7348],[15.8899,1.7933],[15.7646,1.9087],[15.4829,1.9758],[15.3492,1.9233],[15.2337,2.0313],[15.0916,1.9844],[14.963,2.0104],[14.8715,2.1017],[14.7057,2.1055],[14.5621,2.2088],[14.4187,2.1353],[14.267,2.1524],[13.2946,2.1611],[13.2811,2.045],[13.2069,1.9936],[13.1296,1.5925],[13.2395,1.428],[13.2502,1.2218],[13.4139,1.2955],[13.5434,1.2835],[13.7947,1.4344],[14.1839,1.3808],[14.2522,1.3308],[14.2747,1.1556],[14.4681,0.9132],[14.4476,0.8162],[14.2318,0.5426],[14.076,0.5395],[14.0404,0.4138],[13.9452,0.3504],[13.8712,0.1964],[13.9211,-0.053],[13.8312,-0.2054],[14.0588,-0.2588],[14.1214,-0.3022],[14.1597,-0.4551],[14.2927,-0.4364],[14.4665,-0.5527],[14.499,-0.6309],[14.4571,-0.8561],[14.3918,-1.0233],[14.4658,-1.2244],[14.4821,-1.3886],[14.3738,-1.6041],[14.403,-1.6709],[14.3707,-1.9213],[14.2522,-1.9676],[14.2384,-2.1202],[14.1512,-2.259],[14.227,-2.3231],[14.0809,-2.4999],[13.885,-2.4885],[13.8639,-2.3215],[13.7707,-2.1191],[13.5934,-2.3268],[13.4454,-2.4271],[13.361,-2.4288],[13.0107,-2.2878],[12.8046,-1.9191],[12.5832,-1.8265],[12.4995,-1.9179],[12.4231,-1.8976],[12.4702,-2.1563],[12.4593,-2.3299],[12.0623,-2.415],[11.9384,-2.3291],[11.7561,-2.4151],[11.6697,-2.3527],[11.5582,-2.3494],[11.6103,-2.6789],[11.5375,-2.7977],[11.6368,-2.8333],[11.7637,-2.9826],[11.6875,-3.171],[11.9444,-3.3032],[11.8278,-3.5481],[11.8985,-3.6224],[11.8197,-3.7104],[11.6492,-3.6733],[11.5698,-3.545],[11.4826,-3.5093],[11.414,-3.5876],[11.2125,-3.6973],[11.114,-3.9369],[11.3582,-4.1119],[11.4014,-4.2214],[11.8064,-4.5771],[11.7816,-4.6804],[11.8957,-4.8826],[12.0096,-5.0196],[12.2352,-4.804],[12.3324,-4.7659],[12.3776,-4.6194],[12.6081,-4.565],[12.7617,-4.3912],[12.9024,-4.4802],[13.0737,-4.6353],[13.3588,-4.7948],[13.3926,-4.8853],[13.6901,-4.6911],[13.711,-4.4645],[13.79,-4.4246],[13.9549,-4.4919],[14.0211,-4.4154],[14.1464,-4.3899],[14.3686,-4.2784],[14.4665,-4.448],[14.35,-4.5669],[14.4069,-4.676],[14.3965,-4.8559],[14.5199,-4.8413],[14.6345,-4.9036],[14.8312,-4.8151],[14.931,-4.6469],[15.0979,-4.4999],[15.204,-4.339],[15.4589,-4.2139],[15.5668,-4.038],[15.883,-3.9453],[16.0533,-3.62],[16.2077,-3.3619],[16.177,-2.8825],[16.2256,-2.6352],[16.1769,-2.2868],[16.2313,-2.129],[16.5225,-1.8617],[16.6172,-1.7287],[16.6362,-1.6208],[16.8397,-1.2625],[17.0287,-1.0945],[17.2977,-1.0211],[17.4115,-0.9183],[17.7495,-0.5234],[17.7164,-0.1958],[17.7571,-0.0095],[17.854,0.2411],[17.9399,0.3613],[17.952,0.4743],[17.8993,0.5833],[17.9077,0.7405],[17.8666,1.0166],[17.9634,1.1915],[18.0123,1.422],[18.0714,1.5515],[18.0724,2.16],[18.174,2.3361],[18.2462,2.5189],[18.3932,2.7137],[18.5284,3.0648],[18.6131,3.1282],[18.6424,3.3238],[18.6264,3.4769]]]},"properties":{"ADMIN":"Republic of the Congo","ADM0_A3":"COG","NAME_EN":"Republic of the Congo","LABEL_X":15.9005,"LABEL_Y":0.142331,"FCLASS_IN":""}},
{"type":"Feature","geometry":{"type":"Polygon","coordinates":[[[18.6264,3.4769],[18.6424,3.3238],[18.6131,3.1282],[18.5284,3.0648],[18.3932,2.7137],[18.2462,2.5189],[18.174,2.3361],[18.0724,2.16],[18.0714,1.5515],[18.0123,1.422],[17.9634,1.1915],[17.8666,1.0166],[17.9077,0.7405],[17.8993,0.5833],[17.952,0.4743],[17.9399,0.3613],[17.854,0.2411],[17.7571,-0.0095],[17.7164,-0.1958],[17.7495,-0.5234],[17.4115,-0.9183],[17.2977,-1.0211],[17.0287,-1.0945],[16.8397,-1.2625],[16.6362,-1.6208],[16.6172,-1.7287],[16.5225,-1.8617],[16.2313,-2.129],[16.1769,-2.2868],[16.2256,-2.6352],[16.177,-2.8825],[16.2077,-3.3619],[16.0533,-3.62],[15.883,-3.9453],[15.5668,-4.038],[15.4589,-4.2139],[15.204,-4.339],[15.0979,-4.4999],[14.931,-4.6469],[14.8312,-4.8151],[14.6345,-4.9036],[14.5199,-4.8413],[14.3965,-4.8559],[14.4069,-4.676],[14.35,-4.5669],[14.4665,-4.448],[14.3686,-4.2784],[14.1464,-4.3899],[14.0211,-4.4154],[13.9549,-4.4919],[13.79,-4.4246],[13.711,-4.4645],[13.6901,-4.6911],[13.3926,-4.8853],[13.3588,-4.7948],[13.0737,-4.6353],[12.8332,-4.7227],[12.6789,-4.9243],[12.4444,-5.0551],[12.5307,-5.1627],[12.509,-5.7263],[12.3444,-5.7246],[12.2105,-5.7634],[12.4495,-6.0519],[12.7226,-5.9793],[12.8224,-5.8298],[13.1838,-5.8565],[13.6415,-5.8658],[13.9436,-5.8416],[14.0212,-5.8725],[14.5766,-5.9047],[14.7037,-5.8814],[15.6183,-5.8662],[16.3157,-5.8546],[16.5974,-5.9247],[16.6043,-6.0619],[16.7268,-6.1892],[16.7308,-6.5698],[16.8329,-6.8278],[16.927,-6.8886],[16.9732,-7.0148],[16.9271,-7.0857],[16.9961,-7.298],[17.0981,-7.4023],[17.2889,-7.6995],[17.5365,-8.0151],[17.5443,-8.0848],[17.7895,-8.0818],[17.9014,-8.0481],[17.9819,-8.1053],[18.0982,-8.1093],[18.1766,-7.9992],[18.5076,-7.9975],[18.5165,-7.9322],[18.7385,-7.9323],[18.7738,-8.002],[19.3555,-8.002],[19.3338,-7.8673],[19.4247,-7.5797],[19.5132,-7.4794],[19.4764,-7.3159],[19.5218,-7.0019],[20.2943,-7.0019],[20.3311,-6.9168],[20.6115,-6.916],[20.5245,-7.1431],[20.5205,-7.2864],[21.785,-7.2834],[21.8424,-7.3699],[21.8541,-7.586],[21.7705,-7.8068],[21.7585,-8.0151],[21.8512,-8.1435],[21.936,-8.413],[21.8599,-8.8464],[21.8411,-9.2758],[21.7933,-9.3935],[21.8541,-9.6178],[21.9984,-9.8091],[22.1599,-9.9315],[22.2028,-10.1306],[22.3134,-10.3686],[22.274,-10.503],[22.3224,-10.7422],[22.1655,-10.8524],[22.2818,-11.2367],[22.4694,-11.1224],[22.5376,-11.0372],[22.7277,-11.0968],[22.8292,-11.0521],[23.0143,-11.1025],[23.1968,-11.0719],[23.3733,-10.9751],[23.4948,-10.9643],[23.8337,-11.0285],[23.9675,-10.8723],[24.1142,-10.9192],[24.1242,-11.0433],[24.2938,-11.0503],[24.3818,-11.1206],[24.3922,-11.2791],[24.3101,-11.4066],[24.4465,-11.4636],[24.5647,-11.4447],[24.6741,-11.3416],[24.9429,-11.2686],[25.1243,-11.2592],[25.2788,-11.1999],[25.3249,-11.2837],[25.279,-11.3963],[25.352,-11.6461],[25.4812,-11.7153],[25.6215,-11.7289],[25.7256,-11.8005],[25.8507,-11.7938],[25.9941,-11.9048],[26.1667,-11.9024],[26.298,-11.9412],[26.4146,-11.9118],[26.6435,-11.9855],[26.8742,-11.9643],[26.9673,-11.8704],[27.0103,-11.6098],[27.1801,-11.5696],[27.2342,-11.8091],[27.4207,-11.922],[27.5205,-12.1796],[27.6382,-12.2936],[27.9339,-12.3033],[27.9587,-12.3678],[28.1313,-12.4292],[28.3397,-12.4505],[28.4227,-12.5213],[28.5116,-12.6944],[28.474,-12.7365],[28.584,-12.8887],[28.6679,-12.8493],[28.9034,-13.1623],[28.9341,-13.3096],[28.994,-13.3959],[29.1689,-13.4339],[29.5744,-13.2254],[29.6675,-13.292],[29.6017,-13.3744],[29.7029,-13.4576],[29.7976,-13.4242],[29.7993,-12.1541],[29.4743,-12.2427],[29.4466,-12.3351],[29.4997,-12.4531],[29.255,-12.3662],[29.0304,-12.3762],[28.9447,-12.2061],[28.835,-12.0922],[28.4972,-11.8574],[28.4525,-11.7808],[28.357,-11.4469],[28.4396,-11.3482],[28.4768,-11.078],[28.5635,-10.8119],[28.6996,-10.6432],[28.6349,-10.5195],[28.6292,-10.2959],[28.5699,-10.2196],[28.6196,-10.1419],[28.6239,-9.951],[28.6685,-9.8216],[28.6239,-9.6491],[28.516,-9.3783],[28.3685,-9.3086],[28.3723,-9.2351],[28.5991,-9.0964],[28.7654,-8.934],[28.9305,-8.6799],[28.9153,-8.4729],[29.8581,-8.3298],[30.7521,-8.1941],[30.655,-7.9274],[30.4416,-7.5963],[30.3696,-7.3103],[30.2347,-7.0571],[30.0909,-6.89],[29.7386,-6.6524],[29.5255,-6.2731],[29.4761,-6.0021],[29.603,-5.7817],[29.5935,-5.6203],[29.4964,-5.3917],[29.4556,-5.23],[29.3778,-5.0875],[29.321,-4.8363],[29.4013,-4.5869],[29.4042,-4.4498],[29.3395,-4.0932],[29.215,-3.8999],[29.2252,-3.5886],[29.2067,-3.3345],[29.2346,-3.0466],[29.0898,-2.9261],[29.0154,-2.7207],[28.8913,-2.6527],[28.8588,-2.4182],[28.9834,-2.2874],[29.1098,-2.2367],[29.1506,-2.1504],[29.1277,-1.9157],[29.1493,-1.7993],[29.3585,-1.5099],[29.4349,-1.5068],[29.5779,-1.3884],[29.556,-0.9195],[29.6108,-0.864],[29.6022,-0.7438],[29.6294,-0.4424],[29.7118,0.0996],[29.8006,0.1724],[29.8326,0.337],[29.9405,0.4983],[29.9283,0.785],[30.0384,0.8789],[30.1451,0.9032],[30.221,1.0171],[30.2389,1.136],[30.4783,1.2386],[30.6817,1.5003],[31.0258,1.7782],[31.2428,2.0512],[31.2675,2.1733],[31.1776,2.3029],[31.0552,2.2902],[30.9849,2.3946],[30.8718,2.3321],[30.795,2.4401],[30.7249,2.4408],[30.7394,2.6033],[30.8548,2.8932],[30.7451,3.0363],[30.8042,3.246],[30.91,3.3934],[30.8395,3.4902],[30.8377,3.5627],[30.6934,3.6319],[30.5726,3.601],[30.5389,3.8415],[30.3379,3.9279],[30.2059,3.9504],[30.1227,4.1025],[29.9232,4.2578],[29.8827,4.344],[29.7762,4.4056],[29.7777,4.5239],[29.6185,4.6416],[29.4941,4.6683],[29.3039,4.3871],[29.1735,4.348],[28.9862,4.4959],[28.8153,4.4783],[28.7554,4.554],[28.5482,4.3708],[28.4041,4.2778],[28.3032,4.3522],[28.1776,4.3472],[28.0089,4.4991],[27.7724,4.5958],[27.7669,4.7354],[27.641,4.8909],[27.5527,4.9005],[27.4363,5.0132],[27.4413,5.0707],[27.1164,5.2003],[26.9616,5.1512],[26.8671,5.0375],[26.7606,5.0881],[26.4627,5.0596],[26.3906,5.149],[26.2918,5.151],[26.13,5.2589],[26.0269,5.19],[25.7328,5.2589],[25.5813,5.3749],[25.3637,5.3106],[25.3077,5.1853],[25.3076,5.0323],[25.1295,5.0186],[25.0848,4.9542],[24.9581,4.9914],[24.7894,4.9199],[24.6644,4.9244],[24.6101,5.0167],[24.4596,5.1074],[24.3612,5.0629],[24.1629,4.9078],[24.0896,4.9202],[23.9483,4.8177],[23.8167,4.8206],[23.5666,4.7244],[23.3884,4.5873],[23.2649,4.6351],[23.1687,4.7381],[23.0173,4.7505],[22.8984,4.8236],[22.786,4.7246],[22.6895,4.4917],[22.587,4.4494],[22.6093,4.3634],[22.4927,4.174],[22.4226,4.1348],[22.2073,4.1503],[22.0089,4.2424],[21.8677,4.2416],[21.7229,4.2951],[21.5381,4.2447],[21.2989,4.3302],[21.1581,4.3102],[21.0842,4.3882],[20.8715,4.4534],[20.6031,4.4097],[20.4523,4.5289],[20.4631,4.6009],[20.3389,4.7719],[20.004,4.9745],[19.8909,5.0021],[19.8247,5.097],[19.7196,5.136],[19.409,5.1304],[19.0833,4.9093],[19.0116,4.765],[18.8282,4.56],[18.7211,4.3774],[18.5765,4.3728],[18.5371,4.3061],[18.6197,4.1696],[18.6453,3.9824],[18.593,3.7098],[18.6264,3.4769]]]},"properties":{"ADMIN":"Democratic Republic of the Congo","ADM0_A3":"COD","NAME_EN":"Democratic Republic of the Congo","LABEL_X":23.458829,"LABEL_Y":-1.858167,"FCLASS_IN":""}},
{"type":"Feature","geometry":{"type":"Polygon","coordinates":[[[91.6283,27.8527],[91.6217,27.9507],[91.4188,27.9947],[91.2697,28.0729],[91.0926,27.9717],[90.6839,28.0871],[90.4752,28.0723],[90.5877,28.2333],[90.2618,28.3354],[90.0709,28.3452],[89.8629,28.2958],[89.7558,28.1844],[89.5615,28.1346],[89.4445,28.0312],[89.336,27.8691],[89.2249,27.8078],[89.1274,27.6273],[89.051,27.6083],[88.8923,27.3155],[88.7301,27.151],[88.8276,27.0979],[88.9545,26.9126],[89.1846,26.8106],[89.3417,26.8543],[89.6852,26.7246],[89.8221,26.701],[90.0892,26.7417],[90.1774,26.8321],[90.3826,26.8918],[90.5878,26.7801],[90.7171,26.767],[91.1982,26.8023],[91.276,26.7741],[91.4063,26.8695],[91.5206,26.7976],[91.7021,26.8035],[91.7953,26.8535],[92.0359,26.8548],[92.0839,26.9373],[91.9959,27.158],[92.0848,27.3042],[91.9751,27.4724],[91.7796,27.4565],[91.5951,27.5464],[91.6283,27.8527]]]},"properties":{"ADMIN":"Bhutan","ADM0_A3":"BTN","NAME_EN":"Bhutan","LABEL_X":90.040294,"LABEL_Y":27.536685,"FCLASS_IN":""}},
{"type":"Feature","geometry":{"type":"Polygon","coordinates":[[[31.7643,52.1006],[31.4749,52.1178],[31.1348,52.0767],[30.9405,52.0201],[30.662,51.8194],[30.5341,51.5533],[30.6383,51.3359],[30.5553,51.2435],[30.3551,51.3053],[30.329,51.3886],[30.1486,51.4844],[29.8286,51.43],[29.618,51.4856],[29.4663,51.3851],[29.297,51.3737],[29.1604,51.6033],[29.0436,51.6262],[28.7999,51.5326],[28.6039,51.5535],[28.3469,51.5252],[28.21,51.652],[28.0708,51.5576],[27.8125,51.602],[27.7052,51.5684],[27.4773,51.6237],[27.254,51.5954],[27.1779,51.7471],[26.8548,51.7493],[26.4078,51.8506],[25.7679,51.9285],[25.352,51.9215],[25.1833,51.9498],[24.7218,51.8823],[24.3908,51.88],[24.2441,51.7182],[23.9813,51.586],[23.7497,51.6445],[23.5944,51.605],[23.6062,51.5174],[23.6976,51.4044],[23.634,51.3393],[23.8747,51.1361],[23.9117,51.0068],[24.1302,50.8689],[23.9699,50.8252],[24.0749,50.6902],[24.1065,50.5386],[23.9813,50.4048],[23.7475,50.3894],[23.1015,49.9571],[22.6409,49.5288],[22.7242,49.3671],[22.7057,49.1688],[22.7445,49.0455],[22.5396,49.0722],[22.449,48.9714],[22.3225,48.7003],[22.1537,48.5859],[22.1328,48.4048],[22.2718,48.4035],[22.3571,48.2431],[22.4814,48.2426],[22.6001,48.1011],[22.831,48.0724],[22.8776,47.9467],[23.2314,48.0797],[23.3601,47.9931],[23.5632,48.0058],[23.9773,47.9623],[24.231,47.897],[24.4285,47.9525],[24.5616,47.9405],[24.8966,47.7101],[25.1219,47.7703],[25.2617,47.8986],[25.7525,47.9346],[26.1731,47.9931],[26.3035,48.212],[26.6179,48.259],[26.8428,48.3937],[27.1758,48.3618],[27.5038,48.4724],[27.7518,48.452],[27.9264,48.3394],[28.0559,48.3215],[28.1999,48.2117],[28.2945,48.2365],[28.4369,48.1499],[28.7993,48.1118],[28.9504,47.9348],[29.124,47.976],[29.2386,47.756],[29.1174,47.5333],[29.3589,47.3527],[29.5566,47.324],[29.5304,47.1237],[29.603,47.0458],[29.5587,46.9457],[29.8436,46.8541],[29.9526,46.7247],[29.9161,46.5188],[30.0811,46.3742],[29.8478,46.3415],[29.7269,46.4558],[29.5986,46.3631],[29.4751,46.4323],[29.2007,46.3571],[29.1627,46.5381],[28.9458,46.4548],[28.9335,46.259],[29.0154,46.1826],[28.932,45.9932],[28.7576,45.9612],[28.7383,45.8376],[28.5767,45.7619],[28.474,45.6579],[28.4809,45.502],[28.2705,45.5215],[28.1995,45.4618],[28.3302,45.3229],[28.7101,45.227],[28.8163,45.3261],[28.9665,45.3199],[29.3221,45.4438],[29.6503,45.3461],[29.659,45.2159],[29.7562,45.3212],[29.7474,45.4634],[29.5897,45.5591],[29.865,45.6723],[29.9685,45.8389],[30.1384,45.8198],[30.4942,46.0805],[30.7725,46.3964],[30.7549,46.5159],[30.9914,46.6013],[31.1869,46.6291],[31.3377,46.6013],[31.481,46.6464],[31.8584,46.6291],[31.9085,46.6627],[32.3358,46.5622],[32.2761,46.4709],[32.1117,46.5124],[31.9683,46.3511],[32.2625,46.1282],[32.5034,46.0761],[32.7898,46.1343],[32.9131,46.1152],[33.2935,46.1357],[33.4238,46.0533],[33.6135,46.1452],[33.7087,45.9097],[33.4822,45.8545],[33.2654,45.7538],[32.9368,45.6625],[32.5252,45.4582],[32.5129,45.3406],[32.6631,45.3201],[32.8993,45.3542],[33.2596,45.1561],[33.4134,45.1845],[33.5625,45.0939],[33.6196,44.9315],[33.5461,44.8369],[33.5467,44.7095],[33.4774,44.6066],[33.721,44.3996],[33.9579,44.383],[34.3412,44.5585],[34.469,44.7298],[34.757,44.8205],[35.0057,44.8352],[35.3894,45.0019],[35.5474,45.1197],[35.7712,45.0656],[35.848,44.9924],[36.0479,45.0488],[36.2246,45.0075],[36.4401,45.0675],[36.418,45.2299],[36.6135,45.4089],[36.3,45.4733],[36.1375,45.4621],[36.0223,45.3681],[35.7918,45.4123],[35.695,45.3304],[35.4807,45.2978],[35.3322,45.3712],[35.0444,45.6701],[34.8744,45.9261],[34.8113,46.1662],[35.075,46.2711],[35.2137,46.4118],[35.2914,46.2934],[35.5105,46.4572],[35.9016,46.6527],[36.1895,46.669],[36.6961,46.78],[36.8862,46.804],[37.2082,46.9336],[37.3352,46.8825],[37.5807,47.0904],[37.8611,47.1015],[38.1301,47.0747],[38.2166,47.1033],[38.201,47.2906],[38.2603,47.4929],[38.3529,47.6071],[38.7345,47.6771],[38.8772,47.8612],[39.3916,47.8226],[39.7591,47.8329],[39.8431,48.1198],[39.9932,48.2732],[39.8092,48.5838],[39.6317,48.5869],[39.7587,48.8954],[39.6811,49.0203],[39.9187,49.0478],[39.9521,49.1245],[40.1417,49.2458],[40.1595,49.3336],[40.0409,49.4555],[40.1155,49.5906],[39.974,49.6026],[39.8015,49.5422],[39.6229,49.6135],[39.5704,49.7133],[39.238,49.7651],[39.1828,49.8585],[38.9374,49.8035],[38.8522,49.8658],[38.3442,49.9921],[37.9953,49.9213],[37.7277,50.0787],[37.5886,50.2146],[37.5992,50.2909],[37.4353,50.4249],[37.197,50.3624],[36.9141,50.3391],[36.6826,50.2607],[36.4002,50.3066],[36.269,50.2814],[36.1058,50.4211],[35.8374,50.4232],[35.6969,50.3451],[35.5702,50.3765],[35.4253,50.5005],[35.3777,50.6218],[35.4454,50.6875],[35.3417,50.9159],[35.1238,51.0913],[35.0992,51.1832],[34.9618,51.2153],[34.7481,51.1647],[34.409,51.2531],[34.2803,51.3613],[34.128,51.6807],[34.3763,51.7086],[34.3857,51.8177],[34.0682,52.031],[34.0557,52.1703],[33.8041,52.3546],[33.1965,52.3689],[32.9269,52.2469],[32.7254,52.2521],[32.5284,52.3162],[32.3395,52.2872],[32.3067,52.1412],[32.0956,52.0407],[31.892,52.0362],[31.7643,52.1006]]]},"properties":{"ADMIN":"Ukraine","ADM0_A3":"UKR","NAME_EN":"Ukraine","LABEL_X":32.140865,"LABEL_Y":49.724739,"FCLASS_IN":""}},
{"type":"Feature","geometry":{"type":"Polygon","coordinates":[[[23.6062,51.5174],[23.5944,51.605],[23.7497,51.6445],[23.9813,51.586],[24.2441,51.7182],[24.3908,51.88],[24.7218,51.8823],[25.1833,51.9498],[25.352,51.9215],[25.7679,51.9285],[26.4078,51.8506],[26.8548,51.7493],[27.1779,51.7471],[27.254,51.5954],[27.4773,51.6237],[27.7052,51.5684],[27.8125,51.602],[28.0708,51.5576],[28.21,51.652],[28.3469,51.5252],[28.6039,51.5535],[28.7999,51.5326],[29.0436,51.6262],[29.1604,51.6033],[29.297,51.3737],[29.4663,51.3851],[29.618,51.4856],[29.8286,51.43],[30.1486,51.4844],[30.329,51.3886],[30.3551,51.3053],[30.5553,51.2435],[30.6383,51.3359],[30.5341,51.5533],[30.662,51.8194],[30.9405,52.0201],[31.1348,52.0767],[31.4749,52.1178],[31.7643,52.1006],[31.6081,52.3725],[31.5702,52.7253],[31.5051,52.8489],[31.2471,53.0144],[31.3785,53.182],[31.7386,53.1925],[31.9072,53.0919],[32.2059,53.1004],[32.4055,53.1927],[32.7195,53.4395],[32.4529,53.5464],[32.4806,53.6624],[32.2904,53.7609],[32.0836,53.8096],[31.8732,53.7771],[31.7538,53.8196],[31.8465,53.9923],[31.7481,54.0863],[31.5064,54.1439],[31.3247,54.2292],[31.209,54.448],[31.0646,54.4923],[31.1679,54.6216],[30.7706,54.786],[30.8148,54.928],[31.0064,55.0424],[30.9598,55.1626],[30.7943,55.2855],[30.9186,55.4076],[30.9128,55.5716],[30.5964,55.6653],[30.4688,55.7935],[30.2178,55.8551],[29.8695,55.8305],[29.461,55.6873],[29.3436,55.787],[29.3774,55.954],[29.0308,56.0242],[28.7064,55.9598],[28.6207,56.083],[28.2898,56.0466],[28.1489,56.1424],[27.9115,56.1002],[27.645,55.9228],[27.5927,55.7942],[27.2824,55.7919],[26.9811,55.8269],[26.8228,55.7061],[26.5945,55.667],[26.4455,55.3375],[26.7686,55.3002],[26.5789,55.1185],[26.3095,55.1446],[26.1386,54.9689],[25.9079,54.9481],[25.7827,54.8697],[25.6462,54.5204],[25.53,54.3461],[25.696,54.321],[25.7868,54.2318],[25.1935,54.2437],[25.072,54.1322],[24.856,54.1467],[24.8214,54.0199],[24.5287,53.9584],[24.3779,53.8868],[24.2011,53.9525],[23.9198,53.9478],[23.6426,53.899],[23.4856,53.9393],[23.5909,53.6113],[23.783,53.2709],[23.8937,53.152],[23.9225,52.7426],[23.869,52.67],[23.3923,52.5096],[23.1656,52.2894],[23.6375,52.0845],[23.6764,51.9941],[23.5603,51.7545],[23.5399,51.6071],[23.6062,51.5174]]]},"properties":{"ADMIN":"Belarus","ADM0_A3":"BLR","NAME_EN":"Belarus","LABEL_X":28.417701,"LABEL_Y":53.821888,"FCLASS_IN":""}},
{"type":"Feature","geometry":{"type":"Polygon","coordinates":[[[16.4871,-28.5729],[16.6731,-28.4598],[16.7693,-28.4426],[16.7644,-28.2832],[16.8855,-28.162],[16.893,-28.0826],[17.0978,-28.0312],[17.19,-28.1168],[17.192,-28.2088],[17.3457,-28.2276],[17.4021,-28.3678],[17.3282,-28.4561],[17.4206,-28.5934],[17.4036,-28.7043],[17.5829,-28.6802],[17.6071,-28.7557],[17.9133,-28.7813],[18.1665,-28.9019],[18.3976,-28.8989],[18.7457,-28.8399],[18.9545,-28.8667],[19.0817,-28.9594],[19.2889,-28.871],[19.2486,-28.7716],[19.4829,-28.6782],[19.5688,-28.5312],[19.9817,-28.4223],[19.9829,-27.2879],[19.9826,-26.6151],[19.9821,-25.7181],[19.9814,-24.7525],[19.9805,-23.8925],[19.9798,-23.2045],[19.9783,-22.0007],[20.972,-22.0007],[20.9848,-21.964],[20.9807,-20.7507],[20.9776,-19.7508],[20.9751,-19.001],[20.9751,-18.3193],[21.4757,-18.2995],[22.0503,-18.1928],[22.9814,-18.02],[23.3115,-18.0098],[23.3595,-18.1192],[23.5015,-18.2375],[23.5792,-18.4679],[23.6454,-18.466],[24.057,-18.119],[24.1831,-18.0294],[24.2964,-18.0262],[24.4216,-17.9565],[24.5056,-18.0603],[24.5778,-18.0444],[24.7253,-17.8959],[24.9581,-17.8009],[25.057,-17.8277],[25.2598,-17.7941],[24.958,-17.5517],[24.6844,-17.4924],[24.5913,-17.5284],[24.407,-17.4745],[24.2205,-17.4795],[23.3817,-17.6411],[22.2305,-17.8576],[21.3812,-18.0126],[21.2166,-17.9306],[21.0931,-17.9381],[20.8062,-18.0314],[20.5655,-17.9852],[20.3362,-17.8549],[20.0343,-17.8959],[19.952,-17.8623],[19.6726,-17.8427],[19.4213,-17.8594],[19.1721,-17.8012],[19.0206,-17.8223],[18.762,-17.7477],[18.4928,-17.4645],[18.4536,-17.3899],[17.6226,-17.389],[16.3398,-17.3887],[15.0572,-17.3883],[14.2074,-17.388],[14.0854,-17.4236],[13.9427,-17.4082],[13.8844,-17.3385],[13.5213,-17.1219],[13.4947,-17.024],[13.3637,-16.9642],[13.1663,-16.9511],[12.8872,-17.0298],[12.8183,-17.1048],[12.5546,-17.2356],[12.2426,-17.2248],[12.0953,-17.1397],[11.7661,-17.2527],[11.7176,-17.5463],[11.7969,-17.9561],[11.8491,-18.1432],[11.9373,-18.2321],[12.0319,-18.5054],[12.2869,-18.6977],[12.45,-18.9046],[12.4704,-18.9977],[12.5674,-19.1023],[12.7046,-19.4108],[13.0054,-19.9355],[13.0709,-20.1142],[13.1546,-20.1542],[13.2131,-20.2734],[13.2627,-20.4851],[13.3495,-20.6445],[13.3872,-20.8161],[13.6027,-21.1581],[13.8317,-21.4565],[13.9583,-21.7048],[13.9523,-21.7839],[14.1372,-21.9464],[14.3865,-22.2765],[14.5086,-22.548],[14.522,-22.9234],[14.4102,-22.9708],[14.492,-23.3092],[14.4343,-23.4152],[14.4953,-23.5785],[14.4966,-23.926],[14.4596,-24.0104],[14.4736,-24.1591],[14.6123,-24.4457],[14.6019,-24.5624],[14.7808,-24.8034],[14.8533,-25.0642],[14.8013,-25.2628],[14.877,-25.5781],[14.8428,-25.7636],[14.979,-26.0588],[14.9663,-26.3352],[15.1288,-26.4576],[15.1681,-26.6028],[15.083,-26.6952],[15.1786,-26.9212],[15.2342,-26.9654],[15.2953,-27.3224],[15.5207,-27.6337],[15.5462,-27.7478],[15.646,-27.8366],[15.6843,-27.9499],[15.9111,-28.1713],[16.0436,-28.2571],[16.168,-28.3958],[16.4194,-28.607],[16.4871,-28.5729]]]},"properties":{"ADMIN":"Namibia","ADM0_A3":"NAM","NAME_EN":"Namibia","LABEL_X":17.108166,"LABEL_Y":-20.575298,"FCLASS_IN":""}},
{"type":"Feature","geometry":{"type":"MultiPolygon","coordinates":[[[[19.9814,-24.7525],[19.9821,-25.7181],[19.9826,-26.6151],[19.9829,-27.2879],[19.9817,-28.4223],[19.5688,-28.5312],[19.4829,-28.6782],[19.2486,-28.7716],[19.2889,-28.871],[19.0817,-28.9594],[18.9545,-28.8667],[18.7457,-28.8399],[18.3976,-28.8989],[18.1665,-28.9019],[17.9133,-28.7813],[17.6071,-28.7557],[17.5829,-28.6802],[17.4036,-28.7043],[17.4206,-28.5934],[17.3282,-28.4561],[17.4021,-28.3678],[17.3457,-28.2276],[17.192,-28.2088],[17.19,-28.1168],[17.0978,-28.0312],[16.893,-28.0826],[16.8855,-28.162],[16.7644,-28.2832],[16.7693,-28.4426],[16.6731,-28.4598],[16.4871,-28.5729],[16.6004,-28.8575],[16.8088,-29.0783],[17.0563,-29.6764],[17.1037,-29.8849],[17.282,-30.3478],[17.536,-30.7521],[17.5617,-30.8381],[17.8937,-31.3448],[18.1729,-31.6633],[18.2769,-31.8927],[18.3494,-32.2603],[18.3342,-32.4913],[18.2731,-32.6476],[18.0806,-32.7813],[17.9675,-32.7035],[17.8524,-32.8297],[17.9128,-33.0475],[18.0752,-33.2022],[18.1462,-33.3559],[18.3074,-33.4793],[18.3203,-33.5675],[18.4318,-33.6967],[18.4754,-33.8998],[18.3721,-33.9251],[18.3148,-34.0291],[18.4063,-34.3019],[18.4766,-34.245],[18.4417,-34.1442],[18.555,-34.0738],[18.7407,-34.0774],[18.8582,-34.1503],[18.8083,-34.3647],[19.0884,-34.3427],[19.1193,-34.4006],[19.3044,-34.4179],[19.3987,-34.6018],[19.6424,-34.7721],[19.8584,-34.7497],[19.9535,-34.8087],[20.2117,-34.6721],[20.5244,-34.4543],[20.9613,-34.3561],[21.2625,-34.4216],[21.5159,-34.3522],[21.7026,-34.3906],[21.8945,-34.336],[21.9217,-34.2467],[22.1141,-34.1939],[22.1235,-34.1205],[22.2752,-34.0577],[22.4105,-34.0656],[22.6299,-33.9958],[22.936,-34.0827],[23.4084,-34.11],[23.4276,-34.0124],[23.6355,-33.9797],[24.1631,-34.0548],[24.584,-34.1783],[24.8411,-34.1325],[24.9529,-33.9851],[25.1011,-33.9605],[25.4105,-34.033],[25.5982,-34.0485],[25.679,-33.7952],[25.9553,-33.7109],[26.2866,-33.7664],[26.5151,-33.7553],[27.1431,-33.4794],[27.3802,-33.3574],[27.7327,-33.1088],[27.8971,-33.04],[28.2108,-32.7747],[28.5486,-32.5624],[28.6172,-32.4782],[28.8704,-32.287],[29.0964,-32.0536],[29.1476,-31.9698],[29.3919,-31.7355],[29.7845,-31.4347],[30.0099,-31.2923],[30.3923,-30.8471],[31.0158,-29.8681],[31.1869,-29.5603],[31.4885,-29.2096],[31.7521,-28.9662],[32.0121,-28.8665],[32.3794,-28.5528],[32.422,-28.3819],[32.544,-28.1901],[32.5915,-27.8808],[32.6765,-27.5207],[32.8394,-27.1236],[32.8931,-26.8461],[32.3522,-26.8603],[32.1139,-26.84],[31.9922,-26.8383],[31.9421,-27.1007],[31.9683,-27.3163],[31.5265,-27.3109],[31.157,-27.2056],[30.9761,-27.035],[30.961,-26.9112],[30.8802,-26.7722],[30.7857,-26.7169],[30.8046,-26.3975],[30.9699,-26.2091],[31.1198,-25.91],[31.3093,-25.7574],[31.4269,-25.7436],[31.8346,-25.9821],[31.9492,-25.9581],[31.9119,-25.7853],[31.9916,-25.6502],[31.9866,-24.4231],[31.8695,-24.1638],[31.8558,-23.9465],[31.7412,-23.8368],[31.6423,-23.5879],[31.5215,-23.4156],[31.5363,-23.157],[31.2791,-22.4153],[31.2889,-22.3973],[31.1045,-22.3334],[30.8379,-22.2823],[30.6324,-22.3307],[30.5074,-22.3096],[30.3008,-22.337],[30.1351,-22.2936],[29.7589,-22.1309],[29.6614,-22.1265],[29.3501,-22.1867],[29.0478,-22.2203],[28.9602,-22.3102],[28.9125,-22.4537],[28.6239,-22.5628],[28.3386,-22.5846],[28.1962,-22.6716],[28.1625,-22.759],[27.9375,-22.9638],[27.8955,-23.0795],[27.608,-23.2167],[27.5489,-23.3608],[27.35,-23.3915],[27.1274,-23.525],[27.0042,-23.6458],[26.8709,-24.1158],[26.8497,-24.2481],[26.714,-24.3159],[26.5312,-24.4587],[26.4044,-24.6328],[26.2788,-24.6285],[25.8684,-24.7482],[25.8767,-24.886],[25.6955,-25.31],[25.5873,-25.6195],[25.3865,-25.7435],[25.1778,-25.7633],[25.0517,-25.7379],[24.7986,-25.8292],[24.665,-25.8233],[24.4567,-25.743],[24.2967,-25.7235],[24.2277,-25.649],[23.9248,-25.6292],[23.4593,-25.2822],[23.2657,-25.264],[23.0717,-25.326],[23.007,-25.3108],[22.8446,-25.4811],[22.8044,-25.6872],[22.7464,-25.7553],[22.7194,-25.9843],[22.5451,-26.2074],[22.4288,-26.2265],[22.2573,-26.3409],[22.0577,-26.6176],[21.7675,-26.7043],[21.6872,-26.8552],[21.3808,-26.824],[21.1225,-26.8653],[20.8519,-26.8065],[20.6935,-26.889],[20.6089,-26.6861],[20.6225,-26.4275],[20.8414,-26.1313],[20.7941,-25.8939],[20.6433,-25.6132],[20.6634,-25.5647],[20.5422,-25.3822],[20.3649,-25.0332],[20.1189,-24.8874],[19.9814,-24.7525]],[[28.9808,-28.909],[29.2084,-29.0689],[29.3118,-29.0898],[29.4359,-29.3424],[29.3038,-29.4668],[29.2786,-29.6136],[29.1613,-29.6669],[29.1058,-29.8256],[29.1442,-29.9197],[28.86,-30.0664],[28.6397,-30.1315],[28.5243,-30.1167],[28.3641,-30.1593],[28.216,-30.2674],[28.2182,-30.3874],[28.0547,-30.6497],[27.7436,-30.6003],[27.5986,-30.4903],[27.4594,-30.3166],[27.3662,-30.311],[27.2659,-30.0333],[27.1988,-29.9785],[27.0149,-29.6256],[27.2418,-29.549],[27.4176,-29.3966],[27.4533,-29.2916],[27.665,-29.0657],[27.7474,-28.9086],[27.8613,-28.9154],[28.0187,-28.8568],[28.155,-28.7023],[28.3172,-28.7001],[28.4034,-28.6189],[28.6665,-28.5972],[28.6995,-28.6885],[28.8857,-28.7972],[28.9808,-28.909]]],[[[37.6624,-46.8285],[37.6188,-46.9544],[37.8364,-46.9587],[37.8211,-46.8442],[37.6624,-46.8285]]]]},"properties":{"ADMIN":"South Africa","ADM0_A3":"ZAF","NAME_EN":"South Africa","LABEL_X":23.665734,"LABEL_Y":-29.708776,"FCLASS_IN":""}},
{"type":"Feature","geometry":{"type":"Polygon","coordinates":[[[-63.0176,18.0334],[-63.0176,18.1221],[-63.107,18.0621],[-63.0176,18.0334]]]},"properties":{"ADMIN":"Saint Martin","ADM0_A3":"MAF","NAME_EN":"Saint Martin","LABEL_X":-63.049399,"LABEL_Y":18.081302,"FCLASS_IN":""}},
{"type":"Feature","geometry":{"type":"Polygon","coordinates":[[[-63.107,18.0621],[-63.0976,18.036],[-63.0176,18.0334],[-63.107,18.0621]]]},"properties":{"ADMIN":"Sint Maarten","ADM0_A3":"SXM","NAME_EN":"Sint Maarten","LABEL_X":-63.070133,"LABEL_Y":18.04088,"FCLASS_IN":""}},
{"type":"Feature","geometry":{"type":"MultiPolygon","coordinates":[[[[56.0774,26.061],[56.1835,26.0145],[56.1451,25.6708],[56.2791,25.6274],[56.2879,25.7416],[56.3638,25.8069],[56.4004,25.9905],[56.3833,26.0975],[56.4688,26.2055],[56.3223,26.3096],[56.3019,26.2053],[56.1818,26.246],[56.0774,26.061]]],[[[56.3833,24.9782],[56.1183,24.7354],[56.0315,24.7541],[56.0056,24.9562],[55.9354,24.9777],[55.7887,24.8552],[55.8182,24.6434],[55.7598,24.5585],[55.8074,24.3408],[55.7541,24.2455],[55.9332,24.2207],[55.9979,24.0813],[55.8071,24.0075],[55.6469,24.025],[55.4998,23.9706],[55.5383,23.77],[55.4453,23.5523],[55.3753,23.4693],[55.3211,23.2751],[55.2259,23.1213],[55.1913,22.9954],[55.1868,22.7036],[55.6267,22.0238],[55.6376,21.979],[55.3029,20.9715],[54.9784,19.9954],[53.63,19.546],[52.7744,19.2608],[51.9786,18.9956],[52.4845,17.8542],[52.7301,17.2999],[52.8016,17.2674],[53.0903,16.6424],[53.3386,16.7348],[53.5827,16.7499],[53.7532,16.8677],[53.9811,16.9088],[54.0234,16.9853],[54.39,17.0395],[54.5921,17.0385],[54.8084,16.9515],[55.0269,17.0111],[55.2547,17.2287],[55.3008,17.4168],[55.2254,17.5154],[55.4452,17.841],[55.6535,17.8953],[55.9094,17.9066],[56.1885,17.9571],[56.3449,17.9378],[56.4626,18.0844],[56.5613,18.1492],[56.6597,18.5954],[56.7847,18.7286],[56.915,18.8103],[57.2075,18.91],[57.5015,18.9537],[57.7097,18.944],[57.8401,19.0153],[57.7507,19.2681],[57.7739,19.4097],[57.7044,19.5487],[57.6989,19.7544],[57.7621,19.843],[57.848,20.1118],[57.8561,20.2606],[57.9666,20.3302],[57.9558,20.3996],[58.0759,20.48],[58.1035,20.5751],[58.2642,20.5876],[58.2243,20.3964],[58.4675,20.3695],[58.5186,20.4168],[58.6803,20.8284],[58.793,20.9274],[58.9192,21.1437],[59.1663,21.3628],[59.3362,21.4377],[59.4979,21.7563],[59.6453,21.9258],[59.6882,22.0827],[59.7918,22.1981],[59.8446,22.4453],[59.7764,22.5414],[59.5355,22.5831],[59.2975,22.7927],[59.2075,22.9704],[59.0837,23.0554],[58.9152,23.3361],[58.8076,23.4211],[58.7861,23.5121],[58.4909,23.6566],[58.412,23.6162],[58.0431,23.7246],[57.9128,23.7178],[57.7957,23.7822],[57.6452,23.7904],[57.1515,23.9536],[56.9395,24.1159],[56.8014,24.303],[56.6112,24.4963],[56.4935,24.7002],[56.3833,24.9782]]],[[[58.9063,20.626],[58.8529,20.6133],[58.7512,20.4401],[58.6429,20.3561],[58.6375,20.2185],[58.7894,20.2865],[58.8441,20.4373],[58.9539,20.5199],[58.9063,20.626]]]]},"properties":{"ADMIN":"Oman","ADM0_A3":"OMN","NAME_EN":"Oman","LABEL_X":57.336553,"LABEL_Y":22.120427,"FCLASS_IN":""}},
{"type":"Feature","geometry":{"type":"MultiPolygon","coordinates":[[[[70.959,40.2384],[71.3651,40.2941],[71.6731,40.1479],[72.0993,40.4264],[72.2359,40.4599],[72.3705,40.3856],[72.4479,40.5605],[72.5858,40.5087],[72.7484,40.5751],[72.7839,40.6697],[73.118,40.7829],[73.0034,40.8702],[72.6195,40.8801],[72.4767,41.0118],[72.1856,41.0411],[72.1699,41.1687],[71.8716,41.1945],[71.863,41.3122],[71.6841,41.5341],[71.5855,41.3235],[71.4126,41.3347],[71.4215,41.1621],[71.2761,41.1132],[70.9142,41.193],[70.7563,41.2696],[70.7597,41.3725],[70.6338,41.4675],[70.4772,41.4047],[70.1693,41.5783],[70.4537,41.7121],[70.5501,41.8241],[70.8251,41.9363],[70.8455,42.0304],[70.9771,42.0442],[71.2179,42.2064],[71.0776,42.2812],[70.9478,42.2481],[70.7343,42.1973],[70.6102,42.0274],[70.4554,42.0937],[70.3151,42.0346],[70.1364,41.8481],[69.8709,41.6996],[69.6246,41.6683],[69.3938,41.545],[69.3907,41.4697],[69.2171,41.4601],[69.0444,41.3792],[69.0392,41.2203],[68.7463,41.0638],[68.5497,40.835],[68.6274,40.6671],[68.4617,40.5847],[68.2261,40.6789],[68.0675,40.788],[68.1313,41.0296],[68.0211,41.0591],[67.9374,41.2004],[67.7481,41.1841],[66.8153,41.1419],[66.6882,41.1992],[66.5389,41.7408],[66.5041,41.9935],[66.0172,41.9976],[66.0137,42.403],[66.0532,42.4409],[66.1013,42.9903],[65.7952,42.8772],[65.5169,43.2972],[65.2714,43.417],[64.9565,43.6974],[64.855,43.7129],[64.4267,43.547],[63.208,43.6275],[62.0261,43.4806],[61.9857,43.4933],[61.1617,44.1681],[61.0363,44.3828],[59.6758,45.0291],[58.5822,45.5487],[58.5314,45.5587],[57.4783,45.3369],[55.9784,44.9962],[55.9764,44.3048],[55.9768,43.6164],[55.9774,42.6985],[55.9784,41.3217],[56.7935,41.2883],[57.0102,41.2541],[57.1538,41.3724],[57.0196,41.4659],[56.9605,41.6472],[56.9501,41.8661],[57.1155,41.9521],[57.2078,42.0706],[57.3823,42.1636],[57.6198,42.1482],[57.8505,42.1914],[57.9977,42.4934],[58.2257,42.4666],[58.1457,42.5926],[58.2827,42.6889],[58.4932,42.6455],[58.6123,42.7809],[58.8944,42.5478],[59.122,42.538],[59.2452,42.3653],[59.4782,42.2856],[59.8664,42.3042],[60.0282,42.1995],[59.9745,42.0992],[59.9837,41.949],[60.2411,41.8081],[60.0492,41.7535],[60.1556,41.6033],[60.0717,41.5144],[60.0942,41.3895],[60.4145,41.2353],[60.5381,41.2132],[60.8603,41.253],[61.0997,41.2241],[61.2814,41.1573],[61.4701,41.2972],[61.6544,41.2494],[61.8779,41.125],[61.9708,41.0154],[62.0448,40.715],[62.1918,40.499],[62.3533,40.4304],[62.4397,40.1729],[62.4528,40.0092],[62.5932,39.8902],[63.4776,39.4029],[63.7093,39.1909],[64.1206,38.9617],[64.3373,38.971],[64.6349,38.7441],[64.9777,38.6123],[65.2053,38.4496],[65.6041,38.2374],[65.7402,38.2241],[65.8767,38.273],[66.2311,38.1488],[66.3069,38.0804],[66.5542,38.0269],[66.6458,37.9459],[66.5188,37.7827],[66.4935,37.5222],[66.5196,37.3642],[67.0059,37.3844],[67.2368,37.1924],[67.4824,37.2774],[67.7805,37.1889],[67.8206,37.3033],[67.8292,37.5279],[68.0796,37.8063],[68.1222,37.9083],[68.2487,37.949],[68.3607,38.1741],[68.1837,38.3355],[68.0552,38.5363],[68.0376,38.6916],[68.1726,38.8453],[68.0856,38.9938],[67.6905,38.9896],[67.6198,39.1513],[67.3782,39.1995],[67.4365,39.4857],[67.5074,39.5529],[67.7645,39.6226],[68.3376,39.5279],[68.5175,39.5484],[68.6058,39.6669],[68.6158,39.8281],[68.8774,39.9006],[68.7894,39.994],[68.9307,40.1468],[68.6871,40.1103],[68.602,40.1754],[69.0192,40.2321],[69.1979,40.183],[69.2853,40.2186],[69.3063,40.365],[69.198,40.5458],[69.3135,40.6094],[69.3142,40.7293],[69.4358,40.8027],[69.6601,40.6387],[70.0097,40.758],[70.2804,40.8777],[70.3635,41.0324],[70.4457,41.0259],[70.6969,40.8162],[70.7562,40.6951],[70.3538,40.4561],[70.3714,40.3649],[70.5019,40.3508],[70.5818,40.2217],[70.7072,40.2002],[70.959,40.2384]]],[[[71.1769,40.042],[70.953,40.0792],[71.1137,39.8745],[71.2211,39.9317],[71.1769,40.042]]]]},"properties":{"ADMIN":"Uzbekistan","ADM0_A3":"UZB","NAME_EN":"Uzbekistan","LABEL_X":64.005429,"LABEL_Y":41.693603,"FCLASS_IN":""}},
{"type":"Feature","geometry":{"type":"Polygon","coordinates":[[[87.3238,49.0853],[87.218,49.2298],[87.076,49.2369],[86.9051,49.3519],[86.8243,49.5092],[86.5918,49.5872],[86.7759,49.695],[86.6102,49.7955],[86.3918,49.625],[86.1115,49.5202],[85.9314,49.4928],[85.8275,49.541],[85.384,49.6157],[85.2631,49.5815],[85.0326,49.885],[84.9546,49.9069],[84.9758,50.0752],[84.8387,50.0808],[84.642,50.1849],[84.3688,50.2118],[84.25,50.2599],[84.1017,50.6286],[83.9758,50.6864],[83.9506,50.7804],[83.8205,50.868],[83.434,50.9927],[83.1076,50.9927],[82.9759,50.8819],[82.7645,50.9067],[82.698,50.811],[82.4758,50.714],[82.4083,50.7484],[82.0731,50.7157],[81.7635,50.7843],[81.4602,50.7303],[81.4008,50.9591],[81.0583,50.9471],[81.1472,51.1359],[80.6828,51.302],[80.4762,51.2096],[80.4105,51.1048],[80.439,50.9581],[80.0493,50.8523],[79.9901,50.7881],[79.4698,51.4926],[78.4765,52.6379],[77.8668,53.2723],[77.6128,53.4428],[76.5257,53.9613],[76.3744,54.1478],[76.6646,54.1341],[76.8377,54.2969],[76.7661,54.3646],[76.4331,54.3166],[76.2342,54.3474],[76.1838,54.2516],[75.6404,54.0989],[75.3607,54.0595],[75.434,53.9865],[75.0279,53.8079],[74.772,53.8309],[74.6165,53.6807],[74.4535,53.685],[74.4091,53.4776],[74.2139,53.597],[73.8727,53.6321],[73.3912,53.5202],[73.2306,53.5723],[73.2297,53.6624],[73.4853,53.8749],[73.6971,53.9008],[73.7406,54.0579],[73.3603,53.9384],[73.0628,53.9791],[72.9568,54.1175],[72.6242,54.135],[72.6562,54.0425],[72.4556,53.9053],[72.3569,54.0818],[72.4829,54.1356],[72.1518,54.3683],[72.0667,54.2224],[71.7625,54.2476],[71.7087,54.1322],[71.4771,54.1097],[71.3206,54.201],[71.1823,54.1016],[71.044,54.1859],[70.98,54.3251],[71.1906,54.3182],[71.1476,54.5914],[71.1803,54.7274],[71.006,54.7742],[70.9459,54.8879],[70.9771,55.078],[70.6657,55.3092],[70.4601,55.2874],[70.197,55.1335],[69.9117,55.2116],[69.6739,55.334],[69.3346,55.3851],[69.1861,55.3258],[68.7225,55.3528],[68.6053,55.1956],[68.2624,55.194],[68.3082,55.0728],[68.1661,54.9561],[67.8173,54.9522],[67.6227,54.8539],[67.2839,54.8533],[67.2133,54.7972],[66.4465,54.7109],[65.9775,54.6117],[65.827,54.6727],[65.713,54.5972],[65.4774,54.6327],[65.4275,54.5528],[65.2143,54.5279],[65.2129,54.343],[65.0854,54.3086],[64.9106,54.4027],[64.7202,54.3338],[64.5785,54.3856],[63.9804,54.3037],[63.856,54.2019],[63.7086,54.2504],[63.3316,54.1627],[63.1238,54.1741],[63.0847,54.0856],[62.8121,54.095],[62.5506,54.0268],[61.4786,54.0029],[61.4177,54.056],[61.1935,54.0183],[61.0652,53.8785],[61.202,53.8196],[61.0076,53.6357],[61.2807,53.5424],[61.503,53.589],[61.5553,53.5057],[61.3816,53.4361],[61.2182,53.4927],[61.1372,53.3731],[61.2029,53.2764],[61.478,53.2151],[61.6431,53.2433],[61.7642,53.1695],[62.0507,53.1248],[62.0942,52.9925],[61.9226,52.9382],[61.8198,52.9782],[61.5743,52.9558],[61.478,53.0123],[61.1903,53.0131],[60.8291,52.7716],[60.6962,52.7349],[60.8314,52.5132],[60.9446,52.4791],[61.0399,52.335],[60.6722,52.1443],[60.5065,52.1516],[60.2028,51.9927],[60.1381,51.8889],[60.4521,51.8055],[60.3759,51.6625],[60.5151,51.6179],[60.9374,51.6112],[61.0233,51.4855],[61.4738,51.4258],[61.5932,51.2778],[61.5132,51.1595],[61.4418,50.875],[61.3721,50.7825],[60.7185,50.6527],[60.3004,50.6847],[60.0213,50.8541],[59.7747,50.5337],[59.5228,50.4746],[59.4376,50.6311],[58.9259,50.6781],[58.6644,50.7899],[58.5544,50.9254],[58.595,51.0234],[57.7688,51.1197],[57.7373,50.9382],[57.3527,50.886],[57.1682,51.0938],[56.8651,51.0518],[56.508,51.0663],[56.3357,50.8959],[56.1749,50.9087],[56.0789,50.7248],[55.66,50.53],[55.4911,50.6459],[55.3054,50.665],[55.084,50.7969],[55.0477,50.8842],[54.8943,50.9124],[54.6382,51.0277],[54.503,50.9283],[54.6382,50.8857],[54.6763,50.6025],[54.4358,50.5475],[54.3798,50.6194],[54.4786,50.8535],[54.1766,50.9679],[54.1116,51.096],[53.9359,51.1856],[53.6739,51.2199],[53.6103,51.3884],[53.4073,51.4842],[53.1533,51.5127],[52.9598,51.4559],[52.7897,51.5048],[52.5058,51.4789],[52.3349,51.7637],[52.0918,51.6587],[51.8692,51.6731],[51.6205,51.5187],[51.3795,51.4671],[51.3719,51.6296],[51.2339,51.6855],[50.9254,51.6797],[50.7907,51.5973],[50.5817,51.6353],[50.5183,51.4598],[50.3796,51.4212],[50.3254,51.3035],[49.9869,51.2298],[49.7791,51.1022],[49.4231,51.102],[49.3474,50.9643],[49.3694,50.8268],[49.1441,50.7817],[48.8304,50.596],[48.6734,50.5795],[48.7013,50.3346],[48.8857,50.0199],[48.7846,49.9334],[48.4176,49.8117],[48.2393,49.8648],[47.9932,50.1818],[47.6247,50.4408],[47.5569,50.4526],[47.2948,50.2754],[47.3087,50.0448],[47.1774,49.9472],[46.9586,49.8841],[46.8999,49.8203],[46.7751,49.3325],[47.0286,49.2015],[47.0209,49.0968],[46.7538,48.9141],[46.4793,48.4102],[47.0783,48.2753],[47.1036,48.1012],[47.0512,47.9746],[47.1553,47.8774],[47.1745,47.7705],[47.3597,47.6833],[47.4353,47.8344],[47.6497,47.7656],[48.0445,47.7697],[48.1744,47.7129],[48.3606,47.4931],[48.5251,47.4102],[48.6973,47.101],[49.0063,46.7691],[48.764,46.6828],[48.5567,46.7617],[48.4551,46.6608],[48.5732,46.5583],[48.705,46.5504],[49.2271,46.3279],[49.3036,46.4665],[49.4692,46.5626],[49.6377,46.5773],[49.8174,46.5404],[50.034,46.6352],[50.1688,46.7491],[50.3836,46.8178],[50.4158,46.8824],[50.6069,46.8681],[50.8574,47.04],[51.187,47.1169],[51.5026,47.0613],[51.7637,46.9157],[52,46.8906],[52.2389,46.8068],[52.4559,47.0012],[52.6148,46.95],[52.9199,46.9575],[53.0835,46.8533],[53.1882,46.718],[53.0957,46.5683],[53.0829,46.435],[53.1567,46.3417],[53.0866,46.0205],[52.9199,45.7961],[52.7456,45.6391],[52.7385,45.5256],[53.1429,45.384],[53.1082,45.2996],[52.9097,45.3127],[52.5667,45.4007],[52.4031,45.4094],[51.9578,45.3716],[51.7925,45.4055],[51.5929,45.3447],[51.3972,45.3326],[51.2444,45.1618],[51.2434,45.1011],[50.9822,44.9895],[50.9707,44.8472],[51.2009,44.7409],[51.3193,44.5964],[51.1433,44.4848],[50.8479,44.6328],[50.4978,44.6258],[50.2991,44.6553],[50.2246,44.5677],[50.2302,44.3909],[50.3446,44.3113],[50.6963,44.2643],[50.8472,44.1893],[50.8528,44.0388],[50.9832,43.919],[51.1419,43.6337],[51.273,43.5586],[51.3196,43.4425],[51.2663,43.1876],[51.3678,43.1545],[51.6511,43.1914],[51.8539,42.8938],[51.9328,42.8349],[52.1692,42.887],[52.273,42.7988],[52.3718,42.8324],[52.5742,42.7985],[52.7446,42.6574],[52.5991,42.3447],[52.402,42.0925],[52.4845,41.9416],[52.4377,41.7489],[52.7647,41.9938],[52.9787,42.1266],[53.4123,42.2582],[54.0472,42.3454],[54.1953,42.3181],[54.7383,42.0482],[54.9071,41.9321],[54.9507,41.7956],[55.2284,41.4728],[55.4295,41.2908],[55.6355,41.2644],[55.9784,41.3217],[55.9774,42.6985],[55.9768,43.6164],[55.9764,44.3048],[55.9784,44.9962],[57.4783,45.3369],[58.5314,45.5587],[58.5822,45.5487],[59.6758,45.0291],[61.0363,44.3828],[61.1617,44.1681],[61.9857,43.4933],[62.0261,43.4806],[63.208,43.6275],[64.4267,43.547],[64.855,43.7129],[64.9565,43.6974],[65.2714,43.417],[65.5169,43.2972],[65.7952,42.8772],[66.1013,42.9903],[66.0532,42.4409],[66.0137,42.403],[66.0172,41.9976],[66.5041,41.9935],[66.5389,41.7408],[66.6882,41.1992],[66.8153,41.1419],[67.7481,41.1841],[67.9374,41.2004],[68.0211,41.0591],[68.1313,41.0296],[68.0675,40.788],[68.2261,40.6789],[68.4617,40.5847],[68.6274,40.6671],[68.5497,40.835],[68.7463,41.0638],[69.0392,41.2203],[69.0444,41.3792],[69.2171,41.4601],[69.3907,41.4697],[69.3938,41.545],[69.6246,41.6683],[69.8709,41.6996],[70.1364,41.8481],[70.3151,42.0346],[70.4554,42.0937],[70.6102,42.0274],[70.7343,42.1973],[70.9478,42.2481],[70.9398,42.3878],[71.0032,42.5635],[71.127,42.5906],[71.149,42.6779],[71.4046,42.7949],[71.5836,42.7596],[71.8477,42.8341],[72.1049,42.7503],[72.2924,42.7611],[72.4767,42.6826],[72.7258,42.6529],[72.8408,42.5557],[73.1151,42.5508],[73.5055,42.4209],[73.41,42.5896],[73.5036,42.7941],[73.493,42.895],[73.6341,43.0625],[74.0399,43.1819],[74.2587,43.2158],[74.5582,43.115],[74.7139,42.9999],[74.8629,42.9758],[75.1786,42.8497],[75.6462,42.8061],[75.7706,42.9256],[76.2545,42.9212],[76.4045,42.8892],[76.6888,42.9103],[76.9569,42.9885],[77.1637,42.922],[77.907,42.8913],[78.0306,42.8547],[78.4961,42.8756],[78.6871,42.8046],[79.0309,42.7562],[79.1483,42.791],[79.2421,42.6298],[79.4764,42.454],[79.6965,42.4598],[79.9179,42.4244],[80.2103,42.1895],[80.2684,42.238],[80.14,42.623],[80.2275,42.791],[80.4762,42.8639],[80.3681,43.0285],[80.5759,43.1194],[80.7734,43.1129],[80.7355,43.2889],[80.6429,43.3262],[80.7127,43.4589],[80.4762,43.9102],[80.3451,44.1031],[80.373,44.2702],[80.3329,44.4174],[80.3763,44.6713],[80.4762,44.7354],[80.2183,44.8181],[79.9917,44.7936],[79.8582,44.9037],[80.0617,45.019],[80.365,45.0432],[80.4251,45.0921],[80.6971,45.1437],[80.8539,45.1265],[81.7393,45.3381],[81.8073,45.1887],[81.9501,45.1445],[82.2946,45.2282],[82.4758,45.1157],[82.5852,45.1768],[82.6157,45.4354],[82.3627,45.4812],[82.2915,45.5332],[82.3722,45.7342],[82.4889,45.9017],[82.5683,46.1965],[82.6744,46.3311],[82.839,46.7324],[82.9855,46.9425],[83.0135,47.1946],[83.1504,47.2115],[83.5245,47.0671],[83.9053,46.974],[84.1591,46.9933],[84.6635,46.9839],[84.7396,46.8148],[84.916,46.8506],[85.2051,47.0337],[85.4986,47.0518],[85.5568,47.1787],[85.6597,47.2065],[85.6704,47.3843],[85.58,47.5238],[85.5954,47.6241],[85.5154,47.9203],[85.5864,48.1412],[85.7837,48.4076],[86.192,48.4182],[86.3338,48.4904],[86.5651,48.5273],[86.7445,48.7035],[86.7895,48.8391],[86.7275,48.9903],[86.8873,49.1068],[87.1163,49.1298],[87.3238,49.0853]]]},"properties":{"ADMIN":"Kazakhstan","ADM0_A3":"KAZ","NAME_EN":"Kazakhstan","LABEL_X":68.685548,"LABEL_Y":49.054149,"FCLASS_IN":""}},
{"type":"Feature","geometry":{"type":"Polygon","coordinates":[[[70.959,40.2384],[70.7072,40.2002],[70.5818,40.2217],[70.5019,40.3508],[70.3714,40.3649],[70.3538,40.4561],[70.7562,40.6951],[70.6969,40.8162],[70.4457,41.0259],[70.3635,41.0324],[70.2804,40.8777],[70.0097,40.758],[69.6601,40.6387],[69.4358,40.8027],[69.3142,40.7293],[69.3135,40.6094],[69.198,40.5458],[69.3063,40.365],[69.2853,40.2186],[69.1979,40.183],[69.0192,40.2321],[68.602,40.1754],[68.6871,40.1103],[68.9307,40.1468],[68.7894,39.994],[68.8774,39.9006],[68.6158,39.8281],[68.6058,39.6669],[68.5175,39.5484],[68.3376,39.5279],[67.7645,39.6226],[67.5074,39.5529],[67.4365,39.4857],[67.3782,39.1995],[67.6198,39.1513],[67.6905,38.9896],[68.0856,38.9938],[68.1726,38.8453],[68.0376,38.6916],[68.0552,38.5363],[68.1837,38.3355],[68.3607,38.1741],[68.2487,37.949],[68.1222,37.9083],[68.0796,37.8063],[67.8292,37.5279],[67.8206,37.3033],[67.7805,37.1889],[68.0111,36.9309],[68.3073,37.1142],[68.6269,37.2063],[68.6689,37.2783],[68.8246,37.2606],[68.8972,37.336],[69.0055,37.3055],[69.1236,37.1692],[69.3239,37.121],[69.4452,37.2364],[69.3784,37.4374],[69.5287,37.586],[69.8022,37.5815],[69.8952,37.6182],[70.0169,37.546],[70.1579,37.5414],[70.2831,37.7048],[70.1652,37.8899],[70.4826,38.1374],[70.5958,38.3382],[70.7611,38.4435],[70.974,38.4737],[71.3344,38.2807],[71.3645,38.2068],[71.2558,37.9499],[71.3412,37.8933],[71.5012,37.9462],[71.5977,37.8984],[71.4972,37.5665],[71.487,37.2671],[71.4311,37.067],[71.4631,36.9481],[71.6111,36.7048],[71.8366,36.6992],[72.2598,36.9673],[72.6577,37.0288],[72.761,37.1875],[73.0675,37.3151],[73.2761,37.4595],[73.4853,37.481],[73.7535,37.4284],[73.7457,37.3529],[73.6177,37.2332],[73.7982,37.2285],[74.1633,37.3301],[74.2239,37.4034],[74.5298,37.3758],[74.6604,37.394],[74.8923,37.2311],[75.0684,37.3121],[75.1641,37.4006],[74.8919,37.5992],[74.9652,37.7675],[74.8832,37.8439],[74.8928,37.994],[74.7907,38.0814],[74.7711,38.2915],[74.8383,38.3794],[74.7763,38.5107],[74.3342,38.667],[74.1404,38.6692],[73.9329,38.5297],[73.7974,38.6028],[73.6837,38.8549],[73.816,38.9938],[73.6982,39.0784],[73.6023,39.2358],[73.6326,39.4483],[73.3676,39.4438],[73.1679,39.3554],[72.8353,39.3562],[72.6505,39.3938],[72.3163,39.3288],[72.2033,39.2408],[72.0498,39.3689],[71.8435,39.285],[71.7329,39.2851],[71.7403,39.4483],[71.4921,39.4937],[71.4595,39.6121],[71.2369,39.5145],[71.0629,39.4956],[71.0093,39.4076],[70.7397,39.3862],[70.6221,39.5635],[70.46,39.5995],[70.206,39.5241],[70.0197,39.5686],[69.8304,39.5362],[69.6694,39.5778],[69.4961,39.5326],[69.2862,39.5397],[69.2911,39.6589],[69.2263,39.751],[69.314,39.9869],[69.5755,40.1036],[69.9696,40.2116],[70.1472,40.137],[70.6274,39.9939],[70.6394,40.0849],[70.959,40.2384]]]},"properties":{"ADMIN":"Tajikistan","ADM0_A3":"TJK","NAME_EN":"Tajikistan","LABEL_X":72.587276,"LABEL_Y":38.199835,"FCLASS_IN":""}},
{"type":"Feature","geometry":{"type":"Polygon","coordinates":[[[26.5945,55.667],[26.2797,55.7432],[26.1786,55.8496],[25.7088,56.081],[25.6497,56.1438],[25.1092,56.1831],[24.8923,56.4387],[24.4472,56.2605],[24.2876,56.2955],[24.1086,56.2607],[23.8581,56.3344],[23.4816,56.3301],[23.2884,56.373],[23.0167,56.3238],[22.889,56.4084],[22.6814,56.3503],[22.5117,56.396],[22.0941,56.4174],[21.596,56.3079],[21.0534,56.0726],[21.0744,55.7449],[21.2229,55.5202],[21.2676,55.2487],[22.0999,55.0299],[22.2513,55.0709],[22.5807,55.0576],[22.6335,54.9579],[22.8089,54.8938],[22.8328,54.7787],[22.7248,54.7234],[22.6804,54.4532],[22.7672,54.3563],[22.9733,54.3754],[23.4325,54.1693],[23.4856,53.9393],[23.6426,53.899],[23.9198,53.9478],[24.2011,53.9525],[24.3779,53.8868],[24.5287,53.9584],[24.8214,54.0199],[24.856,54.1467],[25.072,54.1322],[25.1935,54.2437],[25.7868,54.2318],[25.696,54.321],[25.53,54.3461],[25.6462,54.5204],[25.7827,54.8697],[25.9079,54.9481],[26.1386,54.9689],[26.3095,55.1446],[26.5789,55.1185],[26.7686,55.3002],[26.4455,55.3375],[26.5945,55.667]]]},"properties":{"ADMIN":"Lithuania","ADM0_A3":"LTU","NAME_EN":"Lithuania","LABEL_X":24.089932,"LABEL_Y":55.103703,"FCLASS_IN":""}},
{"type":"Feature","geometry":{"type":"MultiPolygon","coordinates":[[[[-57.6028,-30.1905],[-57.536,-30.2744],[-57.2126,-30.2873],[-57.1023,-30.1212],[-56.8313,-30.102],[-56.6737,-30.2113],[-56.3726,-30.4859],[-56.2351,-30.5654],[-55.989,-30.8562],[-55.8167,-31.0427],[-55.5919,-30.8483],[-55.3539,-31.0563],[-55.26,-31.2287],[-55.0873,-31.3268],[-54.9696,-31.3408],[-54.8198,-31.4353],[-54.5915,-31.471],[-54.4832,-31.5839],[-54.4637,-31.6719],[-54.1351,-31.909],[-54.0688,-31.8799],[-53.7718,-32.0471],[-53.6706,-32.2264],[-53.6487,-32.3386],[-53.4156,-32.5642],[-53.1861,-32.6467],[-53.1269,-32.7548],[-53.2988,-32.8891],[-53.3273,-32.9736],[-53.5115,-33.0992],[-53.5369,-33.1708],[-53.514,-33.3949],[-53.5396,-33.6493],[-53.3791,-33.7407],[-53.2663,-33.6767],[-52.8195,-33.3225],[-52.6217,-33.102],[-52.4709,-32.801],[-52.3753,-32.4987],[-52.2534,-32.2825],[-52.1274,-32.1775],[-52.2586,-32.0536],[-52.1698,-31.9365],[-52.2456,-31.841],[-52.2037,-31.7273],[-52.0958,-31.6911],[-52.0008,-31.5512],[-52.0016,-31.4291],[-51.9228,-31.3069],[-51.6528,-31.2592],[-51.6236,-31.1353],[-51.443,-31.081],[-51.4554,-30.8894],[-51.3619,-30.8792],[-51.3833,-30.6589],[-51.2902,-30.6244],[-51.2004,-30.3998],[-51.2921,-30.2717],[-51.1225,-30.256],[-50.8975,-30.3105],[-50.672,-30.289],[-50.5373,-30.3204],[-50.7311,-30.7924],[-50.9393,-30.8961],[-50.9877,-31.0456],[-51.1761,-31.1493],[-51.1796,-31.359],[-51.3345,-31.5192],[-51.435,-31.4965],[-51.6662,-31.7697],[-51.9228,-31.8687],[-52.088,-31.8586],[-52.0326,-32.109],[-51.8635,-31.9317],[-51.5633,-31.7774],[-51.1518,-31.4815],[-50.7214,-31.0445],[-50.3157,-30.4615],[-50.0453,-29.8145],[-49.8107,-29.4431],[-49.5523,-29.1274],[-49.3428,-28.9235],[-48.9406,-28.6454],[-48.8153,-28.6104],[-48.6553,-28.2128],[-48.5655,-27.8603],[-48.6475,-27.6474],[-48.5775,-27.594],[-48.6475,-27.4796],[-48.5548,-27.3425],[-48.6129,-27.2995],[-48.5752,-27.0162],[-48.6201,-26.9826],[-48.6269,-26.7709],[-48.6822,-26.7192],[-48.6436,-26.3849],[-48.7982,-26.3049],[-48.5826,-26.1572],[-48.6127,-26.0406],[-48.5176,-25.7702],[-48.4327,-25.6225],[-48.4602,-25.4709],[-48.4072,-25.2839],[-48.2473,-25.4109],[-48.0915,-25.3253],[-47.9518,-25.2013],[-47.8256,-24.8941],[-47.5408,-24.7034],[-47.442,-24.6804],[-47.1814,-24.5334],[-47.0498,-24.4278],[-46.9665,-24.2991],[-46.5934,-24.0895],[-46.4067,-24.009],[-46.3638,-23.8942],[-46.2341,-23.986],[-46.0797,-23.8278],[-45.8644,-23.7564],[-45.7175,-23.7708],[-45.5093,-23.8376],[-45.4066,-23.8204],[-45.4335,-23.6647],[-45.0802,-23.4977],[-44.9193,-23.3488],[-44.8445,-23.3852],[-44.6744,-23.3381],[-44.5838,-23.3532],[-44.5106,-23.2734],[-44.7141,-23.1866],[-44.6732,-23.0593],[-44.4357,-22.9968],[-44.3026,-22.9953],[-44.191,-23.0488],[-44.0562,-22.9395],[-43.8644,-22.8962],[-43.5422,-23.0494],[-43.2201,-22.9953],[-43.1621,-22.8957],[-43.2702,-22.747],[-43.0756,-22.6657],[-43.0345,-22.7756],[-43.1214,-22.9299],[-43.0314,-22.9743],[-42.6957,-22.9669],[-42.6243,-22.9395],[-42.0582,-22.9538],[-41.9896,-22.8263],[-41.9663,-22.5354],[-41.6665,-22.2818],[-41.2437,-22.1452],[-40.9953,-22.0143],[-40.9673,-21.9475],[-41.0719,-21.5233],[-40.9635,-21.3645],[-40.9651,-21.274],[-40.8146,-21.0366],[-40.7317,-20.8438],[-40.5834,-20.802],[-40.3487,-20.5001],[-40.2825,-20.3142],[-40.191,-20.1899],[-40.1465,-20.023],[-40.0268,-19.7644],[-39.8349,-19.6572],[-39.7098,-19.4161],[-39.6981,-19.2399],[-39.7411,-18.9021],[-39.7247,-18.5187],[-39.625,-18.1926],[-39.4991,-18.0056],[-39.3824,-17.9033],[-39.2751,-17.8669],[-39.1371,-17.6796],[-39.1837,-17.6008],[-39.2174,-17.2951],[-39.2086,-17.1622],[-39.1236,-16.8979],[-39.136,-16.8002],[-39.0541,-16.4365],[-38.8644,-15.8434],[-38.9239,-15.7156],[-39.0018,-15.232],[-39.0227,-14.8159],[-39.0671,-14.675],[-38.9852,-14.3126],[-38.9892,-14.2123],[-38.9237,-14.0041],[-38.9299,-13.8976],[-39.0112,-13.8325],[-38.9678,-13.674],[-39.0625,-13.4],[-38.8418,-13.1612],[-38.8893,-13.0698],[-38.8009,-13.024],[-38.7363,-12.8827],[-38.7381,-12.7366],[-38.6262,-12.7024],[-38.5089,-12.7229],[-38.4757,-12.8517],[-38.5097,-13.0214],[-38.3204,-12.9352],[-38.0509,-12.641],[-37.7867,-12.2646],[-37.6547,-12.0497],[-37.4347,-11.5693],[-37.2858,-11.3171],[-37.1725,-11.2035],[-37.0397,-10.9492],[-36.9031,-10.7729],[-36.5766,-10.5505],[-36.4081,-10.5021],[-36.251,-10.2482],[-36.0363,-10.0641],[-35.8827,-9.8556],[-35.8532,-9.7312],[-35.5826,-9.5329],[-35.482,-9.3679],[-35.3051,-9.193],[-35.1475,-8.9119],[-35.1273,-8.8062],[-34.9399,-8.3508],[-34.9321,-8.2421],[-34.8512,-8.0686],[-34.8116,-7.9059],[-34.8935,-7.8049],[-34.9,-7.718],[-34.8053,-7.6227],[-34.7974,-7.1585],[-34.8594,-7.0715],[-34.97,-6.6173],[-34.959,-6.5369],[-35.0382,-6.2365],[-35.0928,-6.1858],[-35.1051,-5.9955],[-35.1475,-5.9211],[-35.2623,-5.4833],[-35.4205,-5.2115],[-35.5106,-5.1437],[-35.9972,-5.0475],[-36.1312,-5.0959],[-36.4224,-5.081],[-36.59,-5.103],[-36.7909,-5.0512],[-36.8988,-4.9382],[-37.1829,-4.9109],[-37.3248,-4.6965],[-37.6072,-4.6081],[-37.7108,-4.5154],[-37.7686,-4.3964],[-37.8542,-4.3759],[-38.1067,-4.1579],[-38.2513,-3.9618],[-38.378,-3.8697],[-38.4573,-3.7184],[-38.6597,-3.6764],[-38.8075,-3.5473],[-38.9163,-3.5051],[-38.9852,-3.3959],[-39.0806,-3.377],[-39.3583,-3.1835],[-39.4855,-3.1458],[-39.9857,-2.8484],[-40.4996,-2.7863],[-40.5816,-2.8273],[-41.1378,-2.8858],[-41.2569,-2.8752],[-41.3431,-2.9203],[-41.675,-2.8796],[-41.8213,-2.7336],[-41.9956,-2.7214],[-42.004,-2.8126],[-42.2222,-2.8124],[-42.2643,-2.759],[-42.453,-2.7522],[-42.71,-2.5603],[-43.3118,-2.3465],[-43.4544,-2.3414],[-43.477,-2.5377],[-43.7386,-2.5172],[-44.0141,-2.6347],[-44.073,-2.3995],[-44.3681,-2.5496],[-44.371,-2.6676],[-44.433,-2.9503],[-44.6136,-3.112],[-44.6936,-2.9949],[-44.6462,-2.7682],[-44.4739,-2.4021],[-44.3625,-2.3103],[-44.3988,-2.1974],[-44.4973,-2.1479],[-44.5217,-1.8473],[-44.7079,-1.8132],[-44.725,-1.7234],[-44.9198,-1.5803],[-44.8854,-1.5046],[-45.0914,-1.4641],[-45.2475,-1.5793],[-45.2279,-1.683],[-45.3656,-1.6847],[-45.3402,-1.5832],[-45.4013,-1.4379],[-45.4962,-1.4809],[-45.5155,-1.3122],[-45.696,-1.1606],[-45.8098,-1.2751],[-45.8918,-1.1721],[-45.9557,-1.22],[-46.0939,-1.0759],[-46.2212,-1.1415],[-46.2212,-1.0112],[-46.4801,-1.0222],[-46.6138,-0.8132],[-46.7699,-0.8671],[-46.8586,-0.7657],[-47.0845,-0.7506],[-47.294,-0.5929],[-47.4147,-0.6613],[-47.5845,-0.5782],[-47.6528,-0.7239],[-47.7252,-0.6441],[-47.9461,-0.7405],[-48.0236,-0.7232],[-48.154,-0.7818],[-48.1403,-0.843],[-48.1608,-0.9601],[-48.2707,-1.1347],[-48.3397,-1.316],[-48.4828,-1.2813],[-48.535,-1.5815],[-48.6421,-1.3857],[-48.8119,-1.6213],[-48.9656,-1.5997],[-49.123,-1.768],[-49.232,-1.9482],[-49.3316,-2.2048],[-49.4268,-2.3673],[-49.4357,-2.4704],[-49.5274,-2.6284],[-49.5517,-2.4128],[-49.4455,-2.1838],[-49.3792,-1.8964],[-49.4476,-1.8699],[-49.4852,-1.7639],[-49.6761,-1.9086],[-49.8105,-1.9006],[-49.9769,-1.8261],[-50.2808,-1.8938],[-50.3728,-1.9737],[-50.5653,-1.8907],[-50.6547,-1.738],[-50.6893,-1.6121],[-50.8192,-1.4363],[-50.8199,-1.2317],[-50.9018,-1.121],[-50.8245,-1.0309],[-50.8396,-0.9128],[-50.9427,-0.9088],[-51.0329,-1.038],[-51.1615,-1.1036],[-51.2683,-1.2204],[-51.3996,-1.2511],[-51.4375,-1.3127],[-51.6695,-1.4016],[-51.9146,-1.571],[-52.1238,-1.6191],[-52.2003,-1.6847],[-52.2791,-1.5182],[-52.4231,-1.5661],[-52.5581,-1.5187],[-52.402,-1.4221],[-52.1954,-1.345],[-52.0658,-1.405],[-51.9215,-1.3258],[-51.9294,-1.1783],[-51.7242,-1.0392],[-51.6975,-0.7472],[-51.4452,-0.4714],[-51.3225,-0.2153],[-51.2016,-0.0491],[-51.0692,-0.0193],[-50.9289,0.1554],[-50.7906,0.1695],[-50.609,0.3739],[-50.4659,0.6464],[-50.3456,0.7363],[-50.3125,0.8172],[-49.9788,1.0722],[-49.873,1.3599],[-49.9102,1.6643],[-50.0041,1.7516],[-50.1832,1.8189],[-50.4665,1.8154],[-50.7126,2.2368],[-50.7424,2.3785],[-50.9028,2.7938],[-50.9445,2.8222],[-51.0927,3.3763],[-51.0799,3.8823],[-51.1802,3.8044],[-51.1794,4.0252],[-51.2244,4.165],[-51.3892,4.3589],[-51.5165,4.4411],[-51.561,4.3571],[-51.6317,4.0678],[-51.6832,4.0394],[-51.7832,3.9809],[-51.8354,3.8675],[-51.9884,3.7046],[-52.0128,3.6191],[-52.2279,3.2601],[-52.3618,3.132],[-52.3532,3.0584],[-52.5716,2.6386],[-52.5535,2.5734],[-52.7077,2.3589],[-52.8802,2.2604],[-52.9597,2.1752],[-53.2342,2.251],[-53.3441,2.3496],[-53.5318,2.247],[-53.7482,2.3193],[-53.8668,2.3049],[-53.9461,2.222],[-54.0693,2.1883],[-54.1349,2.1107],[-54.4766,2.2141],[-54.6153,2.3263],[-54.7041,2.3248],[-54.7032,2.4458],[-54.8803,2.4473],[-55.0177,2.5906],[-55.1125,2.5278],[-55.3545,2.4949],[-55.3996,2.4302],[-55.6083,2.434],[-55.7243,2.3969],[-55.9892,2.5208],[-56.0133,2.3988],[-56.1168,2.3331],[-56.0313,2.1635],[-55.9258,2.0617],[-55.9168,1.9222],[-56.0197,1.8335],[-56.3672,1.9289],[-56.4818,1.9416],[-56.6396,1.9369],[-56.8065,1.8736],[-57.0112,1.9186],[-57.1045,2.0215],[-57.2384,1.9485],[-57.3415,1.9688],[-57.4295,1.9003],[-57.5612,1.709],[-57.7908,1.7049],[-57.991,1.6504],[-58.0272,1.5169],[-58.3319,1.5934],[-58.4135,1.472],[-58.5137,1.4389],[-58.5189,1.2673],[-58.6826,1.2825],[-58.7719,1.2013],[-58.8979,1.2178],[-59.0111,1.3276],[-59.2421,1.3778],[-59.5727,1.7272],[-59.6825,1.7656],[-59.7645,1.9205],[-59.7417,2.2638],[-59.9031,2.3596],[-59.9068,2.4588],[-60.0001,2.694],[-59.9594,3.0665],[-59.8285,3.3834],[-59.8377,3.6093],[-59.6801,3.7017],[-59.5292,3.9319],[-59.7385,4.2028],[-59.6867,4.3812],[-59.9433,4.5039],[-60.0556,4.4916],[-60.0877,4.6075],[-60.0345,4.7878],[-59.9831,5.0859],[-60.2134,5.2672],[-60.3331,5.1938],[-60.4564,5.1747],[-60.7399,5.2021],[-60.6643,5.1703],[-60.5987,4.9969],[-60.6126,4.9006],[-60.7637,4.7551],[-60.9034,4.6996],[-61.012,4.5183],[-61.1512,4.4921],[-61.2973,4.5237],[-61.3332,4.4239],[-61.4582,4.4191],[-61.5421,4.263],[-61.7189,4.2547],[-61.9315,4.1464],[-62.035,4.1599],[-62.1927,4.0947],[-62.3842,4.1735],[-62.537,4.1254],[-62.561,4.0378],[-62.7662,4.0207],[-62.7888,3.8994],[-62.7496,3.6604],[-62.8894,3.5608],[-62.9971,3.5991],[-63.286,3.9208],[-63.4254,3.9684],[-63.5107,3.8545],[-63.6228,3.9352],[-63.8751,3.9498],[-63.9964,3.8808],[-64.0638,3.9116],[-64.1251,4.0885],[-64.365,4.1519],[-64.5897,4.1189],[-64.7459,4.2876],[-64.8013,4.1885],[-64.7271,4.1408],[-64.6629,3.997],[-64.5314,3.8535],[-64.3242,3.7241],[-64.203,3.5947],[-64.2456,3.4189],[-64.2229,3.124],[-64.106,2.9472],[-63.9979,2.706],[-64.048,2.4713],[-63.8313,2.4286],[-63.3848,2.4206],[-63.3726,2.2668],[-63.4118,2.1494],[-63.6175,2.1012],[-63.7626,1.9857],[-63.995,1.958],[-64.0536,1.8937],[-64.0809,1.6474],[-64.3015,1.4467],[-64.409,1.5075],[-64.5512,1.4195],[-64.6042,1.3313],[-64.7309,1.2476],[-64.8393,1.2708],[-65.0225,1.14],[-65.1368,1.1269],[-65.203,0.9238],[-65.3272,0.9103],[-65.4512,0.6901],[-65.5605,0.656],[-65.5873,0.7391],[-65.517,0.8628],[-65.5829,0.9777],[-65.7454,0.9742],[-65.872,0.909],[-65.9741,0.807],[-66.1563,0.733],[-66.3462,0.7594],[-66.8751,1.2225],[-67.0652,1.1727],[-67.0982,1.2534],[-67.0736,1.5412],[-67.1172,1.7098],[-67.2648,1.9325],[-67.3406,2.0901],[-67.4397,2.1396],[-67.5929,2.0548],[-67.7905,1.8126],[-67.8605,1.7615],[-67.9982,1.75],[-68.1012,1.9241],[-68.2008,2.0078],[-68.2608,1.8582],[-68.1633,1.7213],[-69.3524,1.7202],[-69.5803,1.7702],[-69.7464,1.7352],[-69.8488,1.6689],[-69.8522,1.0594],[-69.7626,1.0911],[-69.3709,1.063],[-69.2043,0.9437],[-69.1375,0.6501],[-69.2262,0.6148],[-69.3626,0.6409],[-69.5037,0.7296],[-69.6192,0.6507],[-69.6947,0.6687],[-69.8053,0.6069],[-70.0542,0.5881],[-70.0738,-0.1249],[-69.9444,-0.3055],[-69.7465,-0.453],[-69.6321,-0.5069],[-69.5842,-0.6446],[-69.6284,-0.7334],[-69.5392,-0.9206],[-69.45,-0.9968],[-69.3995,-1.1827],[-69.5657,-2.106],[-69.7712,-3.2342],[-69.9472,-4.2011],[-69.9649,-4.2365],[-70.2313,-4.3037],[-70.3111,-4.1709],[-70.4299,-4.1342],[-70.5853,-4.1945],[-70.8322,-4.1794],[-70.9687,-4.3853],[-71.5061,-4.4486],[-71.6652,-4.5076],[-71.7743,-4.4815],[-72.0711,-4.6051],[-72.2511,-4.7588],[-72.3968,-4.8056],[-72.4041,-4.8602],[-72.6273,-5.0224],[-72.9179,-5.1321],[-72.8967,-5.2716],[-72.9735,-5.4661],[-73.0014,-5.7088],[-73.14,-5.8785],[-73.2348,-6.0776],[-73.1777,-6.2024],[-73.1318,-6.4353],[-73.199,-6.5456],[-73.3707,-6.5839],[-73.6851,-6.8119],[-73.7655,-6.9042],[-73.8123,-7.1029],[-73.7345,-7.2251],[-73.7608,-7.3374],[-73.9794,-7.3745],[-73.9443,-7.4487],[-73.9694,-7.5847],[-73.8388,-7.7206],[-73.7122,-7.7882],[-73.7788,-7.9541],[-73.668,-8.0138],[-73.5265,-8.3724],[-73.3564,-8.4798],[-73.3506,-8.5983],[-73.1746,-8.7207],[-73.0686,-8.8937],[-72.9761,-8.9854],[-72.9594,-9.0856],[-73.215,-9.409],[-72.8133,-9.4109],[-72.4302,-9.4822],[-72.3445,-9.5329],[-72.2617,-9.6674],[-72.2652,-9.7622],[-72.1604,-9.8877],[-72.1957,-10.0056],[-71.3914,-10.0068],[-71.1965,-9.9399],[-71.1611,-9.8756],[-71.0154,-9.8175],[-70.8755,-9.6605],[-70.6808,-9.5277],[-70.5434,-9.727],[-70.6384,-9.8518],[-70.6413,-11.0108],[-70.5341,-10.9381],[-70.4373,-11.0367],[-70.2894,-11.0647],[-69.9561,-10.9193],[-69.7202,-10.9649],[-69.5776,-10.9523],[-69.3959,-10.935],[-69.0713,-10.97],[-68.884,-11.0164],[-68.787,-11.126],[-68.6157,-11.1125],[-68.2933,-10.979],[-68.0979,-10.6977],[-67.8626,-10.6588],[-67.7558,-10.7142],[-67.5846,-10.5018],[-67.4882,-10.4648],[-67.3378,-10.3261],[-67.2018,-10.3268],[-67.0643,-10.2569],[-66.9027,-10.0931],[-66.6319,-9.9043],[-66.4529,-9.8887],[-66.1907,-9.8008],[-65.8744,-9.7813],[-65.7886,-9.733],[-65.584,-9.8372],[-65.4518,-9.6814],[-65.3705,-9.7106],[-65.3044,-9.8257],[-65.3333,-9.9268],[-65.2881,-10.2162],[-65.45,-10.4681],[-65.4357,-10.6258],[-65.3811,-10.6981],[-65.4047,-10.7992],[-65.319,-10.8654],[-65.303,-10.9907],[-65.36,-11.2188],[-65.353,-11.3906],[-65.1954,-11.5922],[-65.1962,-11.7418],[-65.0656,-11.7531],[-64.9974,-11.9963],[-64.7925,-12.0325],[-64.7163,-12.1465],[-64.4691,-12.2611],[-64.4898,-12.3736],[-64.3957,-12.4573],[-64.2152,-12.4738],[-64.1448,-12.5204],[-63.9212,-12.5443],[-63.8014,-12.4549],[-63.6577,-12.4754],[-63.4961,-12.5533],[-63.3933,-12.6645],[-63.2473,-12.7013],[-63.075,-12.6527],[-62.9753,-12.8529],[-62.8074,-12.9889],[-62.6866,-12.965],[-62.6417,-13.03],[-62.4927,-13.065],[-62.3818,-13.1399],[-62.2216,-13.1213],[-62.1147,-13.1502],[-62.1125,-13.2318],[-61.8686,-13.4639],[-61.848,-13.5308],[-61.5881,-13.5076],[-61.4588,-13.5437],[-61.3477,-13.4937],[-60.8967,-13.5529],[-60.6527,-13.7188],[-60.4653,-13.8166],[-60.3897,-13.9749],[-60.4735,-14.1172],[-60.4643,-14.2784],[-60.3999,-14.3408],[-60.2917,-14.6301],[-60.275,-15.0951],[-60.5295,-15.1437],[-60.238,-15.5027],[-60.1798,-16.222],[-60.1298,-16.2731],[-59.1082,-16.3087],[-58.4647,-16.3313],[-58.3396,-16.2893],[-58.3561,-16.5095],[-58.4803,-16.6837],[-58.4663,-16.8873],[-58.3812,-17.2672],[-58.2316,-17.3297],[-58.0102,-17.4968],[-57.8541,-17.5085],[-57.7908,-17.5558],[-57.7301,-17.8461],[-57.5511,-18.1836],[-57.7823,-18.9104],[-57.789,-19.0592],[-58.1246,-19.7299],[-57.8597,-19.9801],[-58.1588,-20.1651],[-58.083,-20.3762],[-57.9894,-20.4331],[-57.991,-20.6206],[-57.8602,-20.7303],[-57.9087,-20.8816],[-57.8254,-20.9986],[-57.8556,-21.3307],[-57.9299,-21.4531],[-57.939,-21.6237],[-57.8956,-21.6884],[-57.9868,-22.0353],[-57.8439,-22.1437],[-57.6545,-22.1045],[-57.6141,-22.177],[-57.385,-22.2133],[-57.2138,-22.1882],[-56.8429,-22.289],[-56.6547,-22.2373],[-56.5113,-22.0914],[-56.4218,-22.0745],[-56.3168,-22.2077],[-56.1968,-22.2793],[-55.8929,-22.3068],[-55.7516,-22.4163],[-55.7413,-22.5372],[-55.6312,-22.6268],[-55.659,-22.8183],[-55.6378,-23.0007],[-55.5352,-23.2291],[-55.5556,-23.3303],[-55.5305,-23.6035],[-55.4453,-23.7354],[-55.398,-23.9768],[-55.2009,-24.0195],[-54.9436,-23.9692],[-54.8274,-23.887],[-54.6126,-23.8112],[-54.4229,-23.9138],[-54.2453,-24.0506],[-54.3346,-24.1489],[-54.2611,-24.3295],[-54.3348,-24.5273],[-54.3213,-24.6284],[-54.4073,-24.8212],[-54.4623,-25.0372],[-54.4297,-25.1306],[-54.6098,-25.4328],[-54.6002,-25.5749],[-54.4606,-25.6421],[-54.2148,-25.5315],[-53.91,-25.6292],[-53.8373,-25.8092],[-53.8262,-25.9727],[-53.6667,-26.2192],[-53.7244,-26.3761],[-53.746,-26.6939],[-53.7107,-26.8738],[-53.8192,-27.1397],[-54.0181,-27.2123],[-54.0918,-27.2852],[-54.1895,-27.2609],[-54.2869,-27.4284],[-54.4608,-27.4126],[-54.6053,-27.468],[-54.6997,-27.553],[-54.8275,-27.5451],[-54.9132,-27.7369],[-55.0258,-27.8402],[-55.1977,-27.8606],[-55.3299,-27.9281],[-55.4407,-28.0789],[-55.6047,-28.1169],[-55.7725,-28.232],[-55.8981,-28.4607],[-56.0116,-28.4966],[-56.0219,-28.5857],[-56.1847,-28.7442],[-56.2861,-28.7802],[-56.301,-28.8814],[-56.3916,-28.9522],[-56.4158,-29.0514],[-56.6173,-29.1609],[-56.677,-29.3134],[-56.9658,-29.6009],[-57.0942,-29.752],[-57.3085,-29.8485],[-57.3252,-29.981],[-57.5062,-30.1443],[-57.6117,-30.183],[-57.6028,-30.1905]]],[[[-43.6273,-2.252],[-43.7366,-2.3341],[-43.6348,-2.3999],[-43.6273,-2.252]]],[[[-49.288,-1.7585],[-49.3381,-1.7127],[-49.453,-1.8502],[-49.3674,-1.8951],[-49.288,-1.7585]]],[[[-48.339,-1.0665],[-48.4621,-1.1645],[-48.3799,-1.2172],[-48.2974,-1.1285],[-48.339,-1.0665]]],[[[-48.1949,-0.8194],[-48.3191,-0.9737],[-48.2074,-1.0178],[-48.1559,-0.8663],[-48.1949,-0.8194]]],[[[-50.8192,-0.6202],[-50.9564,-0.6071],[-51.1004,-0.7306],[-51.1004,-0.8263],[-50.9343,-0.7317],[-50.8431,-0.716],[-50.8192,-0.6202]]],[[[-51.186,-0.6139],[-51.3083,-0.5187],[-51.5051,-0.6071],[-51.6758,-0.8468],[-51.7179,-1.1297],[-51.8725,-1.2433],[-51.9541,-1.4225],[-51.8925,-1.4837],[-51.7856,-1.45],[-51.4348,-1.1867],[-51.3315,-1.0099],[-51.2711,-1.0177],[-51.2307,-0.8393],[-51.1556,-0.6816],[-51.186,-0.6139]]],[[[-51.1653,-0.1403],[-51.2643,-0.2195],[-51.3756,-0.4605],[-51.2013,-0.3437],[-51.1488,-0.2638],[-51.1653,-0.1403]]],[[[-48.4625,-0.5761],[-48.4547,-0.4856],[-48.3731,-0.3737],[-48.4272,-0.2599],[-48.6014,-0.2262],[-48.892,-0.2159],[-48.927,-0.1588],[-49.2154,-0.1412],[-49.4252,-0.2304],[-49.6535,-0.2411],[-50.0958,-0.1323],[-50.3682,-0.1056],[-50.4115,-0.1645],[-50.5834,-0.1922],[-50.6964,-0.36],[-50.7799,-0.6606],[-50.7982,-0.9113],[-50.7782,-1.1725],[-50.8042,-1.425],[-50.7423,-1.5312],[-50.5879,-1.6845],[-50.5597,-1.7995],[-50.4052,-1.831],[-50.155,-1.779],[-50.0521,-1.7039],[-49.8236,-1.8166],[-49.5587,-1.7242],[-49.5565,-1.6454],[-49.2228,-1.6212],[-49.1819,-1.4016],[-49.0658,-1.5319],[-48.9181,-1.5046],[-48.8392,-1.4426],[-48.7931,-1.2797],[-48.842,-1.2133],[-48.6428,-1.0836],[-48.6129,-0.9329],[-48.5375,-0.8945],[-48.4625,-0.5761]]],[[[-50.9737,-0.2912],[-50.9234,-0.3305],[-50.6274,-0.0857],[-50.766,0.0464],[-50.9473,-0.012],[-51.0328,-0.1682],[-50.9737,-0.2912]]],[[[-49.8323,-0.1031],[-49.6869,-0.1354],[-49.4387,-0.1205],[-49.3475,-0.0097],[-49.4282,0.0713],[-49.6281,0.0576],[-49.7405,-0.0003],[-49.8323,-0.1031]]],[[[-50.6343,0.0713],[-50.5597,-0.0038],[-50.4475,-0.0152],[-50.4465,0.1259],[-50.6106,0.1834],[-50.6343,0.0713]]],[[[-50.0369,0.2997],[-50.1073,0.2222],[-50.3668,0.2145],[-50.3837,0.1299],[-50.2976,0.012],[-50.0694,0.0166],[-50.0045,-0.0528],[-49.8297,0.0113],[-49.6924,0.205],[-49.5289,0.3008],[-49.6502,0.3864],[-49.9216,0.2928],[-50.0369,0.2997]]],[[[-50.378,0.245],[-50.3233,0.287],[-50.3551,0.4125],[-50.3473,0.5713],[-50.4308,0.548],[-50.4071,0.4307],[-50.5168,0.2086],[-50.378,0.245]]],[[[-50.3121,0.414],[-50.2814,0.3566],[-50.0427,0.5103],[-50.0384,0.6064],[-50.2421,0.593],[-50.3029,0.531],[-50.3121,0.414]]],[[[-50.2024,0.7497],[-50.1034,0.7557],[-50.0157,0.8925],[-50.1321,0.9142],[-50.275,0.8091],[-50.2024,0.7497]]],[[[-50.4544,2.1109],[-50.5238,2.0015],[-50.4586,1.881],[-50.3125,1.9471],[-50.3996,2.1151],[-50.4544,2.1109]]],[[[-48.4346,-27.4047],[-48.5349,-27.4841],[-48.4145,-27.5951],[-48.3773,-27.4582],[-48.4346,-27.4047]]],[[[-48.5444,-26.3419],[-48.63,-26.2397],[-48.6997,-26.3167],[-48.6113,-26.4128],[-48.5444,-26.3419]]],[[[-45.2137,-23.9065],[-45.2281,-23.7724],[-45.3247,-23.7253],[-45.4474,-23.8772],[-45.3857,-23.9381],[-45.2137,-23.9065]]]]},"properties":{"ADMIN":"Brazil","ADM0_A3":"BRA","NAME_EN":"Brazil","LABEL_X":-49.55945,"LABEL_Y":-12.098687,"FCLASS_IN":""}},
{"type":"Feature","geometry":{"type":"Polygon","coordinates":[[[-57.6028,-30.1905],[-57.6425,-30.1931],[-57.6527,-30.3291],[-57.8496,-30.4853],[-57.8858,-30.5899],[-57.8179,-30.712],[-57.8072,-30.9076],[-57.9117,-30.9474],[-57.8552,-31.059],[-57.9051,-31.241],[-57.9902,-31.3993],[-58.0752,-31.4752],[-57.9868,-31.5541],[-58.0593,-31.8115],[-58.1686,-31.846],[-58.1483,-32.0629],[-58.1865,-32.1529],[-58.1016,-32.3114],[-58.2001,-32.4472],[-58.1205,-32.8193],[-58.0485,-32.9117],[-58.077,-33.0307],[-58.1744,-33.1104],[-58.3669,-33.1537],[-58.3492,-33.2828],[-58.4126,-33.3717],[-58.4346,-33.7849],[-58.3888,-33.9421],[-58.1962,-34.1594],[-58.077,-34.192],[-57.8225,-34.4751],[-57.6242,-34.4305],[-57.5379,-34.4536],[-57.2032,-34.4421],[-57.12,-34.463],[-56.7953,-34.6985],[-56.5736,-34.759],[-56.4484,-34.7583],[-56.3113,-34.9062],[-56.0696,-34.901],[-55.7921,-34.7741],[-55.3769,-34.8014],[-55.2602,-34.8976],[-55.0821,-34.884],[-54.9393,-34.9699],[-54.3065,-34.7077],[-54.1459,-34.6676],[-53.9722,-34.4872],[-53.7649,-34.3904],[-53.711,-34.1988],[-53.5395,-34.0624],[-53.4731,-33.8346],[-53.3791,-33.7407],[-53.5396,-33.6493],[-53.514,-33.3949],[-53.5369,-33.1708],[-53.5115,-33.0992],[-53.3273,-32.9736],[-53.2988,-32.8891],[-53.1269,-32.7548],[-53.1861,-32.6467],[-53.4156,-32.5642],[-53.6487,-32.3386],[-53.6706,-32.2264],[-53.7718,-32.0471],[-54.0688,-31.8799],[-54.1351,-31.909],[-54.4637,-31.6719],[-54.4832,-31.5839],[-54.5915,-31.471],[-54.8198,-31.4353],[-54.9696,-31.3408],[-55.0873,-31.3268],[-55.26,-31.2287],[-55.3539,-31.0563],[-55.5919,-30.8483],[-55.8167,-31.0427],[-56.0114,-31.0821],[-55.989,-30.8562],[-56.2351,-30.5654],[-56.3726,-30.4859],[-56.6737,-30.2113],[-56.8313,-30.102],[-57.1023,-30.1212],[-57.2126,-30.2873],[-57.536,-30.2744],[-57.6028,-30.1905]]]},"properties":{"ADMIN":"Uruguay","ADM0_A3":"URY","NAME_EN":"Uruguay","LABEL_X":-55.966942,"LABEL_Y":-32.961127,"FCLASS_IN":""}},
{"type":"Feature","geometry":{"type":"Polygon","coordinates":[[[116.6843,49.8233],[116.5754,49.9218],[116.2176,50.0138],[116.0536,49.9984],[115.7509,49.885],[115.3687,49.8954],[115.2102,49.9717],[114.9974,50.1443],[114.7537,50.2362],[114.473,50.234],[114.2863,50.2769],[113.9731,50.1605],[113.8498,50.0807],[113.5797,50.0199],[113.2124,49.822],[113.0437,49.5886],[112.7337,49.4928],[112.4322,49.5292],[112.0302,49.4119],[111.661,49.3964],[111.5035,49.3471],[111.3385,49.3647],[110.9656,49.2074],[110.7314,49.1377],[110.6036,49.1453],[110.3712,49.2417],[110.1814,49.162],[109.7285,49.2665],[109.5162,49.2559],[109.2867,49.3385],[108.9305,49.3488],[108.5381,49.3274],[108.2505,49.5224],[108.0327,49.5893],[107.9558,49.7455],[107.9465,49.9335],[107.7293,49.9719],[107.2249,49.9971],[107.0484,50.0846],[106.9737,50.1964],[106.6565,50.327],[106.2449,50.2903],[105.9849,50.3998],[105.6394,50.4219],[105.3286,50.4765],[105.1313,50.3981],[104.9342,50.3933],[104.6104,50.3142],[104.4058,50.3005],[104.1217,50.1483],[103.7853,50.1861],[103.6014,50.1335],[103.2531,50.215],[103.2017,50.297],[102.9741,50.2956],[102.5866,50.4153],[102.4719,50.5249],[102.3276,50.5455],[102.3294,50.7188],[102.2168,50.7989],[102.2297,50.9793],[102.1465,51.0976],[102.1839,51.3239],[102.0512,51.3836],[101.4821,51.4729],[101.3878,51.4506],[100.5109,51.7269],[100.006,51.7317],[99.6793,51.8887],[99.3239,51.9342],[99.2328,51.9942],[98.8556,52.1067],[98.7111,51.8451],[98.6187,51.7807],[98.3322,51.7183],[98.2282,51.5834],[98.2204,51.4752],[98.0509,51.4664],[97.9157,51.3006],[97.929,51.215],[97.8064,51.0011],[97.9902,50.8356],[97.944,50.7745],[98.0233,50.642],[98.2935,50.5186],[98.2625,50.2838],[98.1056,50.0639],[97.8474,49.9301],[97.5666,49.9168],[97.5427,49.8227],[97.3017,49.7255],[97.153,49.7502],[96.9692,49.8867],[96.7019,49.9138],[96.5681,49.8618],[96.3729,49.8861],[96.041,49.9979],[95.867,50.015],[95.4806,49.8922],[95.3547,49.9477],[95.0764,49.9455],[94.9216,50.0459],[94.6245,50.0152],[94.3443,50.2492],[94.3275,50.4044],[94.2376,50.5652],[93.5363,50.5847],[93.0114,50.6233],[92.9617,50.7779],[92.7603,50.7708],[92.6498,50.6741],[92.3017,50.8434],[92.1588,50.6891],[91.7498,50.6841],[91.4157,50.4614],[91.012,50.4253],[90.6839,50.2162],[90.4752,50.2146],[90.2229,50.1144],[90.0512,50.0842],[89.9694,49.9671],[89.6239,49.9027],[89.6823,49.7083],[89.2522,49.6294],[89.1607,49.5027],[88.8706,49.436],[88.3788,49.4758],[88.2,49.4543],[88.1155,49.3566],[88.144,49.2707],[87.9568,49.1689],[87.8163,49.1658],[87.8219,49.0287],[87.7569,48.9204],[87.8059,48.8006],[88.0338,48.7291],[87.9428,48.5995],[88.5651,48.343],[88.5808,48.212],[88.8054,48.106],[88.9323,48.097],[89.0456,47.993],[89.244,47.9802],[89.3343,48.0324],[89.5418,48.031],[89.7513,47.8243],[90.0446,47.8798],[90.0829,47.7561],[90.3274,47.623],[90.4412,47.493],[90.4687,47.3089],[90.7121,47.0147],[90.8282,46.9823],[91.0048,46.7404],[91.0475,46.5664],[90.8962,46.302],[91.0024,46.0218],[90.7108,45.7522],[90.6511,45.4931],[90.738,45.4417],[90.7966,45.2928],[90.9055,45.186],[91.135,45.1979],[91.2491,45.1297],[91.4561,45.1375],[91.663,45.0595],[92.0094,45.0762],[92.1937,45.0145],[92.4751,44.9975],[92.7527,45.038],[93.1657,45.0076],[93.5253,44.9513],[93.714,44.8746],[93.9751,44.66],[94.195,44.6543],[94.3385,44.5121],[94.5881,44.4361],[94.6982,44.3435],[95.0368,44.255],[95.3794,44.2871],[95.3214,44.1484],[95.3275,44.0067],[95.5103,43.9791],[95.6925,43.6305],[95.8328,43.4089],[95.9085,43.2145],[96.2943,42.9333],[96.3506,42.7409],[96.4747,42.7321],[97.1933,42.7873],[98.6622,42.6436],[99.4745,42.5642],[100.017,42.6765],[101.2187,42.5298],[101.4107,42.5449],[101.6376,42.5154],[101.7354,42.4612],[101.8865,42.278],[102.0342,42.1846],[103.0735,42.0045],[103.721,41.7556],[104.5008,41.8706],[104.498,41.6658],[104.8923,41.6448],[105.0148,41.5961],[105.2009,41.7435],[105.2745,41.7555],[105.8686,41.9935],[106.7678,42.2866],[108.1774,42.4543],[108.5365,42.4351],[108.7969,42.3984],[108.9945,42.4495],[109.2534,42.4259],[109.4851,42.4493],[109.6673,42.549],[109.9127,42.6288],[110.0749,42.6435],[110.4067,42.7686],[110.6082,42.9447],[110.6801,43.0577],[110.9337,43.2878],[111.0961,43.3667],[111.5972,43.5234],[111.7538,43.6632],[111.9334,43.6966],[111.9443,43.7864],[111.8388,43.9388],[111.6345,44.0659],[111.5194,44.1886],[111.4064,44.4165],[111.5438,44.6013],[111.5514,44.6932],[111.7385,44.9663],[112.0115,45.0875],[112.4413,45.0524],[112.6142,44.9088],[113.1049,44.7944],[113.6351,44.7463],[113.8893,44.9083],[114.0553,44.9406],[114.4189,45.2015],[114.5337,45.3855],[114.7373,45.425],[114.9389,45.3738],[115.3373,45.3947],[115.6378,45.4444],[116.012,45.6786],[116.1699,45.7091],[116.2516,45.8033],[116.2132,45.9082],[116.3572,46.1056],[116.6036,46.3093],[116.8046,46.3829],[117.3017,46.3501],[117.3938,46.5714],[117.582,46.592],[117.6962,46.5123],[118.2383,46.7154],[118.7201,46.6767],[118.8162,46.7582],[118.9672,46.7405],[119.0624,46.661],[119.3169,46.6117],[119.6801,46.5916],[119.9042,46.7089],[119.9029,46.8424],[119.7701,46.993],[119.7,47.1595],[119.1576,47.5177],[119.0835,47.6616],[118.7674,47.7562],[118.5423,47.9662],[118.1825,48.0282],[117.7417,47.9776],[117.5272,47.7865],[117.3171,47.6541],[117.0697,47.8102],[116.8533,47.8721],[116.4997,47.8364],[116.2439,47.8629],[116.0843,47.8069],[115.9729,47.7091],[115.8527,47.7056],[115.5619,47.9332],[115.5145,48.1221],[115.8093,48.274],[115.8004,48.5304],[116.0282,48.7675],[116.0378,48.8701],[116.6843,49.8233]]]},"properties":{"ADMIN":"Mongolia","ADM0_A3":"MNG","NAME_EN":"Mongolia","LABEL_X":104.150405,"LABEL_Y":45.997488,"FCLASS_IN":""}},
{"type":"Feature","geometry":{"type":"MultiPolygon","coordinates":[[[[87.8163,49.1658],[87.9568,49.1689],[88.144,49.2707],[88.1155,49.3566],[88.2,49.4543],[88.3788,49.4758],[88.8706,49.436],[89.1607,49.5027],[89.2522,49.6294],[89.6823,49.7083],[89.6239,49.9027],[89.9694,49.9671],[90.0512,50.0842],[90.2229,50.1144],[90.4752,50.2146],[90.6839,50.2162],[91.012,50.4253],[91.4157,50.4614],[91.7498,50.6841],[92.1588,50.6891],[92.3017,50.8434],[92.6498,50.6741],[92.7603,50.7708],[92.9617,50.7779],[93.0114,50.6233],[93.5363,50.5847],[94.2376,50.5652],[94.3275,50.4044],[94.3443,50.2492],[94.6245,50.0152],[94.9216,50.0459],[95.0764,49.9455],[95.3547,49.9477],[95.4806,49.8922],[95.867,50.015],[96.041,49.9979],[96.3729,49.8861],[96.5681,49.8618],[96.7019,49.9138],[96.9692,49.8867],[97.153,49.7502],[97.3017,49.7255],[97.5427,49.8227],[97.5666,49.9168],[97.8474,49.9301],[98.1056,50.0639],[98.2625,50.2838],[98.2935,50.5186],[98.0233,50.642],[97.944,50.7745],[97.9902,50.8356],[97.8064,51.0011],[97.929,51.215],[97.9157,51.3006],[98.0509,51.4664],[98.2204,51.4752],[98.2282,51.5834],[98.3322,51.7183],[98.6187,51.7807],[98.7111,51.8451],[98.8556,52.1067],[99.2328,51.9942],[99.3239,51.9342],[99.6793,51.8887],[100.006,51.7317],[100.5109,51.7269],[101.3878,51.4506],[101.4821,51.4729],[102.0512,51.3836],[102.1839,51.3239],[102.1465,51.0976],[102.2297,50.9793],[102.2168,50.7989],[102.3294,50.7188],[102.3276,50.5455],[102.4719,50.5249],[102.5866,50.4153],[102.9741,50.2956],[103.2017,50.297],[103.2531,50.215],[103.6014,50.1335],[103.7853,50.1861],[104.1217,50.1483],[104.4058,50.3005],[104.6104,50.3142],[104.9342,50.3933],[105.1313,50.3981],[105.3286,50.4765],[105.6394,50.4219],[105.9849,50.3998],[106.2449,50.2903],[106.6565,50.327],[106.9737,50.1964],[107.0484,50.0846],[107.2249,49.9971],[107.7293,49.9719],[107.9465,49.9335],[107.9558,49.7455],[108.0327,49.5893],[108.2505,49.5224],[108.5381,49.3274],[108.9305,49.3488],[109.2867,49.3385],[109.5162,49.2559],[109.7285,49.2665],[110.1814,49.162],[110.3712,49.2417],[110.6036,49.1453],[110.7314,49.1377],[110.9656,49.2074],[111.3385,49.3647],[111.5035,49.3471],[111.661,49.3964],[112.0302,49.4119],[112.4322,49.5292],[112.7337,49.4928],[113.0437,49.5886],[113.2124,49.822],[113.5797,50.0199],[113.8498,50.0807],[113.9731,50.1605],[114.2863,50.2769],[114.473,50.234],[114.7537,50.2362],[114.9974,50.1443],[115.2102,49.9717],[115.3687,49.8954],[115.7509,49.885],[116.0536,49.9984],[116.2176,50.0138],[116.5754,49.9218],[116.6843,49.8233],[117.0576,49.6729],[117.2529,49.6225],[117.4729,49.6143],[117.7588,49.5127],[118.1686,49.6715],[118.6444,49.9546],[119.0917,49.9866],[119.3162,50.0927],[119.3529,50.3455],[119.2437,50.4455],[119.2936,50.5992],[119.4967,50.7371],[119.518,50.9048],[119.7483,51.0834],[119.7581,51.199],[119.9157,51.3307],[120.1082,51.6652],[120.4931,51.8757],[120.6476,51.911],[120.7792,52.1176],[120.7581,52.2374],[120.6262,52.3468],[120.724,52.5422],[120.4299,52.6361],[120.176,52.5837],[120.0564,52.6005],[120.033,52.7607],[120.2802,52.8659],[120.4503,53.0083],[120.8743,53.2802],[121.2035,53.2767],[121.5121,53.3298],[121.889,53.4306],[122.0816,53.4295],[122.3378,53.4913],[122.4712,53.4647],[122.8597,53.4739],[123.1536,53.5131],[123.2526,53.5678],[123.4855,53.526],[123.6396,53.5513],[123.9706,53.4552],[124.1218,53.3527],[124.2327,53.3817],[124.4082,53.2357],[124.6787,53.1993],[124.7202,53.1488],[125.1274,53.2065],[125.5213,53.0424],[125.6214,53.0621],[126.0351,52.7271],[125.9732,52.6316],[126.2123,52.533],[126.4212,52.2873],[126.3167,52.1998],[126.5312,52.1527],[126.4461,51.9825],[126.8074,51.5342],[126.8003,51.419],[126.9546,51.3296],[126.9318,51.0638],[127.2874,50.751],[127.3648,50.5547],[127.289,50.466],[127.3307,50.3282],[127.5784,50.2206],[127.4867,50.0256],[127.5081,49.8223],[127.6443,49.7671],[127.8309,49.5939],[128.0925,49.5416],[128.6662,49.6095],[128.7969,49.5725],[129.0506,49.3767],[129.3621,49.3498],[129.5024,49.4108],[129.5718,49.2798],[129.7112,49.2742],[129.9134,49.0395],[130.2493,48.8645],[130.3868,48.8963],[130.6743,48.8708],[130.5333,48.6358],[130.7159,48.4991],[130.8194,48.2819],[130.6634,48.1164],[130.6824,48.0503],[130.907,47.8843],[130.9418,47.718],[131.0234,47.6823],[131.4184,47.7426],[131.5774,47.6686],[132.1617,47.69],[132.3324,47.7365],[132.5247,47.7075],[132.6588,47.8698],[133.092,48.1068],[133.4637,48.0895],[133.7213,48.2448],[134.3863,48.3813],[134.5426,48.3573],[134.7009,48.2615],[134.683,48.1355],[134.5672,48.0404],[134.7726,47.7107],[134.6827,47.5878],[134.4846,47.4302],[134.2928,47.4097],[134.1541,47.2579],[134.2273,47.1177],[134.1242,47.0705],[134.0205,46.834],[133.988,46.6252],[133.8493,46.4803],[133.9215,46.4101],[133.9025,46.259],[133.6874,46.1418],[133.6581,45.9345],[133.5144,45.8793],[133.4878,45.6867],[133.4135,45.5733],[133.2021,45.5113],[133.1402,45.4354],[133.0975,45.2435],[133.1154,45.123],[132.9534,45.0244],[132.8398,45.0592],[131.9696,45.2338],[131.818,45.3328],[131.6091,45.0897],[131.4195,44.959],[130.9334,44.8417],[131.0658,44.682],[131.2645,44.0542],[131.1703,43.7811],[131.192,43.5886],[131.2809,43.3802],[131.0855,43.0421],[131.103,42.9104],[130.9924,42.8487],[130.7695,42.8658],[130.4072,42.7354],[130.5845,42.5689],[130.5308,42.5305],[130.7,42.2951],[130.8585,42.5246],[130.6567,42.6641],[131.1274,42.6468],[131.2731,42.7773],[131.4717,42.8732],[131.5177,43.0093],[131.7505,43.2253],[131.7643,43.2917],[131.992,43.2731],[131.8499,43.1005],[131.9522,43.072],[132.096,43.181],[132.3562,43.286],[132.2893,42.8827],[132.4044,42.9423],[132.5779,42.8404],[132.7737,42.8751],[132.8159,42.7564],[132.9963,42.8044],[133.1577,42.6884],[133.2986,42.7635],[133.605,42.8463],[133.9268,42.8827],[134.1937,43.0798],[134.5872,43.229],[134.9747,43.4595],[135.1399,43.5084],[135.2268,43.6822],[135.355,43.7195],[135.4879,43.8327],[135.5413,44.004],[135.624,44.0385],[135.6559,44.1687],[135.7862,44.2581],[135.8887,44.4015],[136.1226,44.4755],[136.3648,44.7925],[136.5535,44.895],[136.8255,45.2041],[137.1445,45.3747],[137.3967,45.6239],[137.6715,45.7946],[137.7821,45.946],[138.1004,46.228],[138.2024,46.4543],[138.3446,46.5487],[138.3491,46.6643],[138.5348,46.9866],[138.8907,47.3052],[138.959,47.3134],[139.2057,47.6638],[139.2617,47.7879],[139.3905,47.9042],[139.6841,48.0955],[139.7339,48.1635],[140.0435,48.3362],[140.165,48.4494],[140.1858,48.6501],[140.3768,49.1435],[140.3438,49.2184],[140.5608,49.5754],[140.5422,49.7568],[140.4158,49.8627],[140.4946,49.9835],[140.6607,50.058],[140.523,50.1511],[140.5454,50.3441],[140.4429,50.5444],[140.5422,50.8771],[140.6567,50.9378],[140.7057,51.3348],[140.896,51.4288],[140.9056,51.6154],[141.1092,51.6788],[141.2002,51.8237],[141.4295,51.942],[141.3089,52.0371],[141.5148,52.1719],[141.1672,52.3649],[141.1177,52.449],[141.2806,52.5788],[141.2593,52.8466],[140.9661,52.9446],[141.1888,52.9875],[141.433,53.1489],[141.3777,53.3096],[141.2512,53.311],[140.9497,53.489],[140.5398,53.6717],[140.252,53.8906],[140.3308,53.9703],[140.2406,54.057],[139.8159,54.2152],[139.797,54.2974],[139.3718,54.1959],[139.1619,54.2047],[138.7385,54.316],[138.7606,53.9752],[138.6558,53.7318],[138.5021,53.5435],[138.2468,53.5328],[138.3788,53.6841],[138.5366,53.7861],[138.5589,53.9896],[138.3957,53.9284],[138.2982,53.7562],[137.9182,53.5866],[137.3351,53.5294],[137.3147,53.6528],[137.4772,53.6658],[137.5969,53.8242],[137.7713,53.9435],[137.5462,53.9721],[137.4854,54.1121],[137.6846,54.2766],[137.4514,54.3176],[137.0614,54.1457],[137.157,54.044],[137.2909,54.0357],[137.1857,53.8511],[136.9578,53.8577],[136.7752,53.7731],[136.6847,53.8085],[136.6891,54.0123],[136.7803,54.0638],[136.8206,54.3161],[136.7386,54.4138],[136.8833,54.5914],[136.7612,54.6449],[136.5349,54.5955],[136.2493,54.6204],[135.7502,54.5709],[135.6541,54.666],[135.2651,54.7217],[135.2196,54.8941],[135.5343,55.0866],[135.8689,55.1739],[136.2198,55.3546],[136.319,55.4866],[136.5655,55.6232],[136.7733,55.6605],[137.572,56.1165],[137.8344,56.2255],[137.9141,56.3595],[138.2235,56.4242],[138.1148,56.5281],[138.2678,56.6266],[138.6616,56.9779],[138.9225,57.0581],[138.933,57.135],[139.1965,57.2727],[139.4185,57.2972],[139.5631,57.4301],[139.7897,57.4827],[139.9815,57.6877],[140.4957,57.8448],[140.6668,58.1911],[140.9043,58.3828],[141.1856,58.4564],[141.5837,58.6177],[141.7819,58.7647],[141.9468,58.943],[142.2624,59.1246],[142.5818,59.2261],[143.1597,59.3539],[143.4936,59.3185],[143.8405,59.4025],[144.4548,59.3749],[145.0008,59.3696],[145.6753,59.4235],[145.9758,59.3987],[145.8439,59.2927],[146.0503,59.1389],[146.3122,59.2788],[146.3191,59.4017],[146.4396,59.4604],[146.7196,59.3819],[147.5911,59.3041],[147.9138,59.3905],[148.2194,59.4089],[148.3937,59.3793],[148.4375,59.2623],[148.7879,59.2365],[148.9925,59.3561],[148.9684,59.4522],[149.1329,59.6407],[149.5977,59.7582],[150.4568,59.6126],[150.8431,59.4484],[150.9371,59.5559],[151.3221,59.5559],[151.6376,59.4825],[151.7603,59.2993],[152.1367,59.2962],[152.3118,59.2266],[152.1094,59.1558],[151.766,59.1336],[151.4377,59.1703],[151.2165,59.0917],[151.3591,58.856],[151.7173,58.849],[152.0203,58.875],[152.1661,58.9841],[152.4048,59.0234],[152.5567,58.95],[152.916,58.9166],[153.0901,59.0831],[153.3373,59.0899],[153.3692,59.2413],[153.802,59.1723],[154.0487,59.0528],[154.3577,59.1106],[154.5016,59.2179],[154.6775,59.1456],[154.8133,59.1942],[155.1941,59.1758],[155.2097,59.3439],[154.9629,59.4961],[154.783,59.4713],[154.6443,59.5434],[154.4288,59.547],[154.2638,59.4369],[154.075,59.5092],[154.2762,59.6501],[154.2208,59.8696],[154.4878,59.8963],[154.4078,60.0629],[154.5637,60.0937],[154.9524,60.3674],[155.1376,60.4114],[155.3403,60.5246],[155.9207,60.7548],[156.0076,60.9496],[156.5469,61.2092],[156.6485,61.328],[156.6795,61.524],[156.9238,61.5518],[157.0276,61.6506],[157.3565,61.7148],[157.4645,61.7821],[157.7937,61.7812],[158.0802,61.734],[158.2602,61.8259],[158.853,61.8263],[158.9207,61.903],[159.3599,61.893],[159.5261,61.7961],[159.5772,61.6528],[159.9667,61.7588],[160.039,61.8462],[160.2952,61.9399],[160.414,61.7648],[159.9652,61.378],[159.9077,61.2594],[160.0001,61.1061],[159.8531,60.9828],[159.9506,60.9409],[160.202,61.0382],[160.4249,60.9837],[160.1701,60.8249],[160.3818,60.7016],[160.8285,60.7547],[160.9151,60.8996],[161.1836,60.9926],[161.4544,61.1364],[161.5956,61.2552],[161.9864,61.3726],[162.4172,61.6758],[162.9307,61.6755],[162.9079,61.5799],[163.3265,61.6579],[163.3434,61.7057],[162.9784,61.8095],[163.1478,62.0376],[163.0915,62.2266],[163.2315,62.3114],[163.2671,62.522],[164.0551,62.6561],[164.3746,62.6909],[164.5979,62.6731],[164.7657,62.5583],[165.1701,62.4592],[164.9884,62.403],[164.739,62.4604],[164.5383,62.4511],[164.4181,62.3535],[164.1272,62.2624],[164.0448,61.6834],[163.8661,61.6465],[163.7595,61.479],[164.0288,61.3466],[163.9328,61.2353],[163.7626,61.1869],[163.4873,61.0017],[163.7743,60.9185],[163.3457,60.7993],[162.889,60.7525],[162.7537,60.6459],[162.5018,60.6208],[162.2062,60.538],[161.9386,60.4168],[161.8972,60.203],[161.5328,60.0676],[161.2839,59.8705],[160.8049,59.6054],[160.4973,59.5525],[160.3103,59.3461],[159.8644,59.1406],[159.7297,59.0113],[159.7507,58.9256],[159.0238,58.4148],[158.6548,58.2694],[158.168,58.0207],[157.947,57.9831],[157.7232,58.0246],[157.5867,57.9511],[157.4699,57.8039],[157.2419,57.7705],[156.9815,57.8571],[156.801,57.7734],[156.9307,57.6584],[157.0013,57.4255],[156.8316,57.2135],[156.3856,56.9118],[156.1253,56.832],[155.9243,56.5845],[155.756,56.1067],[155.6862,56.0391],[155.5512,55.2842],[155.61,54.8949],[155.728,54.4268],[155.9358,53.8652],[156.1112,52.9354],[156.2657,52.5982],[156.4319,52.5246],[156.3728,52.4046],[156.4392,52.216],[156.5012,51.7751],[156.4802,51.5165],[156.5355,51.2893],[156.7219,51.1955],[156.7615,51.078],[156.7197,50.8865],[157.0459,51.1236],[157.4465,51.3479],[157.5369,51.4861],[157.7592,51.544],[158.2869,51.9675],[158.2864,52.0342],[158.5477,52.296],[158.5156,52.7463],[158.6226,52.9273],[158.415,52.9927],[158.558,53.07],[158.7087,52.8918],[159.0033,53.0768],[159.4777,53.2294],[159.6325,53.2571],[160.0156,53.1154],[160.0176,53.2652],[159.9224,53.2836],[159.9692,53.5703],[159.8441,53.7969],[159.9015,53.9819],[160.053,54.1757],[160.7412,54.5352],[161.0664,54.5968],[161.3119,54.4901],[161.7532,54.5198],[162.1301,54.7724],[162.1532,54.8499],[161.813,55.1792],[161.7477,55.376],[161.7771,55.6083],[162.1421,56.1291],[162.5925,56.2685],[162.4012,56.3698],[162.4997,56.4355],[162.7402,56.4798],[162.7536,56.347],[162.638,56.2208],[162.8216,56.0562],[163.0512,56.0054],[163.1112,56.1015],[163.3661,56.1807],[163.241,56.5932],[163.2806,56.688],[162.7835,56.763],[162.8599,57.0514],[162.7859,57.1455],[162.8331,57.3833],[163.0748,57.461],[163.3295,57.7089],[163.2189,57.8135],[163.0039,57.8375],[162.7116,57.9667],[162.5298,57.9365],[162.4555,57.7844],[162.2146,57.8217],[162.0256,57.9288],[161.9932,58.0874],[162.1699,58.4059],[162.4053,58.6544],[162.8162,58.8872],[163.0685,58.9681],[162.8866,59.1135],[163.0806,59.2713],[163.3125,59.2875],[163.3031,59.4331],[163.1687,59.5106],[163.3901,59.6315],[163.3782,59.8144],[163.5041,59.8979],[163.698,59.904],[163.6515,60.0517],[164.0173,60.0358],[164.1643,59.9634],[164.3391,59.9915],[164.4885,60.111],[164.7233,59.9568],[164.8071,59.7896],[165.0135,59.848],[165.1986,60.0052],[165.1296,60.0842],[165.7214,60.2697],[166.0523,60.4538],[166.2497,60.3835],[166.2878,60.2247],[166.1753,60.1203],[166.1095,59.8275],[166.2878,59.8445],[167.0481,60.3284],[168.0964,60.5715],[168.4847,60.5986],[168.6248,60.5556],[169.1665,60.5673],[169.3503,60.5332],[169.7078,60.3995],[169.7468,60.283],[169.9558,60.0592],[170.2651,59.9204],[170.4006,59.9656],[170.5023,60.2725],[170.6659,60.3411],[170.5807,60.4339],[170.8107,60.5121],[171.1795,60.5589],[171.3724,60.6431],[171.4065,60.7505],[171.6633,60.8167],[172.0068,60.8552],[172.2427,61.0198],[172.4761,61.0557],[172.3861,61.2274],[172.6467,61.1911],[172.9313,61.3515],[173.1284,61.397],[173.291,61.5195],[173.4971,61.5713],[173.5446,61.7491],[173.8019,61.6918],[173.991,61.7145],[174.138,61.8446],[174.4898,61.8146],[174.8151,61.947],[175.1745,62.0219],[175.6335,62.1913],[176.2793,62.3171],[176.5942,62.4858],[177.0149,62.5505],[176.931,62.6944],[177.0422,62.7687],[177.3342,62.6882],[177.3068,62.5821],[178.061,62.5411],[178.4894,62.4368],[179.1504,62.3419],[179.1488,62.496],[179.3836,62.5208],[179.6091,62.7056],[179.5407,62.8489],[179.2495,62.9847],[179.4178,63.1165],[179.3348,63.1965],[178.5955,63.4113],[178.7202,63.4765],[178.6261,63.5925],[178.7629,63.6428],[178.6939,63.9105],[178.4683,63.9926],[178.3999,64.2434],[178.2826,64.354],[178,64.2104],[177.6699,64.3051],[177.4536,64.4206],[177.3643,64.5632],[177.4919,64.7675],[177.3384,64.7815],[176.9859,64.7111],[176.7274,64.5792],[176.3167,64.7675],[176.2101,64.874],[176.8482,64.8501],[177.0256,64.7744],[177.2977,64.8384],[177.7442,64.7064],[178.758,64.6409],[179.25,64.8112],[179.4787,64.8227],[179.7796,65.0182],[180,65.0662],[180,65.0693],[180,65.5679],[180,66.0665],[180,66.5651],[180,67.0637],[180,67.5623],[180,68.0609],[180,68.5596],[180,68.9811],[179.3606,69.2231],[179.0677,69.2979],[178.7456,69.2837],[178.7726,69.4152],[178.3649,69.4868],[178.2122,69.4434],[177.3579,69.6172],[176.7345,69.6748],[176.5039,69.7541],[175.9262,69.7757],[175.5001,69.8735],[175.0884,69.8457],[174.0708,69.8869],[173.9285,69.8454],[173.4608,69.9486],[173.3684,69.79],[172.8607,69.9035],[172.7908,69.9627],[171.9945,69.9931],[171.3163,70.0732],[170.6109,70.1163],[170.5227,69.9385],[170.5918,69.7647],[170.2316,69.6886],[170.2863,69.5791],[170.5842,69.5996],[170.7485,69.3912],[170.9131,69.3041],[170.8921,69.1844],[171.0276,69.0548],[170.3511,68.8281],[169.6255,68.7772],[169.4539,68.8454],[169.4198,69.0236],[168.8506,69.1881],[168.2883,69.2427],[168.1921,69.3799],[168.241,69.5583],[167.6741,69.7719],[166.9387,69.5021],[166.6296,69.5337],[166.0752,69.5233],[165.6747,69.596],[164.8343,69.5674],[164.4391,69.6208],[164.027,69.7738],[163.773,69.6944],[163.165,69.7209],[162.7688,69.6542],[162.2097,69.6559],[162.0256,69.5512],[161.7026,69.4959],[161.4358,69.3799],[161.3993,69.2213],[161.5657,69.0149],[161.3941,68.9434],[161.2873,69.0439],[160.9629,69.1055],[161.0249,69.2837],[160.9212,69.4618],[160.9255,69.6421],[160.384,69.6749],[159.8011,69.807],[159.689,69.8908],[160.1063,70.2637],[160.0249,70.4194],[159.6895,70.671],[159.2378,70.8293],[158.5236,70.9688],[157.5858,71.0749],[155.9364,71.0994],[154.2388,70.965],[153.9304,70.8941],[152.9902,70.8346],[152.613,70.8346],[151.9691,70.9448],[152.1035,71.0501],[151.4924,71.3332],[150.8587,71.3742],[150.6702,71.4664],[149.968,71.5347],[149.7725,71.6479],[149.1829,71.6888],[149.0394,71.7646],[149.408,71.8967],[149.7095,71.7729],[150.0669,71.9219],[149.6113,72.1484],[148.402,72.3109],[147.7468,72.3388],[147.1956,72.3299],[146.1565,71.8207],[145.3438,71.6633],[144.9063,71.6989],[145.216,71.8433],[145.7476,71.9099],[145.8494,72.1622],[146.3244,72.1413],[145.993,72.0297],[146.2438,71.9866],[146.4954,72.066],[146.9292,72.3126],[145.0687,72.2643],[144.4155,72.175],[144.7083,72.3741],[144.9432,72.4382],[145.332,72.3542],[145.6877,72.364],[146.792,72.3307],[146.1247,72.4699],[145.4095,72.5559],[143.7072,72.6667],[142.5428,72.7178],[142.2317,72.7016],[141.5506,72.7743],[141.3899,72.8433],[140.7258,72.8986],[140.6642,72.809],[141.013,72.6908],[140.8778,72.5377],[140.0728,72.4792],[139.5418,72.4976],[139.1358,72.3041],[139.1916,72.1627],[139.5607,72.232],[139.8742,72.1782],[139.5739,71.9329],[139.7103,71.8709],[139.7345,71.6722],[140.001,71.525],[139.7178,71.4573],[139.4434,71.4951],[139.1922,71.4151],[139.0451,71.569],[138.756,71.643],[138.0386,71.5587],[137.8286,71.394],[138.0095,71.3393],[137.7664,71.168],[137.4334,71.2746],[137.3556,71.3742],[136.7746,71.5234],[135.9851,71.6348],[135.033,71.5391],[134.7785,71.4288],[134.1677,71.3708],[133.6501,71.4365],[133.1516,71.5792],[132.8131,71.8315],[132.5393,71.8836],[132.2642,71.682],[131.9492,71.293],[131.5462,70.8871],[131.2263,70.7502],[130.8794,70.7739],[130.3006,70.9401],[130.1605,71.052],[129.7627,71.1476],[129.6526,71.2609],[129.3921,71.3468],[129.2487,71.5499],[128.8753,71.5967],[128.9266,71.7388],[128.6639,71.863],[128.6235,71.9626],[128.1921,72.2283],[129.1458,72.1003],[129.5217,72.2494],[129.489,72.3542],[129.1174,72.4815],[128.6113,72.4827],[128.1883,72.5678],[127.9606,72.6621],[128.6626,72.7099],[129.1984,72.6552],[129.3079,72.7175],[128.3556,72.7939],[128.228,72.8195],[128.2908,72.9086],[128.9275,72.9802],[129.3596,72.94],[129.4435,73.0289],[128.8926,73.217],[128.4393,73.2363],[127.9876,73.4709],[126.8967,73.5393],[126.905,73.4572],[126.3888,73.4118],[126.2266,73.5546],[125.6519,73.5255],[125.2124,73.6489],[124.7259,73.7084],[124.3362,73.8048],[123.2461,73.5459],[123.3318,73.3507],[123.5535,73.2176],[123.3758,73.1555],[123.3381,72.9811],[123.138,72.918],[122.6138,73.031],[122.0433,72.8915],[121.9637,72.9637],[121.3882,72.9761],[121.0547,72.9318],[120.656,72.9774],[119.7834,73.018],[118.9177,73.1195],[118.4624,73.2094],[118.3533,73.2824],[118.4895,73.4844],[118.4502,73.5888],[117.4439,73.5888],[116.6029,73.6748],[115.4131,73.7104],[114.6747,73.5926],[114.1091,73.5996],[113.915,73.5358],[113.1314,73.4497],[113.3955,73.6858],[113.1115,73.8922],[112.8215,73.7468],[112.3718,73.7053],[111.8037,73.7442],[110.5808,73.9914],[110.0215,74.0145],[109.5311,73.7753],[109.7996,73.7051],[110.2869,73.7058],[110.6637,73.7873],[110.8986,73.6859],[109.7139,73.4526],[109.2212,73.3871],[108.3933,73.3173],[107.7223,73.1685],[107.0359,73.1822],[106.7756,73.141],[106.3599,73.1943],[106.1756,73.0944],[106.2546,72.9672],[105.4826,72.7681],[106.2324,73.3228],[106.648,73.3067],[107.1336,73.5302],[107.1468,73.6177],[107.7769,73.6166],[108.4917,73.7725],[108.9961,74.0156],[109.4815,74.0772],[109.8901,74.197],[109.9995,74.3737],[110.9602,74.5485],[111.4658,74.6973],[111.7438,74.6632],[112.1468,74.8784],[112.8796,74.9929],[113.6052,75.285],[113.7082,75.4634],[113.3368,75.5351],[113.207,75.6501],[113.6174,75.6562],[113.8901,75.854],[113.5212,75.9306],[113.4597,76.1484],[113.2593,76.2664],[112.7404,76.267],[112.6709,76.3631],[112.1991,76.4719],[111.5554,76.6841],[110.3586,76.7557],[110.0614,76.6916],[109.3325,76.7585],[108.6848,76.7165],[107.9461,76.7373],[107.9846,76.6227],[107.5916,76.505],[107.0364,76.507],[106.6123,76.5596],[107.0803,76.8083],[107.4696,76.9064],[107.2505,77.007],[106.5,77.0216],[105.797,77.1126],[104.8726,77.0907],[104.8787,77.1674],[105.4558,77.2405],[105.9836,77.4383],[105.8737,77.5686],[105.3342,77.541],[104.6782,77.7095],[104.0233,77.7331],[103.5925,77.6316],[103.1966,77.6589],[102.889,77.5463],[102.1577,77.4023],[100.9193,76.9759],[100.8641,76.838],[101.2346,76.7673],[101.036,76.5202],[99.5086,76.4687],[98.8748,76.5209],[99.0662,76.3531],[99.5558,76.279],[99.8778,76.0957],[99.2615,76.1292],[99.1721,76.2124],[98.5762,76.2316],[97.7986,76.0945],[97.8425,75.9924],[97.1992,75.9931],[96.8306,75.9154],[96.1105,76.1107],[95.3898,76.164],[94.7385,76.1156],[93.6858,76.1323],[93.785,76.0414],[93.5188,75.948],[93.5498,75.853],[92.0078,75.7258],[91.2913,75.629],[90.8635,75.6683],[90.5989,75.6119],[89.9541,75.5776],[89.7227,75.4515],[89.1323,75.4528],[88.6117,75.3442],[88.3145,75.1809],[87.9119,75.1008],[87.0246,75.1642],[86.8986,75.0877],[87.3543,75.0439],[87.3858,74.9443],[87.0817,74.773],[86.6392,74.6973],[85.938,74.728],[86.4915,74.567],[86.4753,74.4582],[86.02,74.2625],[86.5056,74.2553],[86.803,74.184],[87.2401,73.8608],[87.4302,73.8203],[87.1648,73.6114],[86.2036,73.5578],[86.5198,73.6723],[87.0108,73.7787],[86.7832,73.9022],[85.6043,73.8219],[85.427,73.7119],[84.7932,73.7647],[84.366,73.7103],[83.728,73.6955],[83.4837,73.6555],[81.9569,73.6627],[81.5298,73.6478],[80.8322,73.5718],[80.2727,73.3098],[80.5283,73.2815],[80.5062,73.0784],[80.7505,73.0377],[80.842,72.9221],[80.6321,72.7338],[80.7041,72.5454],[81.2082,72.3549],[81.5862,72.3507],[82.1981,72.2816],[82.1851,72.0935],[82.787,71.9055],[83.3605,71.8406],[83.6282,71.6109],[83.5413,71.497],[83.1476,71.2448],[83.3818,71.0327],[83.7747,70.4766],[83.4839,70.335],[82.9517,70.3251],[83.183,70.1389],[82.8831,70.089],[82.6735,70.1656],[82.6641,70.2602],[83.0105,70.4266],[82.9932,70.5716],[83.1372,70.764],[83.1338,70.8824],[82.6882,70.9619],[82.4084,70.7902],[82.2031,71.0163],[82.3528,71.0963],[82.2966,71.2873],[82.8201,71.3913],[83.3205,71.6833],[82.8674,71.7864],[82.1943,71.7077],[81.7367,71.6999],[81.3423,71.7642],[81.2498,71.8592],[80.6472,72.0341],[80.8346,72.0833],[80.0101,72.2077],[79.3914,72.3856],[78.4976,72.4082],[78.0876,72.3588],[77.7414,72.2162],[77.4907,72.1754],[77.564,72.0706],[77.9378,72.1181],[78.2036,72.001],[78.1095,71.8804],[77.5846,71.8311],[76.9461,72.0443],[76.3538,71.9991],[76.0267,71.9238],[76.3255,71.5595],[76.7127,71.4634],[77.0733,71.4289],[77.6709,71.2861],[77.8738,71.3393],[78.279,71.2589],[78.2376,71.1097],[78.4973,71.1151],[78.6138,70.9626],[78.4553,70.8947],[78.0017,70.9636],[77.7827,71.1425],[76.0173,71.237],[75.3426,71.3349],[75.2284,71.4045],[75.5329,71.5423],[75.4917,71.6661],[75.2632,71.7435],[75.2868,71.9599],[75.4439,71.9919],[75.5178,72.1532],[75.7212,72.2496],[75.572,72.4667],[75.702,72.547],[75.3189,72.8192],[74.9832,72.8768],[74.7476,72.8083],[74.9995,72.6739],[75.1111,72.3464],[74.9284,72.0981],[74.3316,71.9557],[73.5259,71.8222],[73.4818,71.6527],[73.0374,71.441],[73.5562,71.2551],[73.9522,70.8368],[74.3179,70.6678],[74.3162,70.5203],[74.0066,70.3045],[73.7345,70.1809],[73.6599,69.8597],[73.516,69.7464],[73.8996,69.414],[73.7518,69.1835],[73.9613,69.0838],[74.2474,69.1419],[74.7151,69.085],[75.092,69.1328],[75.5086,69.2614],[76.042,69.2391],[76.4276,69.1443],[76.7549,69.1247],[76.929,69.0093],[77.2329,68.9899],[77.6826,68.8858],[77.7151,68.621],[77.9563,68.4954],[78.1033,68.2484],[77.7508,68.2285],[77.537,68.1286],[77.4595,67.7863],[77.9204,67.7266],[78.1135,67.657],[78.047,67.5435],[77.6755,67.6172],[77.1203,67.7685],[77.3052,67.9101],[77.1926,67.9852],[77.3566,68.2329],[77.167,68.2818],[77.2951,68.3817],[77.3159,68.5306],[76.6626,68.7626],[76.6091,68.966],[76.3757,68.994],[75.1907,68.8748],[74.6279,68.7746],[74.4544,68.694],[74.4683,68.5354],[74.3316,68.3856],[74.7014,68.1807],[74.825,67.9405],[74.7303,67.6863],[74.0983,67.4319],[73.8996,67.2962],[73.9529,67.2309],[73.8713,67.0063],[73.4924,66.8234],[73.0031,66.7394],[72.9424,66.6567],[72.4937,66.6188],[72.3667,66.4712],[72.3473,66.3064],[71.9901,66.2308],[71.6787,66.3236],[71.1455,66.3656],[70.3626,66.3344],[69.9028,66.4155],[69.7293,66.4841],[69.3865,66.5134],[69.1126,66.6188],[69.1307,66.8307],[69.598,66.789],[69.9362,66.863],[70.4133,66.5632],[70.6886,66.5154],[70.9803,66.5359],[71.0835,66.6321],[71.5769,66.6588],[71.4956,66.9268],[71.722,66.9153],[72.2313,67.1692],[72.0601,67.3087],[72.4026,67.3281],[72.4059,67.48],[72.6117,67.6259],[72.7909,67.6257],[73.2046,67.8659],[73.0908,68.2143],[73.6444,68.5019],[73.5391,68.581],[72.8518,68.7978],[72.5774,68.9404],[72.4893,69.1992],[72.6477,69.2922],[72.6273,69.5113],[72.5017,69.6467],[72.6917,69.8369],[72.492,70.0412],[72.6216,70.1617],[72.4595,70.3044],[72.7713,70.4252],[72.6882,70.6344],[72.8274,70.8876],[72.6321,71.0111],[72.6707,71.109],[72.1057,71.2904],[71.8391,71.4312],[71.8381,71.5324],[72.2093,71.6147],[72.363,71.7361],[72.3508,71.8642],[72.8649,72.2717],[72.7307,72.6174],[72.4961,72.7877],[71.5632,72.916],[70.6554,72.8893],[70.1721,72.9001],[69.2766,72.8408],[68.9891,72.7059],[68.6437,72.0332],[68.4789,71.8362],[67.9473,71.5276],[67.3093,71.3512],[66.927,71.2984],[66.6455,71.0798],[66.8234,71.0006],[66.6082,70.8807],[66.6887,70.7698],[67.1384,70.8418],[67.3179,70.7841],[67.2206,70.5475],[67.2765,70.4812],[67.0942,70.2209],[67.3276,70.106],[67.2517,70.0212],[66.8742,69.9959],[66.771,69.7407],[67.6291,69.5908],[67.9691,69.4913],[68.1253,69.2224],[68.4872,68.9702],[69.1091,68.879],[68.9235,68.6373],[68.3828,68.2285],[68.1349,68.4234],[67.9046,68.4704],[67.0555,68.7814],[66.9906,68.8763],[66.6785,68.8959],[66.1143,69.0373],[65.8172,69.1426],[65.4194,69.1771],[64.8558,69.2954],[64.548,69.4517],[64.1276,69.5501],[63.4105,69.6713],[62.6312,69.7421],[62.1611,69.7462],[61.4094,69.7912],[60.9266,69.8675],[60.7703,69.8491],[60.6536,69.6728],[60.2326,69.6648],[60.1388,69.5779],[60.5192,69.3321],[60.5823,69.1496],[60.8438,69.1575],[60.9383,68.9633],[60.4666,68.7223],[59.7736,68.6682],[59.9639,68.466],[59.6748,68.3362],[59.1095,68.4047],[59.0564,68.6195],[59.4155,68.7667],[58.8788,69.0031],[57.9779,68.853],[57.9295,68.751],[57.604,68.7424],[57.3298,68.5648],[56.8484,68.5716],[56.6296,68.642],[55.3929,68.5643],[54.9367,68.3984],[54.864,68.1851],[54.6502,68.1943],[54.4651,68.3042],[54.2398,68.2113],[53.8084,68.2507],[53.2389,68.2535],[53.3191,68.348],[53.624,68.3369],[53.9319,68.391],[53.7205,68.6569],[54.1038,69.0007],[53.437,68.9182],[52.8065,68.768],[52.4988,68.6195],[52.7313,68.4742],[52.402,68.3377],[52.1589,68.3986],[52.3338,68.4934],[52.0601,68.5438],[51.5606,68.4831],[51.3361,68.4014],[50.9518,68.3407],[50.7956,68.3769],[50.4347,68.2205],[49.6546,67.981],[49.1333,67.8626],[48.8428,67.8651],[48.925,67.6877],[48.2557,67.6827],[47.8247,67.5603],[47.9479,67.4443],[47.7704,67.3378],[47.6951,67.2047],[47.7256,67.0009],[46.9269,66.845],[46.5833,66.8155],[46.489,66.8785],[46.0415,66.8309],[45.8532,66.887],[45.5939,67.1582],[44.9517,67.3207],[44.919,67.4409],[45.0282,67.5319],[45.3146,67.5921],[45.3504,67.7304],[46.0041,67.7677],[46.722,67.8449],[46.5349,68.1326],[46.0293,68.324],[45.9439,68.4462],[45.3064,68.5453],[43.9845,68.5513],[43.4773,68.6691],[43.3257,68.6137],[44.1602,68.3362],[44.2444,68.2557],[44.003,67.576],[43.793,67.3434],[43.7614,67.2211],[44.2063,67.1247],[44.4993,66.9215],[44.364,66.7823],[44.4878,66.6762],[44.1239,66.3151],[44.0457,66.081],[43.6548,66.2849],[43.4061,66.3322],[43.2522,66.4368],[42.7492,66.3951],[42.6448,66.4525],[42.2009,66.5322],[41.8576,66.2963],[41.3425,66.0629],[40.7959,65.9917],[40.2798,65.73],[39.8269,65.607],[39.7121,65.4018],[40.114,65.0747],[40.3781,64.9225],[40.5285,64.5779],[40.1817,64.5587],[40.0628,64.6219],[39.5665,64.5453],[39.3031,64.6462],[38.9222,64.7327],[38.5117,64.7877],[38.3579,64.8524],[38.0464,64.8537],[37.7946,64.9206],[37.706,65.0174],[37.0077,65.173],[36.9001,65.1509],[36.8074,64.9591],[36.5686,64.9025],[36.5598,64.7174],[36.7441,64.681],[37.1215,64.3947],[37.3394,64.3404],[37.6871,64.4309],[38.0029,64.317],[37.9142,64.2204],[38.0858,64.059],[38.0018,63.9555],[37.291,63.8182],[37.1694,63.8951],[36.7035,63.9246],[36.2922,64.0097],[36.2353,64.1248],[35.9767,64.199],[35.8108,64.342],[35.4105,64.2868],[35.28,64.3766],[34.9556,64.4522],[34.8466,64.5599],[34.9776,64.6119],[34.798,64.7563],[34.9421,64.8576],[34.7783,64.9668],[34.8161,65.0434],[34.369,65.3918],[34.6335,65.4875],[34.7766,65.5966],[34.7708,65.7749],[34.8662,65.8779],[34.4968,66.1162],[33.9723,66.251],[33.6199,66.3093],[33.7046,66.4438],[33.3548,66.4802],[33.0348,66.5916],[32.891,66.7816],[32.7051,66.7964],[32.4783,66.91],[32.557,66.989],[32.3141,67.0602],[32.3826,67.1597],[32.8539,67.0745],[32.8433,66.9763],[33.4832,66.7304],[34.284,66.6724],[34.4343,66.5473],[34.8877,66.5998],[35.3806,66.4179],[36.4063,66.2947],[36.8874,66.2852],[37.2731,66.2305],[37.5464,66.1448],[37.9271,66.0888],[38.5544,66.055],[39.3436,66.1347],[40.085,66.2888],[40.4443,66.4055],[40.745,66.5974],[41.1781,66.8096],[41.36,67.0136],[41.3384,67.1711],[41.1089,67.2538],[41.1454,67.4244],[40.9993,67.4675],[41.0166,67.6979],[40.8006,67.7282],[40.3625,67.9029],[39.8594,68.0576],[39.5208,68.076],[38.6629,68.3793],[38.4346,68.3559],[38.0666,68.5097],[37.6805,68.7134],[37.4639,68.7424],[36.2495,69.111],[35.3303,69.2761],[35.2642,69.2154],[34.6618,69.2495],[34.4206,69.311],[33.8521,69.3389],[33.376,69.3076],[33.5237,69.4283],[32.687,69.5028],[32.4202,69.5028],[32.502,69.6331],[32.8718,69.5825],[33.119,69.6611],[32.9196,69.78],[32.5232,69.8032],[32.0545,69.9638],[31.7537,69.8541],[31.6991,69.7443],[31.409,69.7158],[30.841,69.8058],[30.9277,69.6721],[30.853,69.5274],[30.5117,69.5363],[30.2944,69.6202],[30.1234,69.4419],[29.9007,69.3582],[29.3345,69.2774],[29.2405,69.1151],[28.9541,69.0273],[28.4562,68.9001],[28.8015,68.8355],[28.4474,68.5149],[28.6638,68.204],[29.2987,68.0818],[29.6512,67.8236],[30.0094,67.6858],[29.9162,67.5081],[29.5198,67.2982],[29.0999,66.9911],[29.0892,66.8375],[29.5245,66.4912],[29.5932,66.3459],[29.9002,66.1081],[30.1117,65.712],[29.7029,65.6294],[29.7201,65.3291],[29.8205,65.0937],[29.5881,64.9914],[29.7803,64.7956],[30.0625,64.7842],[30.1705,64.6817],[29.9658,64.5786],[30.0931,64.3612],[30.5585,64.2197],[30.5093,63.9914],[30.2015,63.7926],[29.9808,63.7415],[30.4887,63.4621],[30.8209,63.3757],[31.2257,63.196],[31.2508,63.1155],[31.5695,62.9059],[31.2222,62.4917],[30.9075,62.2929],[30.635,62.184],[29.7791,61.5931],[29.5397,61.485],[29.2032,61.2459],[28.7976,61.0968],[28.6146,60.9619],[28.4809,60.9335],[27.8079,60.553],[28.2158,60.5476],[28.4006,60.6653],[28.7219,60.7212],[28.6067,60.3895],[28.7879,60.3414],[29.0923,60.178],[29.4179,60.1689],[29.701,60.2005],[29.849,60.1669],[29.9483,60.0297],[30.21,60.0011],[30.115,59.8706],[29.8042,59.9401],[29.1614,60.0026],[28.846,59.7902],[28.4275,59.8134],[28.3753,59.6663],[27.9934,59.7033],[28.0726,59.578],[28.0191,59.4818],[28.1865,59.3749],[27.9039,59.2904],[27.6944,58.9759],[27.4778,58.8754],[27.4106,58.7549],[27.5549,58.3952],[27.4954,58.2215],[27.6304,58.0883],[27.6731,57.9128],[27.4077,57.689],[27.3529,57.5276],[27.8403,57.2906],[27.8243,57.1591],[27.6487,56.8793],[27.9189,56.8059],[27.9974,56.6038],[28.1261,56.5478],[28.2148,56.2814],[28.1489,56.1424],[28.2898,56.0466],[28.6207,56.083],[28.7064,55.9598],[29.0308,56.0242],[29.3774,55.954],[29.3436,55.787],[29.461,55.6873],[29.8695,55.8305],[30.2178,55.8551],[30.4688,55.7935],[30.5964,55.6653],[30.9128,55.5716],[30.9186,55.4076],[30.7943,55.2855],[30.9598,55.1626],[31.0064,55.0424],[30.8148,54.928],[30.7706,54.786],[31.1679,54.6216],[31.0646,54.4923],[31.209,54.448],[31.3247,54.2292],[31.5064,54.1439],[31.7481,54.0863],[31.8465,53.9923],[31.7538,53.8196],[31.8732,53.7771],[32.0836,53.8096],[32.2904,53.7609],[32.4806,53.6624],[32.4529,53.5464],[32.7195,53.4395],[32.4055,53.1927],[32.2059,53.1004],[31.9072,53.0919],[31.7386,53.1925],[31.3785,53.182],[31.2471,53.0144],[31.5051,52.8489],[31.5702,52.7253],[31.6081,52.3725],[31.7643,52.1006],[31.892,52.0362],[32.0956,52.0407],[32.3067,52.1412],[32.3395,52.2872],[32.5284,52.3162],[32.7254,52.2521],[32.9269,52.2469],[33.1965,52.3689],[33.8041,52.3546],[34.0557,52.1703],[34.0682,52.031],[34.3857,51.8177],[34.3763,51.7086],[34.128,51.6807],[34.2803,51.3613],[34.409,51.2531],[34.7481,51.1647],[34.9618,51.2153],[35.0992,51.1832],[35.1238,51.0913],[35.3417,50.9159],[35.4454,50.6875],[35.3777,50.6218],[35.4253,50.5005],[35.5702,50.3765],[35.6969,50.3451],[35.8374,50.4232],[36.1058,50.4211],[36.269,50.2814],[36.4002,50.3066],[36.6826,50.2607],[36.9141,50.3391],[37.197,50.3624],[37.4353,50.4249],[37.5992,50.2909],[37.5886,50.2146],[37.7277,50.0787],[37.9953,49.9213],[38.3442,49.9921],[38.8522,49.8658],[38.9374,49.8035],[39.1828,49.8585],[39.238,49.7651],[39.5704,49.7133],[39.6229,49.6135],[39.8015,49.5422],[39.974,49.6026],[40.1155,49.5906],[40.0409,49.4555],[40.1595,49.3336],[40.1417,49.2458],[39.9521,49.1245],[39.9187,49.0478],[39.6811,49.0203],[39.7587,48.8954],[39.6317,48.5869],[39.8092,48.5838],[39.9932,48.2732],[39.8431,48.1198],[39.7591,47.8329],[39.3916,47.8226],[38.8772,47.8612],[38.7345,47.6771],[38.3529,47.6071],[38.2603,47.4929],[38.201,47.2906],[38.2166,47.1033],[38.6255,47.1356],[38.9378,47.1898],[39.0881,47.2864],[39.264,47.2608],[39.2619,47.0086],[39.0752,47.0327],[38.8037,46.8935],[38.403,46.8209],[38.28,46.7258],[38.0368,46.6295],[37.8522,46.6225],[37.8273,46.4765],[38.1229,46.3775],[38.3001,46.2187],[38.5568,46.1152],[38.4458,46.0342],[38.2488,46.1415],[37.9401,46.0203],[37.8294,45.7532],[37.5951,45.6353],[37.7376,45.3747],[37.6351,45.3338],[37.1589,45.3261],[36.8333,45.443],[36.7816,45.3876],[36.8401,45.1094],[37.1919,44.991],[37.2871,44.9282],[37.3512,44.7786],[37.4783,44.6772],[37.9226,44.6138],[38.1081,44.4971],[38.1777,44.406],[38.5951,44.3319],[38.9783,44.1483],[39.1164,44.0235],[39.3294,43.8962],[39.7183,43.5678],[39.986,43.389],[40.0592,43.5352],[40.2331,43.5758],[40.4798,43.5087],[40.6519,43.539],[41.0118,43.3754],[41.3807,43.3348],[41.5506,43.2263],[42.0753,43.1853],[42.1854,43.2255],[42.4229,43.229],[42.5959,43.14],[42.7515,43.177],[43.0001,43.0987],[42.9898,43.0527],[43.1943,42.9268],[43.5174,42.8605],[43.8006,42.7465],[43.7511,42.5987],[43.9397,42.5522],[44.1974,42.6291],[44.272,42.7024],[44.5583,42.7531],[44.6794,42.7237],[44.7611,42.6192],[44.8594,42.7595],[45.1842,42.6748],[45.356,42.52],[45.4793,42.5423],[45.6987,42.5076],[45.7364,42.4475],[45.6214,42.2245],[45.9476,42.0229],[46.2243,41.9935],[46.4309,41.8904],[46.5499,41.7978],[46.745,41.8401],[46.9069,41.7069],[47.027,41.5569],[47.1075,41.5699],[47.2315,41.4275],[47.2684,41.3028],[47.3756,41.2594],[47.7437,41.1927],[47.8711,41.2082],[48.0535,41.4613],[48.3702,41.5802],[48.5789,41.8453],[48.4164,41.915],[48.304,42.1027],[47.8677,42.5847],[47.7156,42.6967],[47.6981,42.8671],[47.4619,43.0208],[47.4909,43.4628],[47.3799,43.5597],[47.5028,43.781],[47.2459,44.212],[47.0783,44.2643],[47.0442,44.3463],[46.7009,44.4462],[46.722,44.6553],[46.9714,44.7838],[47.0715,44.7851],[47.2012,44.97],[47.2971,45.1874],[47.6087,45.6388],[47.6261,45.7091],[47.897,45.6938],[48.2698,45.7795],[48.4656,45.9402],[48.7411,45.923],[48.7141,46.1296],[48.8871,46.1223],[49.112,46.2211],[49.2271,46.3279],[48.705,46.5504],[48.5732,46.5583],[48.4551,46.6608],[48.5567,46.7617],[48.764,46.6828],[49.0063,46.7691],[48.6973,47.101],[48.5251,47.4102],[48.3606,47.4931],[48.1744,47.7129],[48.0445,47.7697],[47.6497,47.7656],[47.4353,47.8344],[47.3597,47.6833],[47.1745,47.7705],[47.1553,47.8774],[47.0512,47.9746],[47.1036,48.1012],[47.0783,48.2753],[46.4793,48.4102],[46.7538,48.9141],[47.0209,49.0968],[47.0286,49.2015],[46.7751,49.3325],[46.8999,49.8203],[46.9586,49.8841],[47.1774,49.9472],[47.3087,50.0448],[47.2948,50.2754],[47.5569,50.4526],[47.6247,50.4408],[47.9932,50.1818],[48.2393,49.8648],[48.4176,49.8117],[48.7846,49.9334],[48.8857,50.0199],[48.7013,50.3346],[48.6734,50.5795],[48.8304,50.596],[49.1441,50.7817],[49.3694,50.8268],[49.3474,50.9643],[49.4231,51.102],[49.7791,51.1022],[49.9869,51.2298],[50.3254,51.3035],[50.3796,51.4212],[50.5183,51.4598],[50.5817,51.6353],[50.7907,51.5973],[50.9254,51.6797],[51.2339,51.6855],[51.3719,51.6296],[51.3795,51.4671],[51.6205,51.5187],[51.8692,51.6731],[52.0918,51.6587],[52.3349,51.7637],[52.5058,51.4789],[52.7897,51.5048],[52.9598,51.4559],[53.1533,51.5127],[53.4073,51.4842],[53.6103,51.3884],[53.6739,51.2199],[53.9359,51.1856],[54.1116,51.096],[54.1766,50.9679],[54.4786,50.8535],[54.3798,50.6194],[54.4358,50.5475],[54.6763,50.6025],[54.6382,50.8857],[54.503,50.9283],[54.6382,51.0277],[54.8943,50.9124],[55.0477,50.8842],[55.084,50.7969],[55.3054,50.665],[55.4911,50.6459],[55.66,50.53],[56.0789,50.7248],[56.1749,50.9087],[56.3357,50.8959],[56.508,51.0663],[56.8651,51.0518],[57.1682,51.0938],[57.3527,50.886],[57.7373,50.9382],[57.7688,51.1197],[58.595,51.0234],[58.5544,50.9254],[58.6644,50.7899],[58.9259,50.6781],[59.4376,50.6311],[59.5228,50.4746],[59.7747,50.5337],[60.0213,50.8541],[60.3004,50.6847],[60.7185,50.6527],[61.3721,50.7825],[61.4418,50.875],[61.5132,51.1595],[61.5932,51.2778],[61.4738,51.4258],[61.0233,51.4855],[60.9374,51.6112],[60.5151,51.6179],[60.3759,51.6625],[60.4521,51.8055],[60.1381,51.8889],[60.2028,51.9927],[60.5065,52.1516],[60.6722,52.1443],[61.0399,52.335],[60.9446,52.4791],[60.8314,52.5132],[60.6962,52.7349],[60.8291,52.7716],[61.1903,53.0131],[61.478,53.0123],[61.5743,52.9558],[61.8198,52.9782],[61.9226,52.9382],[62.0942,52.9925],[62.0507,53.1248],[61.7642,53.1695],[61.6431,53.2433],[61.478,53.2151],[61.2029,53.2764],[61.1372,53.3731],[61.2182,53.4927],[61.3816,53.4361],[61.5553,53.5057],[61.503,53.589],[61.2807,53.5424],[61.0076,53.6357],[61.202,53.8196],[61.0652,53.8785],[61.1935,54.0183],[61.4177,54.056],[61.4786,54.0029],[62.5506,54.0268],[62.8121,54.095],[63.0847,54.0856],[63.1238,54.1741],[63.3316,54.1627],[63.7086,54.2504],[63.856,54.2019],[63.9804,54.3037],[64.5785,54.3856],[64.7202,54.3338],[64.9106,54.4027],[65.0854,54.3086],[65.2129,54.343],[65.2143,54.5279],[65.4275,54.5528],[65.4774,54.6327],[65.713,54.5972],[65.827,54.6727],[65.9775,54.6117],[66.4465,54.7109],[67.2133,54.7972],[67.2839,54.8533],[67.6227,54.8539],[67.8173,54.9522],[68.1661,54.9561],[68.3082,55.0728],[68.2624,55.194],[68.6053,55.1956],[68.7225,55.3528],[69.1861,55.3258],[69.3346,55.3851],[69.6739,55.334],[69.9117,55.2116],[70.197,55.1335],[70.4601,55.2874],[70.6657,55.3092],[70.9771,55.078],[70.9459,54.8879],[71.006,54.7742],[71.1803,54.7274],[71.1476,54.5914],[71.1906,54.3182],[70.98,54.3251],[71.044,54.1859],[71.1823,54.1016],[71.3206,54.201],[71.4771,54.1097],[71.7087,54.1322],[71.7625,54.2476],[72.0667,54.2224],[72.1518,54.3683],[72.4829,54.1356],[72.3569,54.0818],[72.4556,53.9053],[72.6562,54.0425],[72.6242,54.135],[72.9568,54.1175],[73.0628,53.9791],[73.3603,53.9384],[73.7406,54.0579],[73.6971,53.9008],[73.4853,53.8749],[73.2297,53.6624],[73.2306,53.5723],[73.3912,53.5202],[73.8727,53.6321],[74.2139,53.597],[74.4091,53.4776],[74.4535,53.685],[74.6165,53.6807],[74.772,53.8309],[75.0279,53.8079],[75.434,53.9865],[75.3607,54.0595],[75.6404,54.0989],[76.1838,54.2516],[76.2342,54.3474],[76.4331,54.3166],[76.7661,54.3646],[76.8377,54.2969],[76.6646,54.1341],[76.3744,54.1478],[76.5257,53.9613],[77.6128,53.4428],[77.8668,53.2723],[78.4765,52.6379],[79.4698,51.4926],[79.9901,50.7881],[80.0493,50.8523],[80.439,50.9581],[80.4105,51.1048],[80.4762,51.2096],[80.6828,51.302],[81.1472,51.1359],[81.0583,50.9471],[81.4008,50.9591],[81.4602,50.7303],[81.7635,50.7843],[82.0731,50.7157],[82.4083,50.7484],[82.4758,50.714],[82.698,50.811],[82.7645,50.9067],[82.9759,50.8819],[83.1076,50.9927],[83.434,50.9927],[83.8205,50.868],[83.9506,50.7804],[83.9758,50.6864],[84.1017,50.6286],[84.25,50.2599],[84.3688,50.2118],[84.642,50.1849],[84.8387,50.0808],[84.9758,50.0752],[84.9546,49.9069],[85.0326,49.885],[85.2631,49.5815],[85.384,49.6157],[85.8275,49.541],[85.9314,49.4928],[86.1115,49.5202],[86.3918,49.625],[86.6102,49.7955],[86.7759,49.695],[86.5918,49.5872],[86.8243,49.5092],[86.9051,49.3519],[87.076,49.2369],[87.218,49.2298],[87.3238,49.0853],[87.8163,49.1658]]],[[[22.7672,54.3563],[22.6804,54.4532],[22.7248,54.7234],[22.8328,54.7787],[22.8089,54.8938],[22.6335,54.9579],[22.5807,55.0576],[22.2513,55.0709],[22.0999,55.0299],[21.2676,55.2487],[21.1813,55.1933],[21.2302,54.9389],[21.0789,54.8998],[20.5309,54.9647],[20.9894,55.2731],[20.9246,55.2827],[20.634,55.0488],[20.3656,54.9462],[20.0337,54.9482],[19.9207,54.8896],[19.9617,54.7732],[19.8319,54.5981],[19.6095,54.4567],[19.6803,54.4367],[20.9296,54.3978],[22.6984,54.3429],[22.7672,54.3563]]],[[[-180,65.0662],[-179.6631,65.1413],[-179.5242,65.2354],[-179.499,65.3957],[-179.2605,65.5322],[-179.277,65.6303],[-179.7233,65.7815],[-179.8269,65.9343],[-179.7683,66.1029],[-179.3093,66.1255],[-179.1715,66.2895],[-178.9824,66.1589],[-178.6824,66.1019],[-178.8725,65.8939],[-178.6282,65.7295],[-178.4111,65.6818],[-178.5288,65.5112],[-178.284,65.4443],[-177.4159,65.4407],[-177.246,65.5389],[-176.9766,65.6081],[-175.9088,65.403],[-175.8816,65.2585],[-175.7407,65.1234],[-175.7748,64.9394],[-175.4568,64.7972],[-175.0568,64.7594],[-174.592,64.8174],[-174.6523,64.7253],[-174.0724,64.5491],[-173.9893,64.4123],[-173.1063,64.241],[-172.3877,64.4074],[-172.4651,64.5584],[-172.8159,64.6117],[-172.7009,64.8776],[-172.323,64.9483],[-172.0931,65.0504],[-172.2015,65.2169],[-172.1625,65.4207],[-172.3886,65.4322],[-172.3897,65.5818],[-172.6744,65.6235],[-172.6838,65.7043],[-171.8084,65.4893],[-171.2509,65.522],[-170.9818,65.5921],[-170.6674,65.5995],[-170.4888,65.6708],[-170.5324,65.8527],[-170.143,66.0038],[-169.7009,66.1286],[-170.0858,66.1693],[-170.1539,66.249],[-170.5653,66.3536],[-170.8597,66.5111],[-171.3634,66.6748],[-171.3309,66.745],[-171.6712,66.8505],[-171.8952,66.9707],[-172.6658,66.885],[-172.9957,66.9174],[-173.5471,67.0907],[-174.2821,67.0468],[-174.0262,66.9611],[-173.9306,66.6676],[-174.1968,66.5894],[-173.8331,66.5063],[-173.7053,66.3705],[-173.9292,66.3408],[-174.0159,66.4722],[-174.296,66.3544],[-174.4345,66.3564],[-174.4357,66.5315],[-174.9713,66.6654],[-174.686,66.7623],[-174.9076,67.0374],[-174.8061,67.3647],[-175.1596,67.3375],[-175.2865,67.6671],[-175.824,67.813],[-175.9136,67.588],[-176.3005,67.7242],[-176.0486,67.8522],[-176.4995,67.8886],[-176.718,68.0263],[-177.2591,68.2111],[-177.6085,68.1968],[-177.9661,68.3302],[-178.0418,68.4277],[-178.6999,68.5432],[-178.6369,68.638],[-178.8448,68.7524],[-179.3574,68.8278],[-179.514,68.9211],[-180,68.9824],[-180,68.5596],[-180,68.0609],[-180,67.5623],[-180,67.0637],[-180,66.5651],[-180,66.0665],[-180,65.5679],[-180,65.0693],[-180,65.0662]]],[[[180,71.5364],[179.5635,71.4515],[178.9054,71.237],[178.6227,71.0377],[178.832,70.8085],[179.131,70.8787],[179.667,70.8748],[180,70.9924],[180,71.0526],[180,71.5364]]],[[[-180,70.992],[-179.3421,70.908],[-178.8759,70.981],[-177.9305,71.0414],[-177.6376,71.117],[-177.4434,71.237],[-177.7184,71.3052],[-178.3948,71.5407],[-179.0746,71.6],[-179.3268,71.5555],[-179.736,71.5864],[-180,71.5367],[-180,71.0526],[-180,70.992]]],[[[142.5291,54.2972],[142.4095,54.2316],[142.7083,53.9482],[142.6074,53.7091],[142.4927,53.6381],[142.5767,53.5001],[142.4553,53.3803],[142.3074,53.3664],[142.2297,53.5208],[141.957,53.4563],[141.7688,53.3716],[141.9284,53.0207],[141.8657,52.8603],[141.8438,52.5908],[141.783,52.4674],[141.661,52.3825],[141.645,52.0848],[141.6755,51.9124],[141.8096,51.8062],[141.8171,51.6723],[142.0789,51.4714],[142.1786,51.3142],[142.2669,51.0743],[142.1284,50.8945],[142.0452,50.5283],[142.1501,50.3457],[142.1738,50.0864],[142.125,49.8977],[142.1597,49.678],[142.0628,49.3149],[142.0772,49.1982],[141.9673,48.8624],[141.8574,48.7742],[141.9196,48.6091],[142.1387,48.3181],[142.1911,47.9667],[142.1057,47.8748],[141.9658,47.6125],[141.9751,47.2976],[142.0567,47.1697],[142.0567,47.0537],[141.8223,46.6023],[141.8376,46.4156],[141.8991,46.2791],[141.9326,46.0358],[142.0398,45.9243],[142.2017,46.0307],[142.2819,46.3275],[142.4572,46.6308],[142.7246,46.7408],[142.7722,46.6098],[143.1595,46.5983],[143.3428,46.5628],[143.3379,46.4094],[143.4214,46.2231],[143.5233,46.2381],[143.6257,46.3747],[143.5259,46.5855],[143.5115,46.7702],[143.4187,46.7997],[143.1729,46.7078],[143.0325,47.0707],[143.0164,47.2536],[142.9109,47.3652],[142.7595,47.4312],[142.5921,47.6421],[142.5453,47.7667],[142.5496,48.0201],[142.7927,48.5626],[142.9885,48.9167],[142.9746,49.0459],[143.1742,49.246],[143.499,49.3492],[144.006,49.2694],[144.4414,49.0139],[144.2827,49.2502],[144.2222,49.5326],[144.0027,50.0128],[143.7903,50.3092],[143.5379,51.2397],[143.4424,51.3673],[143.4618,51.4695],[143.2212,51.5316],[143.3104,51.7543],[143.1631,51.874],[143.0977,52.1042],[143.1775,52.3138],[143.1187,52.3378],[143.3379,52.7038],[143.29,53.1519],[143.2106,53.3632],[143.1082,53.4251],[142.9397,53.7497],[142.9059,53.9119],[143.0039,54.1355],[142.7336,54.4215],[142.5291,54.2972]]],[[[-172.2431,64.8159],[-172.4613,64.8276],[-172.6332,64.6844],[-172.1796,64.7382],[-172.2431,64.8159]]],[[[70.1306,66.5563],[70.0857,66.6901],[69.7274,66.7656],[69.4246,66.7684],[69.5454,66.591],[69.8353,66.4888],[70.1306,66.5563]]],[[[161.4871,69.0267],[161.3191,69.2427],[161.1414,69.0873],[161.4871,69.0267]]],[[[51.4095,71.8061],[51.5324,71.5659],[51.862,71.4562],[52.5739,71.5759],[52.6099,71.4687],[52.8684,71.4022],[53.2517,71.456],[53.577,71.1993],[54.0781,71.0998],[53.4919,71.0725],[53.6838,70.908],[54.0065,70.7578],[54.4924,70.7845],[54.7606,70.6806],[55.2327,70.6666],[55.4446,70.7436],[55.8176,70.6133],[56.1315,70.5959],[56.3618,70.6472],[57.1719,70.6132],[57.4401,70.6308],[57.6387,70.7299],[57.0632,70.8625],[56.1057,71.259],[56.0271,71.3708],[55.6721,71.611],[55.3428,72.0656],[55.575,72.1997],[55.377,72.3027],[55.6848,72.5733],[55.7385,72.7842],[56.2199,72.8266],[56.2254,73.009],[56.5484,73.1216],[56.4352,73.2301],[55.3042,73.3393],[54.9348,73.4254],[54.532,73.3764],[54.1908,73.2722],[53.7532,73.2989],[53.1556,73.1506],[53.1419,72.9625],[52.6167,72.8632],[52.3976,72.7179],[52.7937,72.6821],[52.9142,72.597],[52.6974,72.4976],[52.6688,72.3064],[52.402,72.2232],[52.3323,72.0706],[51.9561,72.1151],[51.61,72.0917],[51.4095,71.8061]]],[[[56.987,74.6905],[56.5557,74.6837],[56.3871,74.7214],[55.5296,74.6549],[55.709,74.5224],[55.2329,74.3758],[55.5274,74.3461],[55.6227,74.1902],[55.0189,74.173],[54.678,74.0682],[54.7258,73.9779],[54.2528,73.9158],[53.8687,73.7787],[54.074,73.6087],[54.4739,73.3908],[55.0207,73.4435],[55.4349,73.3321],[55.7723,73.348],[56.5788,73.2608],[56.9085,73.3147],[57.2539,73.4572],[57.3296,73.5739],[57.946,73.8066],[57.8784,73.9343],[58.5083,74.2175],[58.728,74.2386],[58.5705,74.3889],[59.0912,74.4949],[59.2214,74.6154],[59.8748,74.6285],[59.9338,74.7253],[60.2764,74.7497],[60.5606,74.8663],[60.8325,75.1529],[62.0482,75.4503],[62.2728,75.4401],[63.03,75.5877],[63.3044,75.5886],[65.2166,75.8542],[66.1786,75.962],[67.1465,76.1046],[67.9124,76.2585],[68.2879,76.2813],[68.7473,76.5105],[68.9307,76.7194],[68.4629,76.9667],[67.5881,77.0134],[66.9435,76.949],[65.7534,76.6828],[65.6107,76.5804],[65.169,76.4753],[64.8259,76.4842],[64.0345,76.3153],[63.7192,76.3497],[62.9568,76.2069],[62.7795,76.2707],[62.0938,76.2534],[61.637,76.312],[61.0769,76.28],[60.8384,76.123],[60.2681,76.1101],[59.7488,75.9306],[59.3987,75.9374],[58.2591,75.6929],[58.1867,75.5888],[57.5636,75.5197],[57.7411,75.3279],[57.0462,75.3981],[56.7606,75.287],[56.8809,75.2233],[55.8084,75.1566],[55.865,75.0036],[56.5428,74.9249],[56.466,74.7993],[56.6268,74.6935],[56.987,74.6905]]],[[[146.8817,43.8592],[146.6047,43.8086],[146.6506,43.7126],[146.9146,43.8027],[146.8817,43.8592]]],[[[146.4692,44.4288],[146.3635,44.422],[146.1193,44.506],[145.9749,44.2923],[145.801,44.1601],[145.7288,44.0438],[145.4099,43.8286],[145.4431,43.7245],[145.5723,43.7299],[145.5811,43.8337],[145.7917,43.9486],[145.9314,44.1209],[146.1394,44.2657],[146.3259,44.2922],[146.4692,44.4288]]],[[[148.7992,45.4157],[148.7992,45.5181],[148.6211,45.4982],[148.3119,45.2753],[148.0696,45.2512],[147.8716,45.3804],[147.8862,45.2187],[147.2644,44.8676],[147.1966,44.7137],[146.8734,44.4899],[146.9937,44.4804],[147.226,44.581],[147.3884,44.7367],[147.5554,44.8236],[147.7008,45.008],[147.7683,44.9433],[147.9903,45.0058],[148.2158,45.1957],[148.5562,45.307],[148.7583,45.3127],[148.7992,45.4157]]],[[[150.3342,46.2108],[150.1498,46.0947],[150.0202,46.073],[149.811,45.8798],[149.6673,45.8532],[149.4823,45.6694],[149.6378,45.6109],[149.9476,45.8224],[150.1423,45.898],[150.2454,46.037],[150.3633,46.0815],[150.3342,46.2108]]],[[[156.1253,50.6375],[156.0733,50.7816],[155.8895,50.6909],[155.7178,50.4231],[155.4102,50.3602],[155.2498,50.2158],[155.2209,50.1099],[155.3845,50.0375],[155.5615,50.1666],[155.7732,50.1866],[155.8849,50.2537],[156.0569,50.4863],[156.1253,50.6375]]],[[[156.4605,50.8737],[156.1994,50.7805],[156.18,50.6884],[156.4058,50.6301],[156.511,50.7658],[156.4605,50.8737]]],[[[137.1712,55.1195],[136.7938,55.0097],[137.0179,54.9204],[137.1712,55.1195]]],[[[138.0467,55.0581],[137.6061,55.2001],[137.4614,55.0268],[137.2749,54.8983],[137.4854,54.8793],[137.7061,54.625],[137.9862,54.7974],[138.0467,55.0581]]],[[[166.6644,54.7564],[166.6498,54.8445],[166.479,54.9435],[166.2503,55.1523],[166.2878,55.3039],[165.9556,55.3642],[165.8005,55.2719],[165.9929,55.2219],[166.0829,55.0606],[166.3565,54.8395],[166.6644,54.7564]]],[[[164.7069,58.9768],[164.5581,59.2397],[164.2831,59.1137],[163.9667,59.0286],[163.7663,58.8721],[163.7796,58.8104],[163.5855,58.5579],[164.1212,58.7807],[164.4077,58.8649],[164.6319,58.8654],[164.7069,58.9768]]],[[[35.8669,65.0313],[35.8153,65.1542],[35.5241,65.1445],[35.6033,65.038],[35.8669,65.0313]]],[[[50.323,69.1505],[50.1644,69.2609],[49.2717,69.508],[48.8063,69.4932],[48.3042,69.2768],[48.2188,68.9092],[48.5921,68.7309],[49.2485,68.78],[49.7197,68.89],[49.9549,69.0747],[50.323,69.1505]]],[[[169.4465,69.8491],[168.2647,70.0241],[167.8225,69.881],[167.7909,69.8083],[168.1725,69.6952],[168.8745,69.5679],[169.1895,69.5752],[169.3059,69.7702],[169.4465,69.8491]]],[[[60.5398,69.8187],[60.4759,69.9205],[60.0103,70.1041],[59.7829,70.1315],[59.3151,70.3716],[59.0236,70.4798],[58.5223,70.3311],[58.453,70.1955],[58.6956,70.0028],[59.053,69.9031],[59.4315,69.8895],[59.6025,69.8179],[59.5635,69.715],[60.201,69.6851],[60.4759,69.7225],[60.5398,69.8187]]],[[[53.2318,71.2159],[53.061,71.2382],[52.7411,71.4058],[52.2578,71.3489],[52.5584,71.249],[52.7998,71.093],[53.1219,71.0861],[53.2318,71.2159]]],[[[137.9142,71.5585],[137.7061,71.5964],[137.2183,71.5762],[137.0431,71.5111],[137.3441,71.4276],[137.7674,71.4307],[137.9142,71.5585]]],[[[78.2791,72.5522],[77.6102,72.6347],[77.2285,72.4602],[76.9126,72.3721],[76.918,72.293],[77.5864,72.2853],[78.3945,72.4914],[78.2791,72.5522]]],[[[128.8311,72.6552],[128.1345,72.6435],[128.3394,72.561],[128.7827,72.5454],[128.8311,72.6552]]],[[[128.3171,72.8123],[129.207,72.7619],[129.4171,72.8126],[129.2197,72.9264],[128.419,72.8693],[128.3171,72.8123]]],[[[79.563,72.7683],[79.3685,73.0347],[79.1404,73.0954],[78.5923,72.8621],[78.9099,72.7413],[79.3953,72.704],[79.563,72.7683]]],[[[74.7254,73.1071],[74.2117,73.1146],[74.0933,73.0278],[74.465,72.8996],[74.6465,72.9368],[74.7254,73.1071]]],[[[71.6691,73.2275],[71.4592,73.3484],[70.9487,73.5175],[70.4696,73.4992],[69.9827,73.4081],[70.0686,73.2579],[69.9343,73.1317],[70.2566,73.0383],[70.662,73.1029],[71.4947,73.1501],[71.6691,73.2275]]],[[[143.4749,73.3206],[143.537,73.4435],[143.4072,73.5428],[142.5828,73.8253],[142.0452,73.9166],[141.1272,73.8817],[140.8664,73.7798],[140.4933,73.485],[139.9065,73.471],[139.9651,73.3266],[140.7886,73.41],[141.5124,73.2994],[143.1749,73.1766],[143.5651,73.2312],[143.4749,73.3206]]],[[[136.259,73.9575],[136.0261,74.0977],[135.5895,74.2351],[135.4393,74.1611],[136.0417,73.9381],[136.259,73.9575]]],[[[141.0978,74.1492],[140.8914,74.2765],[140.2219,74.2201],[140.1647,74.0706],[140.4378,73.9084],[141.0378,74.0039],[141.0978,74.1492]]],[[[113.4058,74.444],[112.1101,74.5512],[111.9868,74.3957],[111.4685,74.3448],[111.5813,74.2602],[112.1629,74.1386],[112.7749,74.0881],[113.1574,74.225],[113.4058,74.444]]],[[[82.2396,75.3757],[81.4924,75.362],[81.6885,75.277],[82.2396,75.3757]]],[[[150.8276,75.1634],[150.6328,75.1165],[150.1294,75.2255],[149.1268,75.2686],[148.6104,75.2155],[148.4077,75.4211],[147.3739,75.4404],[147.155,75.3364],[146.7967,75.3664],[146.7708,75.5067],[146.3892,75.5852],[146.0718,75.2403],[147.0879,75.0052],[147.6638,74.9534],[148.1721,74.8035],[149.209,74.758],[150.6092,74.8935],[150.8276,75.1634]]],[[[135.9914,75.5272],[136.1602,75.6296],[135.6027,75.7643],[135.5941,75.5682],[135.45,75.3757],[135.8445,75.3826],[135.9914,75.5272]]],[[[145.3662,75.5402],[143.9471,75.8348],[143.5848,75.8698],[143.0588,75.8068],[142.5469,75.863],[141.7022,76.121],[141.3914,76.1435],[140.9089,75.9841],[140.8644,75.7388],[140.1504,75.8005],[139.9116,75.9374],[139.1096,76.0969],[138.9608,76.2069],[138.138,76.1188],[138.0275,76.0319],[137.433,75.9532],[137.5884,75.7736],[137.0676,75.7258],[137.1838,75.5395],[137.4307,75.3893],[136.8622,75.362],[137.1491,75.1342],[137.7938,74.9754],[137.8953,74.8462],[138.1657,74.7762],[139.3434,74.6874],[139.8496,74.9648],[140.0687,74.8279],[141.114,74.9167],[141.8438,74.999],[142.3556,74.8245],[143.4645,74.9001],[143.448,75.0058],[142.6282,75.097],[142.1999,75.3488],[142.0832,75.5259],[142.324,75.7119],[143.0011,75.708],[143.0135,75.6024],[142.5345,75.4765],[142.4943,75.3757],[142.8722,75.1566],[143.4148,75.0671],[143.9985,75.025],[144.3312,75.0468],[144.6882,75.16],[144.7293,75.4316],[145.3662,75.5402]]],[[[96.6441,76.267],[95.314,76.2766],[95.3106,76.2012],[95.8914,76.1536],[96.4006,76.1552],[96.6441,76.267]]],[[[111.9588,76.6022],[112.618,76.4588],[112.5281,76.6227],[111.9588,76.6022]]],[[[149.3747,76.7382],[148.8667,76.734],[148.4522,76.6233],[149.2001,76.6268],[149.3747,76.7382]]],[[[96.5274,77.2055],[95.7048,77.0751],[96.0066,76.9858],[96.4772,77.0822],[96.5274,77.2055]]],[[[89.6892,77.2806],[89.3044,77.3079],[89.3012,77.1472],[89.7468,77.1644],[89.6892,77.2806]]],[[[107.7041,78.1372],[107.5651,78.1876],[106.4771,78.1625],[107.5736,78.0676],[107.7041,78.1372]]],[[[105.4155,78.5834],[105.1751,78.8093],[104.4992,78.8638],[104.3831,78.9886],[103.9891,79.1308],[103.3491,79.1164],[102.7429,79.1588],[103.1384,79.3251],[102.3029,79.4328],[101.9646,79.2923],[101.3099,79.2388],[101.0271,79.0314],[100.2546,78.6654],[100.0007,78.4177],[100.0497,78.3432],[99.2683,78.0416],[99.5147,77.9435],[100.0373,77.9616],[101.0124,78.1304],[101.2098,78.1935],[102.8657,78.2191],[103.7126,78.2563],[104.1882,78.3268],[104.7874,78.3364],[105.3574,78.5063],[105.4155,78.5834]]],[[[77.6136,79.5219],[76.4823,79.6437],[76.1743,79.5691],[76.6961,79.4776],[77.6136,79.5219]]],[[[93.6282,79.9334],[92.6488,79.9838],[91.7821,80.0638],[91.1136,80.0489],[91.2624,79.903],[92.0995,79.8099],[91.9219,79.6789],[92.6248,79.6728],[93.6699,79.8317],[93.6282,79.9334]]],[[[51.3469,79.9533],[51.001,80.1025],[50.5525,79.988],[51.3469,79.9533]]],[[[99.886,79.0415],[99.5832,79.1728],[99.7481,79.3642],[99.7072,79.5691],[100.0225,79.8236],[99.199,80.05],[98.5779,79.9826],[98.2556,79.8729],[97.7681,79.9465],[98.0588,80.0318],[97.5921,80.1749],[96.36,80.0987],[95.5021,80.1115],[94.9356,80.0713],[94.2883,79.8986],[94.1694,79.7752],[93.7857,79.6585],[93.7489,79.5439],[94.3123,79.4792],[94.3645,79.2369],[95.0182,79.0385],[95.4221,79.1063],[95.9325,78.9929],[96.7985,78.9892],[97.2639,78.853],[97.7608,78.8088],[99.4056,78.8225],[99.8772,78.9311],[99.886,79.0415]]],[[[55.7949,80.6423],[56.9279,80.663],[56.5304,80.7871],[55.4317,80.7143],[55.7949,80.6423]]],[[[46.6873,80.5293],[46.9924,80.5527],[47.5581,80.7484],[48.0637,80.6624],[48.764,80.6596],[48.2752,80.8305],[47.5363,80.8567],[46.9207,80.7487],[45.0947,80.6492],[45.489,80.5242],[46.0706,80.5673],[46.6873,80.5293]]],[[[62.2219,80.8132],[62.0677,80.8799],[60.564,80.8228],[59.6939,80.8371],[59.2293,80.6441],[59.242,80.5293],[59.6364,80.4312],[60.3074,80.4956],[61.0446,80.4052],[61.7062,80.5975],[62.0723,80.6142],[62.2219,80.8132]]],[[[58.1301,80.7807],[58.9344,80.7807],[58.9289,80.8821],[58.1574,80.8712],[58.1301,80.7807]]],[[[55.7659,80.7837],[55.097,80.9028],[54.4067,80.8515],[54.8767,80.7211],[55.7659,80.7837]]],[[[51.6893,80.7273],[50.7243,80.8955],[49.6773,80.8535],[49.0037,80.7757],[49.631,80.6396],[48.8274,80.4977],[48.0134,80.5466],[48.2023,80.416],[47.428,80.3227],[46.6595,80.2742],[47.6331,80.1178],[48.4439,80.1008],[49.1072,80.1895],[48.6545,80.317],[49.4904,80.3635],[49.7278,80.4943],[50.9496,80.5368],[51.6893,80.7273]]],[[[79.8067,80.9743],[79.2378,80.9531],[79.1276,80.8067],[80.3264,80.8605],[79.8067,80.9743]]],[[[57.3364,80.8918],[57.8381,80.8533],[58.2824,80.9265],[57.6445,81.0244],[56.7993,81.0275],[57.3364,80.8918]]],[[[54.5641,80.9954],[55.4048,80.9576],[55.7988,80.8544],[56.6685,80.8092],[57.0588,80.6918],[57.6813,80.8168],[56.0192,81.0436],[55.5769,81.0071],[54.863,81.0842],[54.5641,80.9954]]],[[[91.5472,81.1538],[91.4548,81.1926],[90.0715,81.2145],[89.9963,81.1053],[91.1862,81.0568],[91.5472,81.1538]]],[[[97.7471,80.7416],[97.7886,80.8166],[96.973,80.9061],[96.5547,81.0774],[95.7766,81.2888],[95.1035,81.2713],[94.8897,81.1444],[93.0527,80.9954],[92.7188,80.888],[92.8887,80.6805],[92.7405,80.513],[91.9185,80.4684],[92.1074,80.2897],[92.5049,80.1577],[93.6941,79.9981],[95.0339,80.1383],[97.188,80.2336],[97.0208,80.5259],[97.1916,80.6453],[97.7471,80.7416]]],[[[57.2661,81.4268],[58.3057,81.3769],[58.3999,81.4742],[57.013,81.5368],[57.2661,81.4268]]],[[[62.5037,81.6528],[63.4675,81.5891],[63.6776,81.695],[62.766,81.7066],[62.5037,81.6528]]],[[[58.2954,81.7142],[59.3556,81.7533],[59.2147,81.8587],[58.1561,81.8303],[58.2954,81.7142]]],[[[154.8367,49.6501],[154.6082,49.375],[154.72,49.267],[154.8346,49.3527],[154.7971,49.457],[154.9019,49.6123],[154.8367,49.6501]]],[[[59.0017,79.9806],[59.9273,79.9949],[59.5291,80.1209],[58.7964,80.0436],[59.0017,79.9806]]],[[[55.7121,80.1035],[56.9568,80.0663],[57.131,80.3061],[55.9893,80.3367],[56.0191,80.1818],[55.7121,80.1035]]],[[[52.6229,80.1833],[53.4899,80.1718],[53.3411,80.399],[52.8595,80.4055],[52.5689,80.2895],[52.6229,80.1833]]],[[[57.5288,80.1314],[58.1946,80.2913],[59.1934,80.3785],[58.4524,80.4681],[56.9461,80.4815],[57.2744,80.3915],[57.2197,80.2413],[57.5288,80.1314]]],[[[60.2562,81.0364],[60.9878,80.922],[61.5998,81.0314],[61.6799,81.1137],[60.6128,81.0925],[60.2562,81.0364]]],[[[62.7705,80.8856],[62.6165,80.7981],[63.1307,80.6831],[64.4256,80.7409],[65.4458,80.9196],[65.2298,81.1367],[64.4229,81.1938],[64.0365,80.9869],[63.1423,80.9714],[62.7705,80.8856]]],[[[55.6468,81.2003],[56.4312,81.1745],[57.6887,81.3311],[56.7262,81.3972],[55.8347,81.3248],[55.6468,81.2003]]]]},"properties":{"ADMIN":"Russia","ADM0_A3":"RUS","NAME_EN":"Russia","LABEL_X":44.686469,"LABEL_Y":58.249357,"FCLASS_IN":""}},
{"type":"Feature","geometry":{"type":"Polygon","coordinates":[[[14.8104,50.8584],[14.6346,50.9094],[14.4935,51.0167],[14.3819,50.9209],[13.8345,50.7237],[13.6019,50.7122],[13.4479,50.5973],[13.2323,50.582],[13.1601,50.497],[13.0096,50.4927],[12.6788,50.3937],[12.5102,50.3888],[12.3365,50.2586],[12.1073,50.2909],[12.2469,50.045],[12.4682,49.9702],[12.5241,49.905],[12.3836,49.7429],[12.623,49.5098],[12.6435,49.4295],[12.7978,49.3278],[12.9998,49.2949],[13.1785,49.1183],[13.2995,49.0936],[13.4823,48.9376],[13.6087,48.9462],[13.8157,48.7664],[13.9823,48.7065],[14.0748,48.5917],[14.3157,48.5579],[14.4436,48.6365],[14.6957,48.5895],[14.8004,48.7765],[14.9193,48.7616],[14.9821,49.0079],[15.2629,48.9826],[15.6813,48.8585],[15.8185,48.8723],[16.0323,48.7581],[16.3583,48.7273],[16.4357,48.7945],[16.873,48.719],[16.945,48.6042],[17.0253,48.7463],[17.1675,48.8598],[17.5351,48.813],[17.8603,48.9217],[17.9141,49.0105],[18.1029,49.0923],[18.19,49.2769],[18.3246,49.3113],[18.5356,49.4817],[18.8332,49.5103],[18.7735,49.6758],[18.6373,49.7003],[18.5592,49.9072],[18.3069,49.9097],[18.0916,50.0172],[17.8394,49.9736],[17.5842,50.1459],[17.6064,50.2582],[17.3348,50.27],[17.1854,50.3757],[16.9158,50.4311],[16.9603,50.232],[16.7012,50.0949],[16.3342,50.3719],[16.1902,50.4242],[16.3826,50.5142],[16.3316,50.644],[15.8482,50.6752],[15.7674,50.7442],[15.4418,50.8002],[15.3497,50.7837],[15.2271,50.9774],[14.9965,51.0078],[14.9821,50.8591],[14.8104,50.8584]]]},"properties":{"ADMIN":"Czechia","ADM0_A3":"CZE","NAME_EN":"Czech Republic","LABEL_X":15.377555,"LABEL_Y":49.882364,"FCLASS_IN":""}},
{"type":"Feature","geometry":{"type":"MultiPolygon","coordinates":[[[[13.8157,48.7664],[13.6087,48.9462],[13.4823,48.9376],[13.2995,49.0936],[13.1785,49.1183],[12.9998,49.2949],[12.7978,49.3278],[12.6435,49.4295],[12.623,49.5098],[12.3836,49.7429],[12.5241,49.905],[12.4682,49.9702],[12.2469,50.045],[12.1073,50.2909],[12.3365,50.2586],[12.5102,50.3888],[12.6788,50.3937],[13.0096,50.4927],[13.1601,50.497],[13.2323,50.582],[13.4479,50.5973],[13.6019,50.7122],[13.8345,50.7237],[14.3819,50.9209],[14.4935,51.0167],[14.6346,50.9094],[14.8104,50.8584],[14.9553,51.064],[15.0195,51.2717],[14.9451,51.4492],[14.7322,51.5158],[14.7195,51.6756],[14.5858,51.8039],[14.7614,52.0767],[14.6864,52.121],[14.5398,52.4219],[14.6448,52.5769],[14.216,52.818],[14.1445,52.9599],[14.3433,53.0486],[14.4094,53.2724],[14.3042,53.5085],[14.2639,53.7],[13.9842,53.774],[13.8185,53.878],[13.8901,53.9129],[13.7581,54.031],[13.6834,54.168],[13.4793,54.1252],[13.1149,54.28],[13.0088,54.4381],[12.876,54.3654],[12.502,54.4736],[12.3421,54.3039],[12.1089,54.183],[11.6579,54.1422],[11.459,53.9167],[11.2429,53.9452],[11.1751,54.018],[10.8874,53.9639],[10.7526,54.0439],[11.0666,54.1839],[11.0774,54.3422],[10.9353,54.3795],[10.7771,54.3151],[10.2039,54.461],[10.02,54.5458],[9.9705,54.7626],[9.5544,54.8471],[9.4375,54.8104],[8.8242,54.9059],[8.6608,54.8963],[8.6887,54.7353],[9.0116,54.5063],[8.8607,54.4138],[8.6292,54.3877],[8.6519,54.2748],[8.888,54.3039],[8.8128,54.1805],[9.0183,54.0979],[8.8607,53.831],[8.5733,53.8577],[8.4839,53.6836],[8.168,53.5532],[7.9514,53.7219],[7.2261,53.6665],[7.0868,53.5869],[7.0233,53.4505],[7.1946,53.245],[7.1836,52.9661],[7.0799,52.8544],[7.0367,52.6474],[6.7018,52.6191],[6.6951,52.4756],[7.0482,52.3651],[7.0263,52.2306],[6.7659,52.1084],[6.804,51.9844],[6.7167,51.8993],[6.3825,51.8276],[6.2252,51.8625],[5.928,51.8067],[5.9393,51.7319],[6.0992,51.6445],[6.1933,51.5093],[6.1836,51.3357],[6.0652,51.2316],[6.1324,51.1398],[5.9829,51.0747],[6.0637,50.9075],[5.9949,50.7499],[6.2329,50.5871],[6.3377,50.3681],[6.1175,50.1205],[6.0964,50.0486],[6.2227,49.8871],[6.5001,49.7945],[6.4917,49.7008],[6.3508,49.5666],[6.3453,49.4553],[6.4945,49.4355],[6.7256,49.1556],[6.8435,49.2111],[7.2681,49.1056],[7.3911,49.17],[7.6488,49.0357],[7.9319,49.0348],[8.1887,48.9657],[8.1027,48.8213],[7.8103,48.615],[7.752,48.3553],[7.5726,48.095],[7.6189,48.0027],[7.5259,47.7832],[7.586,47.5846],[7.8197,47.5953],[8.0872,47.5674],[8.2511,47.622],[8.5582,47.8012],[8.9062,47.6518],[9.0166,47.6789],[9.2732,47.6501],[9.5475,47.5345],[9.9487,47.5242],[10.3059,47.3022],[10.452,47.4388],[10.431,47.5422],[10.6079,47.5623],[10.7903,47.5161],[11.0837,47.3895],[11.2588,47.4007],[11.4126,47.5061],[11.6205,47.5897],[12.1656,47.604],[12.2023,47.6778],[12.4241,47.6916],[12.4966,47.6289],[12.7448,47.6654],[12.7789,47.5548],[12.9425,47.4705],[13.0373,47.493],[13.0748,47.6467],[12.892,47.7235],[12.9912,47.8471],[12.7602,48.0649],[12.745,48.1206],[13.0328,48.2636],[13.2742,48.3071],[13.4056,48.3766],[13.5207,48.5846],[13.7143,48.5232],[13.8024,48.6117],[13.8157,48.7664]]],[[[14.2101,53.9385],[14.0513,54.0051],[13.9019,53.9698],[13.9317,53.8993],[13.8753,53.8441],[14.2008,53.8782],[14.2101,53.9385]]],[[[13.6983,54.3921],[13.5755,54.4719],[13.1664,54.5494],[13.2511,54.3869],[13.1155,54.3381],[13.347,54.2375],[13.4997,54.3449],[13.6983,54.3921]]]]},"properties":{"ADMIN":"Germany","ADM0_A3":"DEU","NAME_EN":"Germany","LABEL_X":9.678348,"LABEL_Y":50.961733,"FCLASS_IN":""}},
{"type":"Feature","geometry":{"type":"MultiPolygon","coordinates":[[[[24.3062,57.8682],[25.167,58.0587],[25.3966,58.0232],[25.6015,57.9122],[26.0027,57.846],[26.0247,57.7744],[26.2632,57.6208],[26.4996,57.5158],[26.8385,57.6099],[27.3529,57.5276],[27.4077,57.689],[27.6731,57.9128],[27.6304,58.0883],[27.4954,58.2215],[27.5549,58.3952],[27.4106,58.7549],[27.4778,58.8754],[27.6944,58.9759],[27.9039,59.2904],[28.1865,59.3749],[28.0191,59.4818],[27.8733,59.4076],[27.409,59.4519],[27.1162,59.442],[26.8269,59.477],[26.665,59.5519],[26.091,59.5856],[26.0018,59.6326],[25.6848,59.6286],[25.4077,59.491],[25.1941,59.5227],[24.3997,59.4788],[24.0806,59.3955],[24.0921,59.3126],[23.7568,59.2836],[23.4709,59.2121],[23.5194,59.125],[23.4224,58.9087],[23.5803,58.7922],[23.4932,58.6734],[23.6843,58.4997],[23.741,58.3431],[23.9802,58.3184],[24.1117,58.241],[24.3618,58.3973],[24.5288,58.3507],[24.4641,58.0722],[24.3062,57.8682]]],[[[23.2306,58.5048],[22.8997,58.6203],[22.322,58.5848],[22.1136,58.498],[21.8678,58.2646],[22.0169,58.2339],[22.19,57.9838],[22.3234,58.2066],[22.535,58.2541],[22.7567,58.2423],[23.0868,58.395],[23.2306,58.5048]]],[[[22.2918,58.8952],[22.3821,58.8823],[22.5557,58.687],[22.7367,58.8065],[23.0405,58.8408],[22.9341,58.984],[22.7367,59.0051],[22.5977,59.0895],[22.2918,58.8952]]]]},"properties":{"ADMIN":"Estonia","ADM0_A3":"EST","NAME_EN":"Estonia","LABEL_X":25.867126,"LABEL_Y":58.724865,"FCLASS_IN":""}},
{"type":"Feature","geometry":{"type":"Polygon","coordinates":[[[27.3529,57.5276],[26.8385,57.6099],[26.4996,57.5158],[26.2632,57.6208],[26.0247,57.7744],[26.0027,57.846],[25.6015,57.9122],[25.3966,58.0232],[25.167,58.0587],[24.3062,57.8682],[24.4055,57.3445],[24.3792,57.2302],[23.9529,57.0133],[23.6952,56.9673],[23.3401,57.0586],[23.2505,57.1144],[23.1302,57.3708],[22.6561,57.5858],[22.4837,57.7425],[21.9993,57.6003],[21.6992,57.5553],[21.4214,57.2887],[21.4016,57.0375],[21.0652,56.8463],[20.9691,56.2535],[21.0534,56.0726],[21.596,56.3079],[22.0941,56.4174],[22.5117,56.396],[22.6814,56.3503],[22.889,56.4084],[23.0167,56.3238],[23.2884,56.373],[23.4816,56.3301],[23.8581,56.3344],[24.1086,56.2607],[24.2876,56.2955],[24.4472,56.2605],[24.8923,56.4387],[25.1092,56.1831],[25.6497,56.1438],[25.7088,56.081],[26.1786,55.8496],[26.2797,55.7432],[26.5945,55.667],[26.8228,55.7061],[26.9811,55.8269],[27.2824,55.7919],[27.5927,55.7942],[27.645,55.9228],[27.9115,56.1002],[28.1489,56.1424],[28.2148,56.2814],[28.1261,56.5478],[27.9974,56.6038],[27.9189,56.8059],[27.6487,56.8793],[27.8243,57.1591],[27.8403,57.2906],[27.3529,57.5276]]]},"properties":{"ADMIN":"Latvia","ADM0_A3":"LVA","NAME_EN":"Latvia","LABEL_X":25.458723,"LABEL_Y":57.066872,"FCLASS_IN":""}},
{"type":"Feature","geometry":{"type":"MultiPolygon","coordinates":[[[[20.6232,69.0364],[21.3136,69.2914],[21.6629,69.2632],[22.0231,69.012],[22.5965,68.7246],[23.0193,68.6867],[23.1976,68.618],[23.7348,68.7154],[23.929,68.8162],[24.3325,68.7086],[24.6634,68.6661],[24.8609,68.5634],[25.1176,68.6377],[25.2013,68.8126],[25.6516,68.8835],[25.8011,69.0132],[25.7341,69.1913],[25.8774,69.3708],[25.8867,69.5209],[26.032,69.6967],[26.1983,69.7154],[26.5007,69.9183],[27.3118,69.9295],[27.6126,70.0621],[27.8669,70.0753],[28.4046,69.8023],[29.1312,69.6742],[29.3445,69.4644],[28.8648,69.2166],[28.9541,69.0273],[29.2405,69.1151],[29.3345,69.2774],[29.9007,69.3582],[30.1234,69.4419],[30.2944,69.6202],[30.5117,69.5363],[30.853,69.5274],[30.9277,69.6721],[30.841,69.8058],[30.4507,69.8103],[30.1652,69.8795],[29.993,69.768],[29.7754,69.8386],[29.6859,69.9695],[29.138,70.0576],[28.7327,70.0856],[28.7537,70.1675],[29.2267,70.1203],[30.1331,70.0732],[30.5488,70.2487],[30.9336,70.2637],[31.0633,70.3668],[30.4563,70.5612],[30.2068,70.6815],[29.3805,70.7694],[29.2214,70.8554],[28.7947,70.8732],[28.5262,70.7217],[28.3975,70.5483],[28.1372,70.4467],[27.8494,70.4829],[28.2332,70.6152],[28.1305,70.736],[28.4832,70.8895],[28.5461,70.9799],[27.8767,71.0377],[27.5687,71.0972],[27.2532,71.0263],[27.1226,70.9217],[27.3913,70.8764],[27.287,70.7436],[26.9761,70.5274],[26.513,70.4316],[26.7443,70.8235],[26.6136,70.9491],[26.0708,70.7125],[26.0122,70.6262],[25.4411,70.3422],[25.5171,70.2779],[25.2527,70.1013],[24.9434,70.1024],[24.9798,70.2294],[25.2013,70.3071],[25.2459,70.5279],[25.8252,70.8275],[25.3418,70.9527],[24.8602,70.9284],[24.3524,70.691],[24.2643,70.6063],[23.5132,70.3655],[23.3578,70.1153],[22.9981,70.0822],[22.9671,70.2075],[22.6037,70.2185],[21.9868,70.3234],[21.8218,70.2686],[21.4393,70.2695],[21.2092,70.2085],[21.9401,69.9857],[21.9046,69.8254],[21.2531,70.003],[21.1704,69.8756],[20.512,69.7695],[20.315,69.9638],[20.007,69.7685],[19.7842,69.8044],[19.2957,69.7829],[19.0983,69.7362],[18.8527,69.5523],[18.301,69.4868],[18.0031,69.2857],[18.0813,69.1691],[17.6794,69.0919],[17.2344,68.756],[16.6292,68.6417],[16.4646,68.51],[16.5348,68.4383],[16.1724,68.3179],[16.104,68.1602],[15.7101,68.0846],[15.7887,67.9514],[15.0632,67.8388],[15.0407,67.6776],[15.1965,67.6446],[14.7268,67.4887],[14.8,67.4218],[14.4069,67.2781],[14.2228,66.9815],[13.9175,66.9289],[13.6883,66.835],[13.4802,66.6753],[13.2839,66.6607],[13.0818,66.498],[13.2266,66.2973],[13.2254,66.1858],[12.869,66.1343],[12.9175,65.953],[12.6823,65.9267],[12.6603,65.8097],[12.3489,65.6384],[12.4043,65.535],[12.6022,65.4323],[12.3421,65.3026],[12.4715,65.0893],[11.9785,65.0688],[11.7764,64.9767],[11.4014,64.9223],[11.6221,64.8432],[11.402,64.6632],[11.5213,64.5182],[11.3621,64.4113],[11.0762,64.5236],[10.6152,64.4501],[10.4626,64.2941],[10.0137,64.1188],[9.9939,63.9294],[9.5459,63.7744],[9.7991,63.6918],[9.9182,63.5147],[10.0803,63.5075],[10.4158,63.5794],[10.6428,63.6776],[10.91,63.731],[11.0964,63.8896],[11.4639,63.8017],[11.0335,63.7192],[10.7557,63.6251],[10.7777,63.4875],[10.5769,63.4307],[10.3005,63.4665],[9.9606,63.4277],[9.6991,63.6445],[9.4167,63.5249],[9.2443,63.5137],[9.1677,63.402],[8.7918,63.4312],[8.7376,63.3347],[8.5147,63.3059],[8.6245,63.1281],[8.2362,63.1507],[7.9973,63.0923],[7.7483,62.9421],[7.5011,62.9108],[7.2712,63.0141],[6.9102,62.9294],[7.0166,62.8415],[6.9704,62.7256],[7.3125,62.744],[7.365,62.5928],[7.0923,62.6509],[6.7771,62.6503],[6.6222,62.5888],[6.3196,62.6085],[6.3047,62.4592],[6.5003,62.3993],[6.0277,62.3057],[5.9287,62.1989],[5.6221,62.1649],[5.1818,62.2127],[5.2979,62.0682],[5.2445,61.8173],[4.9745,61.7386],[4.9927,61.6304],[5.2293,61.6287],[5.2903,61.4796],[5.0571,61.4443],[4.9641,61.2657],[5.1252,61.1451],[5.4237,61.0797],[5.5573,61.1365],[5.9409,61.17],[6.4343,61.1147],[6.3835,61.046],[6.0985,61.1222],[5.5271,61.0754],[5.4338,61.0266],[5.0686,61.0736],[5.0039,61.0161],[5.033,60.7417],[5.0977,60.6491],[5.3001,60.5608],[5.7386,60.7051],[5.7083,60.4711],[5.6177,60.4172],[5.2383,60.4892],[5.2656,60.387],[5.1707,60.2787],[5.304,60.1906],[5.8528,60.1371],[6.1053,60.2452],[6.1921,60.3834],[6.3518,60.3681],[6.1423,60.2155],[6.098,60.0919],[5.7722,59.9307],[5.7151,59.8317],[5.8317,59.7722],[5.7461,59.6755],[5.4372,59.7082],[5.1823,59.5112],[5.2017,59.4296],[5.4754,59.2788],[5.8596,59.3508],[5.7484,59.4458],[5.8345,59.5156],[6.1123,59.2746],[5.8727,59.087],[5.8825,58.9593],[5.6262,58.9256],[5.478,58.7547],[5.7042,58.5208],[5.9285,58.4836],[6.1403,58.3397],[6.6262,58.2447],[6.542,58.1077],[6.8738,58.1348],[6.9994,58.0307],[7.3906,58.0175],[7.6536,58.0646],[8.1229,58.102],[8.3535,58.2447],[8.5134,58.2934],[9.3405,58.7512],[9.4281,58.8931],[9.6633,58.9588],[9.8462,58.9556],[10.282,59.0997],[10.4445,59.3489],[10.4837,59.5145],[10.6903,59.4807],[10.6428,59.3749],[10.8503,59.1804],[11.3705,59.1007],[11.4375,58.9917],[11.6644,58.9201],[11.8117,59.2497],[11.6774,59.5591],[11.9035,59.77],[11.8496,59.8724],[12.1437,59.8984],[12.5109,60.118],[12.4873,60.2959],[12.5936,60.395],[12.5944,60.5149],[12.377,60.7541],[12.2561,60.9813],[12.5118,61.0491],[12.6825,61.0403],[12.8197,61.2049],[12.8771,61.371],[12.6138,61.547],[12.4165,61.5823],[12.1617,61.7248],[12.3175,62.234],[12.0912,62.5863],[12.1562,62.7337],[12.1044,62.9233],[12.2227,63.0015],[11.9924,63.2889],[12.2049,63.4546],[12.1703,63.5981],[12.2932,63.657],[12.6819,63.9564],[12.9824,64.0588],[13.2341,64.0909],[13.9394,64.0095],[14.1614,64.2054],[14.1156,64.4412],[13.6428,64.584],[14.3107,65.0841],[14.5143,65.3181],[14.5607,65.7011],[14.6444,65.8429],[14.5405,66.1254],[15.0534,66.1533],[15.4819,66.2749],[15.4263,66.4912],[15.6695,66.5994],[16.0388,66.8875],[16.4156,67.0527],[16.4379,67.2003],[16.1271,67.4228],[16.1996,67.5083],[16.483,67.5578],[16.6087,67.6473],[16.808,67.9106],[17.3215,68.1053],[17.8954,67.9697],[18.1667,68.1585],[18.1718,68.5359],[18.4362,68.5739],[18.6446,68.5012],[19.0381,68.5056],[19.931,68.3502],[20.2459,68.4774],[19.9622,68.5412],[20.2366,68.6591],[20.3411,68.9101],[20.1023,69.0221],[20.6232,69.0364]]],[[[14.0278,68.2626],[13.6367,68.2943],[13.5,68.2423],[13.4857,68.1068],[13.7188,68.0776],[14.0278,68.2626]]],[[[5.6192,60.0739],[5.3753,60.0025],[5.5715,59.923],[5.6192,60.0739]]],[[[5.6877,60.6766],[5.324,60.5468],[5.486,60.4443],[5.6814,60.4817],[5.6877,60.6766]]],[[[9.1387,63.5678],[8.9652,63.6562],[8.5453,63.6025],[8.3172,63.5132],[8.5036,63.4342],[9.1068,63.5333],[9.1387,63.5678]]],[[[15.0005,68.3651],[14.6535,68.4285],[14.3034,68.312],[14.1985,68.1528],[14.7632,68.259],[15.0005,68.3651]]],[[[16.5286,68.722],[16.5055,68.8032],[15.9331,68.6841],[15.8633,68.7829],[15.9074,68.9594],[15.6766,68.9627],[15.4592,68.7961],[15.5138,68.6362],[15.2388,68.5643],[15.2166,68.3354],[15.904,68.3699],[16.0935,68.5335],[16.4815,68.5475],[16.5286,68.722]]],[[[14.3972,68.6605],[14.8159,68.6378],[15.0627,68.5785],[15.3942,68.7311],[15.2953,68.9069],[14.72,68.7629],[14.4382,68.756],[14.3972,68.6605]]],[[[15.5287,68.9138],[16.0608,69.1446],[15.7914,69.1613],[15.4598,69.0131],[15.5287,68.9138]]],[[[18.0708,69.4379],[17.7722,69.5478],[17.2634,69.4784],[16.9153,69.3176],[16.8233,69.0544],[17.5191,69.1579],[17.9583,69.1805],[17.9231,69.3323],[18.0708,69.4379]]],[[[18.999,69.8286],[18.3568,69.7929],[18.262,69.5306],[18.8229,69.5907],[18.8035,69.6815],[19.0335,69.7437],[18.999,69.8286]]],[[[19.6192,70.0168],[19.3926,69.9919],[19.2082,70.0986],[18.7693,69.9553],[19.1216,69.7878],[19.4067,69.8386],[19.6192,70.0168]]],[[[20.7915,70.0924],[20.8242,70.1946],[20.4157,70.1715],[20.4317,70.0681],[20.7915,70.0924]]],[[[22.9224,70.3047],[22.689,70.3941],[22.3737,70.332],[22.7317,70.2569],[22.9224,70.3047]]],[[[23.656,70.5033],[23.3108,70.5187],[22.8972,70.451],[22.9496,70.3593],[23.2163,70.2828],[23.5925,70.4153],[23.656,70.5033]]],[[[24.0669,70.661],[23.6401,70.7022],[23.697,70.5716],[24.0669,70.661]]],[[[22.4221,70.5107],[22.6438,70.5642],[23.0889,70.5862],[22.541,70.7175],[22.2659,70.675],[22.1409,70.4829],[22.4221,70.5107]]],[[[26.136,71.0377],[25.5534,71.1408],[25.2933,71.0452],[25.5335,70.9318],[26.0726,70.9752],[26.136,71.0377]]],[[[-7.9626,71.1749],[-8.3257,71.1476],[-8.5074,71.0207],[-8.006,71.0325],[-7.9626,71.1749]]],[[[19.1603,74.526],[18.7898,74.4782],[19.0737,74.3474],[19.2974,74.4811],[19.1603,74.526]]],[[[24.4248,77.8259],[23.6283,77.8703],[23.1205,77.9859],[23.0713,78.0662],[23.4705,78.1514],[22.9661,78.2563],[22.3963,78.1999],[21.6968,78.2111],[20.8801,78.0854],[21.6618,77.918],[21.2608,77.7331],[21.1896,77.6017],[20.8735,77.5686],[20.9217,77.4424],[22.1917,77.5041],[22.4388,77.4389],[22.4297,77.2637],[23.2345,77.2637],[23.3543,77.3769],[23.8928,77.5084],[24.4248,77.8259]]],[[[21.0243,78.2191],[22.2713,78.2675],[22.2354,78.4879],[21.9839,78.5692],[21.1782,78.6232],[20.1831,78.4953],[20.6611,78.3911],[21.0243,78.2191]]],[[[12.1428,78.237],[11.8892,78.3951],[11.2673,78.5742],[11.1838,78.7336],[10.5254,78.7883],[11.3053,78.4522],[12.1428,78.237]]],[[[20.2088,78.6381],[21.0374,78.6442],[21.5083,78.747],[21.5221,78.8537],[19.9064,79.0142],[19.7863,79.1651],[18.9451,79.157],[18.8818,79.4411],[17.5625,79.8979],[16.6165,79.9851],[16.2947,80.0674],[15.6516,79.8503],[15.9595,79.3096],[15.4973,79.33],[15.2624,79.6188],[14.5486,79.8115],[13.8831,79.5424],[13.0105,79.6729],[13.7383,79.7064],[13.797,79.8819],[12.7676,79.7733],[11.8223,79.845],[11.1976,79.7212],[10.708,79.5614],[10.8412,79.371],[11.2793,79.0996],[11.8566,78.8556],[11.6432,78.7473],[12.3626,78.4873],[12.8581,78.3597],[12.9113,78.247],[13.856,78.2129],[14.2819,78.3051],[14.3836,78.5009],[14.8013,78.6442],[15.2093,78.6562],[15.4395,78.4584],[16.002,78.4827],[16.9365,78.3523],[15.7951,78.3429],[15.0347,78.1166],[13.8662,78.0969],[13.5891,78.0559],[13.7188,77.7679],[14.4578,77.758],[16.6829,77.866],[16.87,77.8113],[15.1154,77.7032],[14.9661,77.6232],[15.8459,77.5788],[15.8533,77.5316],[14.7742,77.5488],[14.44,77.5861],[13.9107,77.5345],[13.959,77.4252],[14.3737,77.1987],[15.0402,77.1348],[16.3368,76.6164],[16.8096,76.5668],[17.1921,76.6968],[16.9424,76.7803],[17.3237,76.9789],[17.4832,77.3061],[17.8133,77.4935],[18.1941,77.4902],[18.4452,77.7563],[18.3304,77.905],[18.5829,78.0551],[19.0628,78.0869],[18.9206,78.1785],[18.993,78.467],[19.6812,78.5146],[19.763,78.6242],[20.2088,78.6381]]],[[[33.0986,80.2277],[31.4963,80.1157],[31.6111,80.0727],[32.8311,80.1332],[33.0986,80.2277]]],[[[27.1711,80.0734],[26.8071,80.1743],[25.9397,80.1855],[24.8924,80.2613],[24.376,80.3323],[23.7577,80.2761],[23.6006,80.1426],[22.5642,80.3109],[22.3737,80.111],[21.7634,80.1469],[21.8467,80.2721],[20.8826,80.2112],[19.8023,80.493],[19.1052,80.258],[19.3994,80.1383],[18.0078,80.1904],[18.3755,80.039],[18.1467,79.9164],[18.7839,79.7231],[19.4856,79.718],[20.172,79.7852],[21.8877,79.8236],[21.8504,79.7069],[20.4756,79.6864],[19.6333,79.6113],[20.1968,79.4688],[20.8169,79.3781],[21.7118,79.3718],[22.4167,79.4097],[22.9256,79.2228],[24.0531,79.1889],[24.2881,79.3099],[24.7715,79.3708],[25.1833,79.3362],[25.6457,79.3977],[25.9651,79.5262],[25.826,79.626],[27.1497,79.855],[27.1711,80.0734]]]]},"properties":{"ADMIN":"Norway","ADM0_A3":"NOR","NAME_EN":"Norway","LABEL_X":9.679975,"LABEL_Y":61.357092,"FCLASS_IN":""}},
{"type":"Feature","geometry":{"type":"MultiPolygon","coordinates":[[[[20.6232,69.0364],[20.1023,69.0221],[20.3411,68.9101],[20.2366,68.6591],[19.9622,68.5412],[20.2459,68.4774],[19.931,68.3502],[19.0381,68.5056],[18.6446,68.5012],[18.4362,68.5739],[18.1718,68.5359],[18.1667,68.1585],[17.8954,67.9697],[17.3215,68.1053],[16.808,67.9106],[16.6087,67.6473],[16.483,67.5578],[16.1996,67.5083],[16.1271,67.4228],[16.4379,67.2003],[16.4156,67.0527],[16.0388,66.8875],[15.6695,66.5994],[15.4263,66.4912],[15.4819,66.2749],[15.0534,66.1533],[14.5405,66.1254],[14.6444,65.8429],[14.5607,65.7011],[14.5143,65.3181],[14.3107,65.0841],[13.6428,64.584],[14.1156,64.4412],[14.1614,64.2054],[13.9394,64.0095],[13.2341,64.0909],[12.9824,64.0588],[12.6819,63.9564],[12.2932,63.657],[12.1703,63.5981],[12.2049,63.4546],[11.9924,63.2889],[12.2227,63.0015],[12.1044,62.9233],[12.1562,62.7337],[12.0912,62.5863],[12.3175,62.234],[12.1617,61.7248],[12.4165,61.5823],[12.6138,61.547],[12.8771,61.371],[12.8197,61.2049],[12.6825,61.0403],[12.5118,61.0491],[12.2561,60.9813],[12.377,60.7541],[12.5944,60.5149],[12.5936,60.395],[12.4873,60.2959],[12.5109,60.118],[12.1437,59.8984],[11.8496,59.8724],[11.9035,59.77],[11.6774,59.5591],[11.8117,59.2497],[11.6644,58.9201],[11.4375,58.9917],[11.2201,59.0902],[11.1082,58.9536],[11.2317,58.7996],[11.2249,58.3707],[11.3825,58.3539],[11.5671,58.2492],[11.807,58.3266],[11.8757,58.1992],[11.6936,57.8812],[11.8446,57.683],[11.9033,57.5241],[12.0593,57.4588],[12.2044,57.1479],[12.375,56.9121],[12.5983,56.821],[12.7318,56.647],[12.9344,56.5471],[12.8333,56.4426],[12.6216,56.4193],[12.8335,56.2657],[12.6095,56.1165],[12.9226,55.7495],[13.0614,55.6745],[12.9294,55.5789],[13,55.4001],[13.3814,55.346],[13.6296,55.4183],[13.8823,55.4331],[14.1812,55.3908],[14.363,55.5236],[14.1958,55.7257],[14.2085,55.8213],[14.3464,55.9533],[14.6858,56.1474],[15.4929,56.1763],[15.5728,56.2063],[15.8517,56.0864],[16.0383,56.2551],[16.0952,56.4194],[16.3566,56.7584],[16.5525,57.1101],[16.465,57.1773],[16.5348,57.3603],[16.689,57.4717],[16.6106,57.6824],[16.6755,57.7645],[16.4603,57.8947],[16.679,58.0051],[16.8213,58.2071],[16.7205,58.4365],[16.8659,58.4831],[16.6359,58.6268],[17.093,58.6608],[17.7493,58.9238],[17.9307,58.9101],[18.0432,59.0597],[18.3926,59.1758],[18.0425,59.3974],[18.2769,59.4226],[18.6865,59.6058],[18.8616,59.803],[19.0716,59.8963],[18.9031,59.9472],[18.8245,60.0683],[18.4199,60.1935],[18.428,60.3488],[18.2775,60.3494],[17.9675,60.5189],[17.9186,60.6002],[17.6382,60.5154],[17.575,60.6479],[17.238,60.6977],[17.2831,60.7812],[17.1582,60.9484],[17.2127,61.2353],[17.104,61.3994],[17.177,61.4869],[17.0972,61.6361],[17.3992,61.7224],[17.3442,61.9241],[17.5695,62.2047],[17.347,62.4033],[17.8617,62.5008],[18.0425,62.5921],[17.9264,62.8223],[18.1462,62.8223],[18.5125,62.9041],[18.4679,63.0237],[18.6113,63.1789],[19.0325,63.182],[19.2761,63.4427],[19.4546,63.5089],[19.7532,63.5243],[20.5034,63.822],[20.6875,63.7987],[20.897,63.9837],[20.9666,64.1494],[21.2439,64.3071],[21.6065,64.4522],[21.4898,64.487],[21.1813,64.8358],[21.6188,65.148],[21.7017,65.2859],[21.4891,65.3934],[21.9422,65.4118],[22.1701,65.553],[22.3606,65.7612],[22.8372,65.8077],[23.0868,65.7277],[23.3743,65.8227],[23.957,65.7891],[24.1631,65.8227],[24.0196,66.0489],[23.7242,66.2066],[23.6423,66.4363],[23.8819,66.5635],[23.8924,66.7509],[24.0013,66.8124],[23.5813,67.1531],[23.7354,67.2897],[23.7652,67.4201],[23.4313,67.4855],[23.5535,67.587],[23.4989,67.8822],[23.6612,67.9329],[23.1517,68.1303],[23.0522,68.2982],[22.6076,68.4249],[22.0722,68.477],[21.9192,68.5682],[21.4636,68.6869],[20.9346,68.967],[20.6232,69.0364]]],[[[17.1245,57.3193],[16.9665,57.3046],[16.8884,57.1182],[16.7168,56.8918],[16.6209,56.8723],[16.3989,56.5447],[16.4126,56.2293],[16.5664,56.3461],[16.6432,56.5684],[16.8831,56.9162],[17.1245,57.3193]]],[[[19.0402,57.8679],[18.4631,57.8032],[18.112,57.5111],[18.1792,57.3795],[18.0994,57.259],[18.3584,56.9897],[18.4312,57.1543],[18.7141,57.2429],[18.7702,57.3645],[18.8103,57.7097],[18.9413,57.7296],[19.0402,57.8679]]],[[[11.807,58.2304],[11.7388,58.2851],[11.429,58.161],[11.7082,58.0982],[11.807,58.2304]]]]},"properties":{"ADMIN":"Sweden","ADM0_A3":"SWE","NAME_EN":"Sweden","LABEL_X":19.01705,"LABEL_Y":65.85918,"FCLASS_IN":""}},
{"type":"Feature","geometry":{"type":"MultiPolygon","coordinates":[[[[28.9541,69.0273],[28.8648,69.2166],[29.3445,69.4644],[29.1312,69.6742],[28.4046,69.8023],[27.8669,70.0753],[27.6126,70.0621],[27.3118,69.9295],[26.5007,69.9183],[26.1983,69.7154],[26.032,69.6967],[25.8867,69.5209],[25.8774,69.3708],[25.7341,69.1913],[25.8011,69.0132],[25.6516,68.8835],[25.2013,68.8126],[25.1176,68.6377],[24.8609,68.5634],[24.6634,68.6661],[24.3325,68.7086],[23.929,68.8162],[23.7348,68.7154],[23.1976,68.618],[23.0193,68.6867],[22.5965,68.7246],[22.0231,69.012],[21.6629,69.2632],[21.3136,69.2914],[20.6232,69.0364],[20.9346,68.967],[21.4636,68.6869],[21.9192,68.5682],[22.0722,68.477],[22.6076,68.4249],[23.0522,68.2982],[23.1517,68.1303],[23.6612,67.9329],[23.4989,67.8822],[23.5535,67.587],[23.4313,67.4855],[23.7652,67.4201],[23.7354,67.2897],[23.5813,67.1531],[24.0013,66.8124],[23.8924,66.7509],[23.8819,66.5635],[23.6423,66.4363],[23.7242,66.2066],[24.0196,66.0489],[24.1631,65.8227],[24.5188,65.796],[24.6711,65.645],[25.0855,65.6052],[25.3518,65.4841],[25.2825,65.1914],[25.4435,64.9668],[25.2595,64.8165],[25.0737,64.9161],[24.7731,64.8658],[24.4229,64.6756],[24.3441,64.5307],[23.9961,64.3799],[23.7244,64.2089],[23.6045,64.0277],[22.9224,63.8017],[22.4972,63.623],[22.4284,63.4888],[22.1956,63.4312],[22.3737,63.3214],[22.203,63.2394],[21.9055,63.1754],[21.6154,63.2039],[21.4408,63.0378],[21.3828,62.8746],[21.1135,62.7812],[21.1935,62.6009],[21.1156,62.4958],[21.2051,62.3597],[21.339,62.3555],[21.2366,61.985],[21.3714,61.9391],[21.6234,61.5459],[21.5103,61.5195],[21.5435,61.2251],[21.3357,61.0046],[21.3259,60.8349],[21.47,60.6083],[21.7739,60.6039],[22.0645,60.4363],[22.2915,60.3826],[22.6276,60.3754],[22.4495,60.2452],[22.7362,60.2382],[22.9412,60.3165],[23.0076,60.277],[22.8672,60.1837],[23.0594,60.0397],[23.2051,60.0497],[23.2372,59.898],[23.5619,59.9776],[23.7713,59.968],[24.2959,60.0722],[24.4681,59.9964],[24.6082,60.1012],[25.177,60.1833],[25.1975,60.2452],[25.7355,60.2473],[26.0946,60.4233],[26.324,60.383],[26.4857,60.4438],[26.6873,60.4182],[26.9982,60.488],[27.0544,60.5468],[27.4568,60.4637],[27.7054,60.4854],[27.8079,60.553],[28.4809,60.9335],[28.6146,60.9619],[28.7976,61.0968],[29.2032,61.2459],[29.5397,61.485],[29.7791,61.5931],[30.635,62.184],[30.9075,62.2929],[31.2222,62.4917],[31.5695,62.9059],[31.2508,63.1155],[31.2257,63.196],[30.8209,63.3757],[30.4887,63.4621],[29.9808,63.7415],[30.2015,63.7926],[30.5093,63.9914],[30.5585,64.2197],[30.0931,64.3612],[29.9658,64.5786],[30.1705,64.6817],[30.0625,64.7842],[29.7803,64.7956],[29.5881,64.9914],[29.8205,65.0937],[29.7201,65.3291],[29.7029,65.6294],[30.1117,65.712],[29.9002,66.1081],[29.5932,66.3459],[29.5245,66.4912],[29.0892,66.8375],[29.0999,66.9911],[29.5198,67.2982],[29.9162,67.5081],[30.0094,67.6858],[29.6512,67.8236],[29.2987,68.0818],[28.6638,68.204],[28.4474,68.5149],[28.8015,68.8355],[28.4562,68.9001],[28.9541,69.0273]]],[[[22.8435,60.2418],[22.4665,60.1837],[22.4699,59.9975],[22.8469,60.111],[22.8435,60.2418]]]]},"properties":{"ADMIN":"Finland","ADM0_A3":"FIN","NAME_EN":"Finland","LABEL_X":27.276449,"LABEL_Y":63.252361,"FCLASS_IN":""}},
{"type":"Feature","geometry":{"type":"MultiPolygon","coordinates":[[[[107.5204,14.7046],[107.5053,14.541],[107.3869,14.4219],[107.3199,14.1198],[107.3431,14.0206],[107.4307,13.9845],[107.4432,13.7835],[107.5969,13.5351],[107.607,13.3698],[107.4604,13.0216],[107.5359,12.7996],[107.5651,12.6064],[107.5143,12.3438],[107.4159,12.2541],[107.3202,12.3292],[107.1525,12.277],[106.9777,12.0972],[106.7492,12.0523],[106.7016,11.9708],[106.394,11.9698],[106.4388,11.8637],[106.3989,11.7463],[106.2873,11.6746],[106.1546,11.7463],[106.0154,11.7705],[105.8532,11.5469],[105.8434,11.3041],[106.0631,11.0933],[106.1314,10.9693],[106.155,10.7848],[106.0179,10.8198],[105.9313,10.8964],[105.861,10.8393],[105.7529,11.0156],[105.4739,10.9409],[105.4105,10.963],[105.3275,10.8483],[105.0291,10.9141],[105.0662,10.7464],[104.8544,10.5313],[104.554,10.5183],[104.4513,10.4197],[104.5889,10.2609],[104.8049,10.2071],[104.9011,10.0973],[105.0033,10.0921],[105.0877,9.9967],[104.97,9.8537],[104.8928,9.8511],[104.8356,9.5562],[104.8071,9.0456],[104.7746,8.8179],[104.8528,8.7292],[104.8562,8.5656],[105.1015,8.6343],[105.184,8.7409],[105.334,8.8397],[105.4436,9.0415],[105.5387,9.1293],[106.0182,9.3153],[106.1934,9.3693],[106.197,9.5412],[106.0735,9.748],[106.3982,9.5421],[106.4849,9.5471],[106.5755,9.6486],[106.395,9.9744],[106.6113,9.817],[106.6143,9.939],[106.6687,10.0324],[106.7913,10.1102],[106.7209,10.1997],[106.7881,10.3931],[106.7334,10.5224],[106.7725,10.6037],[106.8816,10.6522],[106.9636,10.5014],[107.176,10.4774],[107.272,10.3785],[107.326,10.4425],[107.5305,10.5129],[107.5806,10.5703],[107.8823,10.717],[107.9983,10.6994],[108.1065,10.9182],[108.345,10.9538],[108.5774,11.1791],[108.7293,11.1815],[108.8213,11.3237],[109.0181,11.3559],[109.0278,11.5175],[109.136,11.5702],[109.2429,11.7357],[109.1258,11.8636],[109.1987,11.9481],[109.2066,12.3872],[109.3367,12.4101],[109.2049,12.5502],[109.2049,12.6464],[109.465,12.9133],[109.3074,13.133],[109.3088,13.3415],[109.2322,13.3931],[109.2957,13.5777],[109.2262,13.7436],[109.304,13.7593],[109.1814,14.3048],[109.0745,14.5786],[109.0808,14.7295],[108.9426,14.9796],[108.8828,15.3362],[108.7039,15.4451],[108.4553,15.747],[108.4148,15.8674],[108.3059,15.9552],[108.2409,16.0905],[108.1428,16.1194],[108.1512,16.217],[107.9452,16.3568],[107.8123,16.3132],[107.7588,16.4631],[107.2165,16.9079],[107.1118,17.0883],[106.7639,17.3355],[106.6346,17.4704],[106.4701,17.7482],[106.447,17.8721],[106.5248,17.9496],[106.4035,18.1062],[106.0982,18.29],[105.9773,18.4021],[105.8259,18.5939],[105.7835,18.7473],[105.6483,18.8927],[105.6438,19.0654],[105.7371,19.1085],[105.7458,19.2373],[105.8088,19.2802],[105.7826,19.3944],[105.8106,19.5996],[105.9234,19.7668],[105.9556,19.9255],[106.1071,19.965],[106.2593,20.0613],[106.395,20.2046],[106.5696,20.232],[106.5942,20.4482],[106.5677,20.5249],[106.7041,20.6911],[106.7551,20.9385],[106.8679,20.8827],[106.947,20.9543],[107.1609,20.9324],[107.3338,21.0058],[107.3916,21.2804],[107.5992,21.2988],[107.7485,21.4112],[107.7804,21.5031],[107.8819,21.5341],[107.9912,21.4857],[107.7448,21.6575],[107.6132,21.6056],[107.3482,21.5994],[107.2727,21.7183],[107.1724,21.7151],[107.0658,21.7958],[107.0211,21.8923],[106.7224,22.007],[106.6629,22.2233],[106.5269,22.4278],[106.5688,22.5746],[106.6802,22.5794],[106.7355,22.6954],[106.6675,22.8675],[106.4878,22.9254],[106.3157,22.8538],[106.2024,22.947],[105.9992,22.9754],[105.8539,22.9046],[105.6903,23.044],[105.5516,23.0597],[105.5172,23.1677],[105.3323,23.318],[105.0611,23.2325],[104.7979,23.0856],[104.827,22.9543],[104.7282,22.8391],[104.5535,22.836],[104.3402,22.6864],[104.2495,22.7283],[104.2133,22.825],[104.0238,22.7192],[103.9854,22.5272],[103.8668,22.5754],[103.6469,22.799],[103.5509,22.6408],[103.4731,22.5916],[103.4017,22.7378],[103.3096,22.7879],[103.2525,22.6786],[103.1417,22.607],[103.142,22.5378],[102.9891,22.4376],[102.8937,22.4874],[102.8452,22.5852],[102.6927,22.6705],[102.5358,22.6958],[102.4427,22.7652],[102.3769,22.6156],[102.218,22.4107],[102.1187,22.3975],[102.2262,22.2284],[102.4829,22.0214],[102.591,21.9014],[102.6507,21.6578],[102.7867,21.7399],[102.9478,21.7371],[102.9741,21.5753],[102.895,21.4953],[102.8879,21.2269],[102.9516,21.069],[103.0145,21.0405],[103.1153,20.8684],[103.3638,20.7876],[103.4266,20.8207],[103.6654,20.6583],[103.7756,20.8349],[104.0567,20.9588],[104.2953,20.8798],[104.3891,20.771],[104.6007,20.6605],[104.5426,20.5357],[104.445,20.5346],[104.3598,20.4397],[104.5755,20.4141],[104.6809,20.341],[104.6571,20.2127],[104.8192,20.221],[104.908,20.1753],[104.9532,20.0093],[104.7807,19.9081],[104.805,19.7909],[104.6548,19.698],[104.6231,19.6181],[104.5058,19.6028],[104.3801,19.6853],[104.229,19.706],[104.0887,19.6519],[104.09,19.4837],[104.0388,19.4134],[103.8567,19.3172],[103.9728,19.2253],[104.1477,19.1829],[104.4809,18.9777],[104.722,18.792],[105.1127,18.6983],[105.1695,18.6306],[105.08,18.4544],[105.1567,18.3198],[105.3683,18.15],[105.476,18.1273],[105.606,17.9641],[105.5942,17.8881],[105.7353,17.664],[105.846,17.598],[106.0193,17.3945],[106.1854,17.2574],[106.26,17.2892],[106.4203,16.9887],[106.5334,16.9727],[106.5351,16.6835],[106.6402,16.5866],[106.6552,16.4708],[106.8599,16.4118],[106.9673,16.2999],[107.1169,16.2546],[107.1544,16.166],[107.299,16.0642],[107.4356,16.0688],[107.3906,15.9358],[107.1752,15.8485],[107.1603,15.7587],[107.3693,15.4961],[107.5732,15.4112],[107.6576,15.2824],[107.578,15.0472],[107.4456,15.0254],[107.5553,14.8762],[107.4909,14.8042],[107.5204,14.7046]]],[[[104.082,10.371],[104.0047,10.451],[103.8574,10.3209],[103.9372,10.2661],[104.0106,10.0305],[104.0855,10.2481],[104.082,10.371]]]]},"properties":{"ADMIN":"Vietnam","ADM0_A3":"VNM","NAME_EN":"Vietnam","LABEL_X":105.387292,"LABEL_Y":21.715416,"FCLASS_IN":""}},
{"type":"Feature","geometry":{"type":"Polygon","coordinates":[[[107.5204,14.7046],[107.4149,14.5434],[107.2873,14.5985],[107.2112,14.4935],[106.9461,14.3235],[106.793,14.3226],[106.7072,14.4293],[106.6054,14.4666],[106.5125,14.5904],[106.4192,14.4665],[106.236,14.4844],[106.1541,14.3675],[105.9692,14.332],[106.0125,14.2258],[106.1446,14.0724],[106.0492,13.9155],[105.8731,13.9369],[105.744,14.0869],[105.6173,14.103],[105.5332,14.1643],[105.3479,14.1061],[105.2569,14.1824],[105.1843,14.3457],[105.1014,14.2305],[104.9759,14.3011],[104.9738,14.3806],[104.7717,14.4399],[104.462,14.3571],[104.2475,14.4011],[104.0014,14.3451],[103.8703,14.3433],[103.5502,14.4219],[103.457,14.3744],[103.085,14.2958],[102.9186,14.1855],[102.8698,14.0206],[102.7728,13.9361],[102.6986,13.7618],[102.5744,13.6939],[102.5132,13.5672],[102.3322,13.5646],[102.3282,13.2752],[102.4732,13.0061],[102.5043,12.7997],[102.4864,12.6612],[102.5586,12.6312],[102.7651,12.4163],[102.7151,12.3422],[102.7,12.1387],[102.9138,11.7655],[102.9136,11.6459],[102.9893,11.6732],[103.0303,11.5429],[103.1145,11.4582],[103.0789,11.2735],[103.1136,11.1611],[103.0956,10.934],[103.1812,10.8644],[103.2774,10.9327],[103.4021,10.8843],[103.4745,11.1337],[103.533,11.1627],[103.6595,11.0298],[103.7224,10.8948],[103.6722,10.7579],[103.5674,10.7265],[103.5068,10.6354],[103.6239,10.5009],[103.7471,10.509],[103.8543,10.5865],[104.2863,10.5405],[104.4513,10.4197],[104.554,10.5183],[104.8544,10.5313],[105.0662,10.7464],[105.0291,10.9141],[105.3275,10.8483],[105.4105,10.963],[105.4739,10.9409],[105.7529,11.0156],[105.861,10.8393],[105.9313,10.8964],[106.0179,10.8198],[106.155,10.7848],[106.1314,10.9693],[106.0631,11.0933],[105.8434,11.3041],[105.8532,11.5469],[106.0154,11.7705],[106.1546,11.7463],[106.2873,11.6746],[106.3989,11.7463],[106.4388,11.8637],[106.394,11.9698],[106.7016,11.9708],[106.7492,12.0523],[106.9777,12.0972],[107.1525,12.277],[107.3202,12.3292],[107.4159,12.2541],[107.5143,12.3438],[107.5651,12.6064],[107.5359,12.7996],[107.4604,13.0216],[107.607,13.3698],[107.5969,13.5351],[107.4432,13.7835],[107.4307,13.9845],[107.3431,14.0206],[107.3199,14.1198],[107.3869,14.4219],[107.5053,14.541],[107.5204,14.7046]]]},"properties":{"ADMIN":"Cambodia","ADM0_A3":"KHM","NAME_EN":"Cambodia","LABEL_X":104.50487,"LABEL_Y":12.647584,"FCLASS_IN":""}},
{"type":"Feature","geometry":{"type":"Polygon","coordinates":[[[6.1175,50.1205],[5.9616,50.1656],[5.7149,49.8819],[5.8855,49.6435],[5.7907,49.5378],[5.9607,49.4413],[6.1361,49.4953],[6.3453,49.4553],[6.3508,49.5666],[6.4917,49.7008],[6.5001,49.7945],[6.2227,49.8871],[6.0964,50.0486],[6.1175,50.1205]]]},"properties":{"ADMIN":"Luxembourg","ADM0_A3":"LUX","NAME_EN":"Luxembourg","LABEL_X":6.07762,"LABEL_Y":49.733732,"FCLASS_IN":""}},
{"type":"Feature","geometry":{"type":"MultiPolygon","coordinates":[[[[56.2791,25.6274],[56.1451,25.6708],[56.1835,26.0145],[56.0774,26.061],[56.0144,25.8789],[55.8425,25.7138],[55.5247,25.5426],[55.4725,25.4128],[55.3594,25.3486],[55.0823,25.0168],[54.707,24.8039],[54.5586,24.4577],[54.446,24.3161],[54.1226,24.1447],[53.8538,24.062],[53.5813,24.0485],[53.437,24.1198],[53.2538,24.0988],[53.1653,24.1703],[53.0672,24.1219],[52.6701,24.1447],[52.6341,24.1899],[52.3411,24.0075],[52.2244,23.974],[51.8094,24.0007],[51.772,24.1763],[51.5693,24.2562],[51.5935,24.0783],[52.2241,23.3284],[52.5385,22.9547],[52.5831,22.9311],[53.4389,22.8259],[54.1343,22.7403],[55.1053,22.6209],[55.1868,22.7036],[55.1913,22.9954],[55.2259,23.1213],[55.3211,23.2751],[55.3753,23.4693],[55.4453,23.5523],[55.5383,23.77],[55.4998,23.9706],[55.6469,24.025],[55.8071,24.0075],[55.9979,24.0813],[55.9332,24.2207],[55.7541,24.2455],[55.8074,24.3408],[55.7598,24.5585],[55.8182,24.6434],[55.7887,24.8552],[55.9354,24.9777],[56.0056,24.9562],[56.0315,24.7541],[56.1183,24.7354],[56.3833,24.9782],[56.362,25.0573],[56.3825,25.3268],[56.37,25.5257],[56.2791,25.6274]]],[[[53.657,24.1584],[53.9204,24.1398],[53.8396,24.2643],[53.657,24.1584]]]]},"properties":{"ADMIN":"United Arab Emirates","ADM0_A3":"ARE","NAME_EN":"United Arab Emirates","LABEL_X":54.547256,"LABEL_Y":23.466285,"FCLASS_IN":""}},
{"type":"Feature","geometry":{"type":"Polygon","coordinates":[[[2.5218,51.0875],[2.6085,50.9611],[2.6204,50.8165],[2.7867,50.7234],[3.1462,50.7689],[3.271,50.5269],[3.4629,50.5191],[3.6444,50.4455],[3.755,50.3463],[4.0227,50.3381],[4.1573,50.2127],[4.21,50.0601],[4.1396,49.9745],[4.4351,49.9323],[4.6567,49.9891],[4.7883,49.9743],[4.849,49.7942],[4.9891,49.7906],[5.4021,49.6025],[5.4777,49.4952],[5.7907,49.5378],[5.8855,49.6435],[5.7149,49.8819],[5.9616,50.1656],[6.1175,50.1205],[6.3377,50.3681],[6.2329,50.5871],[5.9949,50.7499],[5.7932,50.7521],[5.6407,50.815],[5.8405,51.1389],[5.5455,51.2199],[5.4716,51.2881],[5.2154,51.2587],[5.0681,51.3745],[4.9103,51.3919],[4.7312,51.4856],[4.5252,51.4759],[4.2611,51.3694],[4.2215,51.368],[4.119,51.2724],[3.927,51.2063],[3.6351,51.2878],[3.3917,51.2468],[3.3494,51.3752],[3.1248,51.3297],[2.5218,51.0875]]]},"properties":{"ADMIN":"Belgium","ADM0_A3":"BEL","NAME_EN":"Belgium","LABEL_X":4.800448,"LABEL_Y":50.785392,"FCLASS_IN":""}},
{"type":"Feature","geometry":{"type":"Polygon","coordinates":[[[39.986,43.389],[40.2191,43.319],[40.3351,43.1409],[40.5799,43.0888],[40.856,43.0631],[41.0231,42.99],[41.1502,42.7956],[41.3835,42.7573],[41.5002,42.6406],[41.5549,42.3898],[41.6641,42.114],[41.7557,42.0064],[41.7739,41.8216],[41.676,41.6622],[41.5208,41.5142],[41.695,41.4891],[41.8008,41.4257],[41.948,41.5056],[42.1584,41.4999],[42.4379,41.4309],[42.5652,41.5671],[42.9577,41.437],[43.1239,41.3129],[43.2306,41.1726],[43.3226,41.1921],[43.4404,41.1066],[43.7297,41.1067],[43.8632,41.159],[44.1247,41.1781],[44.191,41.23],[44.5515,41.177],[44.6129,41.2231],[45.0024,41.2905],[45.2496,41.4445],[45.4648,41.4302],[45.7207,41.3424],[45.7097,41.2677],[45.9692,41.1683],[46.2106,41.2002],[46.4968,41.0448],[46.6211,41.1146],[46.6948,41.2698],[46.5916,41.3729],[46.2967,41.5104],[46.1928,41.6102],[46.4309,41.8904],[46.2243,41.9935],[45.9476,42.0229],[45.6214,42.2245],[45.7364,42.4475],[45.6987,42.5076],[45.4793,42.5423],[45.356,42.52],[45.1842,42.6748],[44.8594,42.7595],[44.7611,42.6192],[44.6794,42.7237],[44.5583,42.7531],[44.272,42.7024],[44.1974,42.6291],[43.9397,42.5522],[43.7511,42.5987],[43.8006,42.7465],[43.5174,42.8605],[43.1943,42.9268],[42.9898,43.0527],[43.0001,43.0987],[42.7515,43.177],[42.5959,43.14],[42.4229,43.229],[42.1854,43.2255],[42.0753,43.1853],[41.5506,43.2263],[41.3807,43.3348],[41.0118,43.3754],[40.6519,43.539],[40.4798,43.5087],[40.2331,43.5758],[40.0592,43.5352],[39.986,43.389]]]},"properties":{"ADMIN":"Georgia","ADM0_A3":"GEO","NAME_EN":"Georgia","LABEL_X":43.735724,"LABEL_Y":41.870087,"FCLASS_IN":""}},
{"type":"Feature","geometry":{"type":"Polygon","coordinates":[[[20.5671,41.8732],[20.5004,41.7341],[20.5346,41.594],[20.4442,41.5497],[20.5402,41.4007],[20.4777,41.3196],[20.577,41.0935],[20.6641,41.0591],[20.7027,40.9363],[20.9399,40.9071],[20.9653,40.8494],[21.2954,40.8609],[21.3813,40.9005],[21.5816,40.8663],[21.737,40.9192],[21.9091,41.0975],[22.1832,41.1599],[22.4218,41.1146],[22.7272,41.1658],[22.7513,41.3152],[22.917,41.3358],[22.9337,41.5846],[23.0096,41.7164],[22.8808,41.8727],[22.8437,42.0145],[22.5311,42.1291],[22.345,42.3134],[22.2334,42.3489],[22.0955,42.3058],[21.9415,42.3331],[21.6769,42.2349],[21.3538,42.216],[21.2378,42.0974],[21.0985,42.196],[20.7654,42.0643],[20.7505,41.9068],[20.5671,41.8732]]]},"properties":{"ADMIN":"North Macedonia","ADM0_A3":"MKD","NAME_EN":"North Macedonia","LABEL_X":21.555839,"LABEL_Y":41.558223,"FCLASS_IN":""}},
{"type":"Feature","geometry":{"type":"Polygon","coordinates":[[[20.5671,41.8732],[20.5993,41.9479],[20.5008,42.2112],[20.3334,42.3179],[20.2496,42.3186],[20.1355,42.5096],[20.065,42.5468],[19.8196,42.4665],[19.605,42.5848],[19.272,42.1807],[19.3749,42.0947],[19.3651,41.8524],[19.5852,41.8185],[19.5652,41.5851],[19.4142,41.3828],[19.5166,41.2564],[19.4142,40.8688],[19.3098,40.6444],[19.4788,40.4539],[19.4762,40.2137],[19.8552,40.0499],[19.9064,39.9127],[20.0163,39.845],[19.9998,39.6935],[20.1999,39.6401],[20.2995,39.7282],[20.318,39.9184],[20.4328,40.0638],[20.6402,40.0901],[20.707,40.2881],[20.8267,40.4648],[20.9119,40.4595],[21.0367,40.6397],[20.9635,40.7361],[20.9653,40.8494],[20.9399,40.9071],[20.7027,40.9363],[20.6641,41.0591],[20.577,41.0935],[20.4777,41.3196],[20.5402,41.4007],[20.4442,41.5497],[20.5346,41.594],[20.5004,41.7341],[20.5671,41.8732]]]},"properties":{"ADMIN":"Albania","ADM0_A3":"ALB","NAME_EN":"Albania","LABEL_X":20.11384,"LABEL_Y":40.654855,"FCLASS_IN":""}},
{"type":"Feature","geometry":{"type":"MultiPolygon","coordinates":[[[[45.0024,41.2905],[45.052,41.1921],[45.1868,41.1569],[45.2216,41.0144],[45.4164,40.9613],[45.5379,40.8759],[45.5559,40.7766],[45.3736,40.6753],[45.5262,40.441],[45.9792,40.2236],[45.8738,40.0098],[45.6396,40.0254],[45.8619,39.8045],[45.9792,39.7685],[46.2065,39.5879],[46.3437,39.6186],[46.5273,39.5382],[46.3746,39.3788],[46.5979,39.2251],[46.4793,39.1148],[46.514,38.8822],[46.7448,39.0403],[46.8662,39.1654],[47.0205,39.19],[47.1022,39.3084],[47.2914,39.3796],[47.3742,39.4556],[47.5541,39.522],[47.8469,39.6853],[48.052,39.6501],[48.3389,39.3789],[48.1246,39.2976],[48.1422,39.1812],[48.3068,39.0454],[48.2432,38.9739],[48.0585,38.9484],[48.013,38.8216],[48.2104,38.7298],[48.3103,38.6002],[48.4337,38.57],[48.6079,38.396],[48.8743,38.4341],[48.8631,38.7567],[48.9676,39.1838],[49.0589,39.1728],[49.1939,39.0163],[49.2371,39.279],[49.4089,39.3864],[49.2957,39.4767],[49.318,39.6214],[49.4236,39.7095],[49.3948,39.7825],[49.4839,39.9887],[49.4426,40.0784],[49.5772,40.2167],[49.7783,40.2758],[49.8934,40.369],[50.23,40.3428],[50.3359,40.406],[50.2376,40.4962],[50.052,40.5843],[49.8587,40.5666],[49.5896,40.6252],[49.5108,40.6879],[49.5388,40.7881],[49.382,40.8666],[49.1955,41.0573],[49.1359,41.275],[49.0425,41.4144],[48.6554,41.8006],[48.5789,41.8453],[48.3702,41.5802],[48.0535,41.4613],[47.8711,41.2082],[47.7437,41.1927],[47.3756,41.2594],[47.2684,41.3028],[47.2315,41.4275],[47.1075,41.5699],[47.027,41.5569],[46.9069,41.7069],[46.745,41.8401],[46.5499,41.7978],[46.4309,41.8904],[46.1928,41.6102],[46.2967,41.5104],[46.5916,41.3729],[46.6948,41.2698],[46.6211,41.1146],[46.4968,41.0448],[46.2106,41.2002],[45.9692,41.1683],[45.7097,41.2677],[45.7207,41.3424],[45.4648,41.4302],[45.2496,41.4445],[45.0024,41.2905]]],[[[46.1359,38.8637],[45.9581,39.1515],[45.9588,39.2724],[45.767,39.3544],[45.7881,39.549],[45.7147,39.5695],[45.4575,39.4893],[45.1679,39.5655],[45.1413,39.6844],[45.0335,39.7704],[44.7746,39.7028],[44.807,39.6399],[44.8864,39.606],[44.957,39.4345],[45.0517,39.3868],[45.1789,39.2198],[45.3482,39.1639],[45.4386,39.0042],[46.1359,38.8637]]]]},"properties":{"ADMIN":"Azerbaijan","ADM0_A3":"AZE","NAME_EN":"Azerbaijan","LABEL_X":47.210994,"LABEL_Y":40.402387,"FCLASS_IN":""}},
{"type":"Feature","geometry":{"type":"Polygon","coordinates":[[[20.065,42.5468],[20.1355,42.5096],[20.2496,42.3186],[20.3334,42.3179],[20.5008,42.2112],[20.5993,41.9479],[20.5671,41.8732],[20.7505,41.9068],[20.7654,42.0643],[21.0985,42.196],[21.2378,42.0974],[21.3538,42.216],[21.6769,42.2349],[21.9415,42.3331],[22.0955,42.3058],[22.2334,42.3489],[22.345,42.3134],[22.5088,42.4049],[22.5249,42.5077],[22.4297,42.5714],[22.506,42.8701],[22.727,42.8869],[22.7764,42.9797],[22.9353,43.0856],[22.9155,43.2122],[22.8045,43.329],[22.5189,43.4742],[22.4729,43.6359],[22.3495,43.8079],[22.3996,43.9933],[22.6047,44.0794],[22.6916,44.2284],[22.6815,44.3053],[22.5051,44.4041],[22.4841,44.4998],[22.6212,44.6374],[22.4837,44.724],[22.3197,44.6853],[22.1851,44.5151],[22.1043,44.5096],[22.0043,44.6515],[21.8554,44.6985],[21.6563,44.6877],[21.5584,44.7817],[21.4122,44.7848],[21.3685,44.8649],[21.4933,45.1451],[20.9815,45.3328],[20.7607,45.4933],[20.7134,45.7333],[20.5721,45.8877],[20.3386,45.9928],[20.2428,46.1081],[19.9292,46.1635],[19.7905,46.1291],[19.5499,46.1642],[19.2635,45.9814],[18.9013,45.9312],[18.845,45.8157],[19.0181,45.5674],[18.9755,45.3911],[19.1041,45.2987],[19.2897,45.2363],[19.0823,45.0849],[19.1317,44.9532],[19.0158,44.8656],[19.1743,44.9254],[19.3687,44.8871],[19.3284,44.734],[19.1299,44.5183],[19.1072,44.3827],[19.1772,44.287],[19.6189,44.0357],[19.5522,43.9834],[19.2754,43.9333],[19.4617,43.7621],[19.4817,43.5608],[19.3634,43.6016],[19.1953,43.5328],[19.2184,43.4382],[19.3556,43.3931],[19.6187,43.1682],[19.8051,43.09],[19.9292,43.1139],[20.1169,42.9767],[20.3371,42.907],[20.3454,42.8274],[20.0763,42.7734],[20.065,42.5468]]]},"properties":{"ADMIN":"Republic of Serbia","ADM0_A3":"SRB","NAME_EN":"Serbia","LABEL_X":20.787989,"LABEL_Y":44.189919,"FCLASS_IN":""}},
{"type":"Feature","geometry":{"type":"MultiPolygon","coordinates":[[[[43.4404,41.1066],[43.3226,41.1921],[43.2306,41.1726],[43.1239,41.3129],[42.9577,41.437],[42.5652,41.5671],[42.4379,41.4309],[42.1584,41.4999],[41.948,41.5056],[41.8008,41.4257],[41.695,41.4891],[41.5208,41.5142],[41.3904,41.3793],[41.0203,41.2237],[40.8275,41.1979],[40.6983,41.0981],[40.4649,41.0504],[40.1428,40.9228],[39.9994,40.9821],[39.8587,40.9643],[39.5921,41.0251],[39.4302,41.1125],[39.2732,41.0504],[39.1565,41.0777],[38.9275,41.0426],[38.7176,40.9548],[38.3309,40.9179],[37.9817,40.9902],[37.8958,40.9821],[37.655,41.1176],[37.5047,41.0429],[37.2634,41.1479],[37.0397,41.1815],[36.9849,41.2945],[36.8367,41.3508],[36.6199,41.3751],[36.451,41.2404],[36.2368,41.3589],[36.1345,41.4619],[36.1205,41.6278],[36.0449,41.7015],[35.8938,41.7075],[35.5301,41.6343],[35.2248,41.7619],[35.0986,41.9127],[35.1045,42.0219],[34.9481,42.0988],[34.889,42.0078],[34.6942,41.9459],[34.4827,41.9752],[34.3313,41.9479],[33.3245,42.019],[32.9261,41.8818],[32.6126,41.8395],[32.2634,41.7202],[32.1341,41.5994],[31.6589,41.3979],[31.4036,41.3165],[31.4011,41.2021],[31.2489,41.1057],[30.8333,41.0799],[30.2713,41.2112],[30.1369,41.1438],[29.8846,41.149],[29.2318,41.2407],[29.1301,41.2119],[29.0281,40.9821],[29.2639,40.8698],[29.3569,40.7624],[29.2816,40.6659],[28.9863,40.6448],[28.7927,40.5533],[28.9167,40.4709],[29.1115,40.4661],[29.0657,40.3757],[28.772,40.4025],[28.6377,40.3652],[28.348,40.404],[28.112,40.3961],[27.9699,40.503],[27.76,40.5371],[27.6843,40.5023],[27.8674,40.3689],[27.7898,40.3205],[27.4523,40.322],[27.3034,40.4584],[27.0964,40.4523],[27.0134,40.3925],[26.7356,40.4036],[26.5007,40.213],[26.408,40.1937],[26.311,40.0195],[26.1526,39.9426],[26.1482,39.626],[26.07,39.4963],[26.1528,39.4592],[26.8934,39.5844],[26.926,39.4858],[26.6703,39.306],[26.8831,39.0716],[26.8065,38.9501],[26.9624,38.9401],[27.0134,38.8712],[26.7191,38.7209],[26.8489,38.5974],[26.9386,38.4342],[26.7669,38.3641],[26.6118,38.4162],[26.6304,38.5192],[26.5056,38.6527],[26.3486,38.6213],[26.4759,38.3669],[26.2654,38.2867],[26.6071,38.1083],[26.6359,38.2036],[26.7603,38.2167],[26.8649,38.0404],[26.9492,38.0674],[27.1164,37.9941],[27.2391,37.9879],[27.2495,37.7443],[27.1272,37.6885],[27.2085,37.5969],[27.1908,37.3573],[27.3303,37.3516],[27.5532,37.2729],[27.5545,37.1301],[27.4751,37.0925],[27.303,37.1196],[27.2288,37.0618],[27.2632,36.9634],[27.4837,36.9908],[27.7804,36.9936],[27.9866,37.0351],[28.0418,36.9389],[28.0418,36.7199],[28.1115,36.6042],[28.2531,36.7279],[28.2367,36.8132],[28.4248,36.8291],[28.6035,36.7335],[28.8635,36.6926],[28.9563,36.7275],[29.0964,36.6652],[29.1243,36.4182],[29.3223,36.2469],[29.6022,36.207],[29.7953,36.1452],[29.9116,36.217],[30.1447,36.2543],[30.2546,36.3083],[30.4408,36.2393],[30.5199,36.3419],[30.4746,36.4016],[30.5698,36.528],[30.5698,36.7813],[30.6865,36.8912],[31.3408,36.8086],[31.4076,36.7634],[32.0261,36.5434],[32.3655,36.178],[32.6707,36.0467],[32.8037,36.0272],[32.9409,36.1035],[33.134,36.1318],[33.5442,36.1445],[34.0779,36.3288],[34.0773,36.4139],[34.2762,36.587],[34.5547,36.7676],[34.7708,36.8161],[35.348,36.5444],[35.5134,36.613],[35.6314,36.6072],[35.6067,36.7404],[35.8054,36.7751],[36.0203,36.9263],[36.189,36.8017],[36.1891,36.604],[36.0374,36.527],[35.7887,36.3203],[35.9754,36.0185],[35.9113,35.9178],[36.1385,35.8198],[36.1969,35.9517],[36.3555,36.0224],[36.3605,36.1817],[36.4986,36.2279],[36.5878,36.3248],[36.5355,36.494],[36.6033,36.747],[36.6586,36.8275],[36.9647,36.7538],[37.0145,36.6423],[37.2419,36.6586],[37.4461,36.6342],[37.6541,36.7321],[37.8197,36.7605],[38.1901,36.9055],[38.5294,36.8337],[38.6641,36.7195],[38.7954,36.6867],[39.0322,36.7012],[39.2396,36.6613],[39.7653,36.7422],[40.1901,36.8844],[40.3937,36.994],[40.709,37.1005],[40.8964,37.1227],[41.2013,37.065],[41.4798,37.0756],[42.0092,37.1756],[42.1785,37.3063],[42.3532,37.227],[42.3572,37.11],[42.5613,37.1466],[42.7716,37.3749],[42.937,37.3202],[43.0837,37.3688],[43.3361,37.3202],[43.4796,37.2434],[43.8936,37.2249],[43.9904,37.3125],[44.2232,37.2541],[44.18,37.0876],[44.2343,36.9837],[44.4281,37.0648],[44.5782,37.1664],[44.7661,37.1419],[44.8016,37.2927],[44.5659,37.4472],[44.5961,37.7164],[44.4505,37.7666],[44.3779,37.8541],[44.2196,37.8753],[44.2215,37.9688],[44.3338,38.1009],[44.4247,38.377],[44.2895,38.3823],[44.297,38.6223],[44.2486,38.7218],[44.275,38.8436],[44.1392,38.994],[44.1866,39.1451],[44.0777,39.2001],[44.0614,39.4003],[44.2695,39.3829],[44.4048,39.4344],[44.4595,39.6985],[44.5657,39.7659],[44.807,39.6399],[44.7746,39.7028],[44.4643,39.9723],[44.2553,40.0434],[44.0324,40.0086],[43.6654,40.1102],[43.7214,40.1694],[43.5942,40.3454],[43.7294,40.6771],[43.7113,40.7816],[43.6049,40.9633],[43.4605,41.0229],[43.4404,41.1066]]],[[[28.0168,41.9726],[27.808,41.9935],[27.5332,41.9081],[27.2734,42.0917],[27.0226,42.0739],[26.9389,41.9962],[26.6236,41.969],[26.5261,41.8242],[26.3755,41.8166],[26.3334,41.713],[26.5963,41.5975],[26.6366,41.3785],[26.3317,41.2541],[26.3591,40.9647],[26.2604,40.9204],[26.1345,40.7671],[26.044,40.7385],[26.0769,40.6118],[26.3026,40.6011],[26.7904,40.6606],[26.8289,40.602],[26.2191,40.3314],[26.3758,40.1535],[26.4447,40.2416],[26.6167,40.3595],[26.6834,40.4555],[27.0475,40.6122],[27.1777,40.6326],[27.4248,40.8313],[27.5242,40.9892],[27.7378,41.0126],[27.9413,40.9711],[28.013,41.0407],[28.2367,41.0852],[28.6253,40.9684],[28.822,40.9616],[28.9819,41.0017],[29.1092,41.2353],[28.9085,41.2665],[28.3843,41.4475],[28.1133,41.6116],[27.972,41.8223],[28.0168,41.9726]]],[[[26.0122,40.1666],[25.9133,40.2413],[25.759,40.2067],[25.766,40.0972],[26.0122,40.1666]]]]},"properties":{"ADMIN":"Turkey","ADM0_A3":"TUR","NAME_EN":"Turkey","LABEL_X":34.508268,"LABEL_Y":39.345388,"FCLASS_IN":""}},
{"type":"Feature","geometry":{"type":"MultiPolygon","coordinates":[[[[-1.7941,43.386],[-2.0989,43.3041],[-2.3674,43.3157],[-2.7558,43.4503],[-2.9301,43.4379],[-3.1124,43.3541],[-3.47,43.4542],[-3.5544,43.5169],[-3.8267,43.497],[-4.1886,43.4054],[-4.7349,43.4171],[-5.1779,43.4894],[-5.4242,43.5611],[-6.2228,43.5959],[-6.5101,43.5475],[-6.6487,43.579],[-7.2301,43.5686],[-7.3671,43.6801],[-7.5414,43.7316],[-7.7738,43.7426],[-8.0593,43.7094],[-8.0867,43.6565],[-8.3082,43.5463],[-8.3331,43.4715],[-8.506,43.3315],[-8.6931,43.2934],[-8.8412,43.3389],[-9.0524,43.1964],[-9.2176,43.1553],[-9.251,43.0168],[-9.1414,42.9214],[-9.1134,42.7661],[-8.9774,42.7923],[-9.0709,42.5961],[-8.823,42.5695],[-8.8675,42.4147],[-8.7958,42.2582],[-8.8986,42.1018],[-8.8787,41.9071],[-8.7508,41.969],[-8.6269,42.051],[-8.3467,42.1017],[-8.2224,42.1536],[-8.108,42.0109],[-8.2317,41.886],[-8.0486,41.8164],[-7.722,41.8993],[-7.5884,41.8242],[-7.2515,41.8637],[-7.1454,41.9875],[-6.6568,41.9331],[-6.5242,41.8674],[-6.5553,41.6749],[-6.3659,41.6636],[-6.2059,41.5703],[-6.321,41.4196],[-6.4959,41.2949],[-6.6466,41.2676],[-6.818,41.0541],[-6.9425,41.016],[-6.8367,40.8402],[-6.8143,40.6472],[-6.8571,40.4421],[-6.7944,40.3564],[-7.0431,40.1814],[-6.8797,40.0092],[-7.0358,39.6893],[-7.5573,39.6798],[-7.5158,39.5938],[-7.3135,39.4574],[-7.3267,39.3413],[-7.1675,39.1135],[-7.0388,39.1091],[-6.9733,39.014],[-7.0561,38.8551],[-7.2704,38.7375],[-7.3592,38.4464],[-7.1672,38.2721],[-7.1269,38.1909],[-6.9475,38.1966],[-7.024,38.0226],[-7.1233,38.04],[-7.2686,37.9492],[-7.3344,37.8119],[-7.4263,37.7506],[-7.5297,37.5672],[-7.4759,37.4942],[-7.4144,37.1928],[-7.0294,37.2055],[-6.7449,37.1014],[-6.4996,36.9597],[-6.3589,36.7858],[-6.3947,36.6369],[-6.2349,36.5758],[-6.2184,36.4025],[-6.0368,36.1895],[-5.9172,36.1841],[-5.7961,36.0855],[-5.6118,36.0065],[-5.4455,36.0574],[-5.3584,36.1411],[-5.3388,36.1411],[-5.1866,36.4112],[-4.9027,36.5065],[-4.7228,36.493],[-4.5248,36.5807],[-4.4333,36.7107],[-4.0567,36.748],[-3.6011,36.7426],[-3.4152,36.6955],[-3.2279,36.7548],[-2.9333,36.7517],[-2.7567,36.6804],[-2.6589,36.6948],[-2.5769,36.8113],[-2.3617,36.8368],[-2.2036,36.7371],[-2.0712,36.7753],[-1.8987,36.9501],[-1.8127,37.2071],[-1.6709,37.3633],[-1.4884,37.4332],[-1.3237,37.562],[-1.0699,37.5826],[-0.9252,37.5559],[-0.7053,37.6195],[-0.8526,37.7238],[-0.7184,37.943],[-0.6545,37.9893],[-0.6095,38.178],[-0.3294,38.47],[-0.0902,38.5353],[-0.0148,38.6244],[0.2341,38.7579],[0.154,38.831],[-0.0098,38.8697],[-0.21,39.0787],[-0.2155,39.1818],[-0.3013,39.322],[-0.3234,39.5162],[-0.1945,39.7154],[0.2053,40.1715],[0.3506,40.2849],[0.5485,40.5723],[0.8724,40.7071],[0.7142,40.8152],[0.9904,41.0397],[1.5392,41.1874],[2.0603,41.2746],[2.2967,41.4653],[2.7785,41.6456],[3.1502,41.8454],[3.2357,41.9655],[3.1225,42.1405],[3.181,42.4315],[2.9337,42.4702],[2.4649,42.3406],[2.2774,42.4286],[2.0517,42.3524],[1.9275,42.4369],[1.707,42.5028],[1.4479,42.4346],[1.4293,42.5954],[1.3191,42.7134],[1.1343,42.716],[1.0682,42.7761],[0.6563,42.8384],[0.6082,42.688],[0.2754,42.6687],[0.1692,42.7265],[-0.0389,42.6851],[-0.3074,42.8318],[-0.5612,42.7735],[-0.7301,42.8775],[-0.7597,42.9465],[-0.9815,42.957],[-1.2749,43.0468],[-1.435,43.0357],[-1.4035,43.2433],[-1.7474,43.291],[-1.7941,43.386]]],[[[-17.9339,27.852],[-18.0568,27.7565],[-17.9941,27.6422],[-17.8793,27.8145],[-17.9339,27.852]]],[[[-15.3916,28.0302],[-15.4156,28.1415],[-15.7062,28.1674],[-15.7252,28.0569],[-15.8161,27.996],[-15.786,27.8442],[-15.578,27.7344],[-15.3778,27.8523],[-15.3916,28.0302]]],[[[-17.3097,28.2071],[-17.3432,28.0977],[-17.2327,28.0191],[-17.0984,28.1008],[-17.2127,28.2054],[-17.3097,28.2071]]],[[[-16.4277,28.1497],[-16.3555,28.3811],[-16.2314,28.4884],[-16.3002,28.5666],[-16.5071,28.4241],[-16.9161,28.355],[-16.8371,28.209],[-16.6763,27.9971],[-16.5458,28.024],[-16.4277,28.1497]]],[[[-13.9726,28.7359],[-14.1464,28.4233],[-14.2122,28.1605],[-13.9668,28.228],[-13.8478,28.3974],[-13.8355,28.7155],[-13.9726,28.7359]]],[[[-17.7558,28.8185],[-17.9111,28.8556],[-18.0022,28.7496],[-17.8309,28.4554],[-17.721,28.7306],[-17.7558,28.8185]]],[[[-13.483,29.2399],[-13.5261,29.1503],[-13.7506,29.0806],[-13.8321,29.0004],[-13.8597,28.8594],[-13.482,28.9995],[-13.483,29.2399]]],[[[1.606,39.0913],[1.3568,39.0776],[1.2122,38.9032],[1.3435,38.8624],[1.5098,38.9302],[1.606,39.0913]]],[[[3.3545,39.7844],[3.2925,39.7497],[3.1248,39.8111],[3.1409,39.9281],[2.9333,39.9145],[2.7039,39.8142],[2.5697,39.7131],[2.3577,39.6119],[2.4927,39.4702],[2.6553,39.5647],[2.7549,39.5026],[2.7617,39.4002],[2.9588,39.3632],[3.0608,39.2691],[3.221,39.3599],[3.406,39.592],[3.4685,39.7393],[3.3545,39.7844]]],[[[4.3029,39.9255],[4.1078,40.0676],[3.8219,40.0476],[3.8693,39.9255],[4.0151,39.9258],[4.2481,39.8165],[4.3029,39.9255]]]]},"properties":{"ADMIN":"Spain","ADM0_A3":"ESP","NAME_EN":"Spain","LABEL_X":-3.464718,"LABEL_Y":40.090953,"FCLASS_IN":""}},
{"type":"Feature","geometry":{"type":"Polygon","coordinates":[[[102.1187,22.3975],[102.0146,22.4461],[101.8178,22.4063],[101.7132,22.4915],[101.6545,22.4461],[101.6061,22.2848],[101.5182,22.2282],[101.6068,21.9676],[101.7515,21.8064],[101.7285,21.7175],[101.7225,21.3042],[101.8237,21.2345],[101.756,21.1433],[101.4951,21.2428],[101.2753,21.1741],[101.209,21.2455],[101.2348,21.3637],[101.1714,21.4034],[101.159,21.5527],[101.0034,21.406],[100.792,21.2974],[100.7254,21.3117],[100.6376,21.0697],[100.5435,21.0274],[100.5157,20.8865],[100.3837,20.8317],[100.2113,20.6974],[100.1493,20.5481],[100.0993,20.3178],[100.3065,20.3997],[100.3644,20.369],[100.5434,20.0666],[100.4743,19.8654],[100.3835,19.7639],[100.462,19.5371],[100.607,19.5409],[100.7455,19.485],[100.8746,19.6129],[101.1247,19.5651],[101.1929,19.4528],[101.2291,19.1436],[101.3179,19.0501],[101.2329,18.8927],[101.2401,18.6736],[101.0303,18.4278],[101.1455,18.3362],[101.1284,18.2457],[101.1652,18.0534],[101.0083,17.8952],[100.9019,17.5619],[101.1323,17.4617],[101.247,17.5922],[101.5776,17.8681],[101.7291,17.9122],[101.7904,18.0736],[101.9043,18.0371],[102.0785,18.2138],[102.1535,18.2101],[102.3067,18.0515],[102.4122,17.9942],[102.5675,17.9708],[102.5956,17.8501],[102.7222,17.8818],[102.9386,18.0089],[103.0379,17.9907],[103.0799,18.1348],[103.1386,18.1667],[103.2608,18.4002],[103.3968,18.4414],[103.6071,18.4004],[103.8321,18.3207],[104,18.3184],[104.1109,18.1146],[104.2109,18.0086],[104.2876,17.8567],[104.3526,17.8193],[104.4812,17.6404],[104.7145,17.5153],[104.8164,17.3728],[104.8099,17.1717],[104.7453,17.0248],[104.7783,16.7158],[104.7545,16.5289],[105.0155,16.2767],[105.0425,16.1414],[105.2372,16.0508],[105.4049,16.0188],[105.3726,15.8821],[105.448,15.7649],[105.6129,15.7215],[105.651,15.6346],[105.5884,15.4238],[105.4863,15.3749],[105.564,15.2725],[105.4438,15.1338],[105.5836,14.9776],[105.4891,14.7863],[105.5101,14.5936],[105.416,14.4282],[105.1843,14.3457],[105.2569,14.1824],[105.3479,14.1061],[105.5332,14.1643],[105.6173,14.103],[105.744,14.0869],[105.8731,13.9369],[106.0492,13.9155],[106.1446,14.0724],[106.0125,14.2258],[105.9692,14.332],[106.1541,14.3675],[106.236,14.4844],[106.4192,14.4665],[106.5125,14.5904],[106.6054,14.4666],[106.7072,14.4293],[106.793,14.3226],[106.9461,14.3235],[107.2112,14.4935],[107.2873,14.5985],[107.4149,14.5434],[107.5204,14.7046],[107.4909,14.8042],[107.5553,14.8762],[107.4456,15.0254],[107.578,15.0472],[107.6576,15.2824],[107.5732,15.4112],[107.3693,15.4961],[107.1603,15.7587],[107.1752,15.8485],[107.3906,15.9358],[107.4356,16.0688],[107.299,16.0642],[107.1544,16.166],[107.1169,16.2546],[106.9673,16.2999],[106.8599,16.4118],[106.6552,16.4708],[106.6402,16.5866],[106.5351,16.6835],[106.5334,16.9727],[106.4203,16.9887],[106.26,17.2892],[106.1854,17.2574],[106.0193,17.3945],[105.846,17.598],[105.7353,17.664],[105.5942,17.8881],[105.606,17.9641],[105.476,18.1273],[105.3683,18.15],[105.1567,18.3198],[105.08,18.4544],[105.1695,18.6306],[105.1127,18.6983],[104.722,18.792],[104.4809,18.9777],[104.1477,19.1829],[103.9728,19.2253],[103.8567,19.3172],[104.0388,19.4134],[104.09,19.4837],[104.0887,19.6519],[104.229,19.706],[104.3801,19.6853],[104.5058,19.6028],[104.6231,19.6181],[104.6548,19.698],[104.805,19.7909],[104.7807,19.9081],[104.9532,20.0093],[104.908,20.1753],[104.8192,20.221],[104.6571,20.2127],[104.6809,20.341],[104.5755,20.4141],[104.3598,20.4397],[104.445,20.5346],[104.5426,20.5357],[104.6007,20.6605],[104.3891,20.771],[104.2953,20.8798],[104.0567,20.9588],[103.7756,20.8349],[103.6654,20.6583],[103.4266,20.8207],[103.3638,20.7876],[103.1153,20.8684],[103.0145,21.0405],[102.9516,21.069],[102.8879,21.2269],[102.895,21.4953],[102.9741,21.5753],[102.9478,21.7371],[102.7867,21.7399],[102.6507,21.6578],[102.591,21.9014],[102.4829,22.0214],[102.2262,22.2284],[102.1187,22.3975]]]},"properties":{"ADMIN":"Laos","ADM0_A3":"LAO","NAME_EN":"Laos","LABEL_X":102.533912,"LABEL_Y":19.431821,"FCLASS_IN":""}},
{"type":"Feature","geometry":{"type":"Polygon","coordinates":[[[80.2103,42.1895],[79.9179,42.4244],[79.6965,42.4598],[79.4764,42.454],[79.2421,42.6298],[79.1483,42.791],[79.0309,42.7562],[78.6871,42.8046],[78.4961,42.8756],[78.0306,42.8547],[77.907,42.8913],[77.1637,42.922],[76.9569,42.9885],[76.6888,42.9103],[76.4045,42.8892],[76.2545,42.9212],[75.7706,42.9256],[75.6462,42.8061],[75.1786,42.8497],[74.8629,42.9758],[74.7139,42.9999],[74.5582,43.115],[74.2587,43.2158],[74.0399,43.1819],[73.6341,43.0625],[73.493,42.895],[73.5036,42.7941],[73.41,42.5896],[73.5055,42.4209],[73.1151,42.5508],[72.8408,42.5557],[72.7258,42.6529],[72.4767,42.6826],[72.2924,42.7611],[72.1049,42.7503],[71.8477,42.8341],[71.5836,42.7596],[71.4046,42.7949],[71.149,42.6779],[71.127,42.5906],[71.0032,42.5635],[70.9398,42.3878],[70.9478,42.2481],[71.0776,42.2812],[71.2179,42.2064],[70.9771,42.0442],[70.8455,42.0304],[70.8251,41.9363],[70.5501,41.8241],[70.4537,41.7121],[70.1693,41.5783],[70.4772,41.4047],[70.6338,41.4675],[70.7597,41.3725],[70.7563,41.2696],[70.9142,41.193],[71.2761,41.1132],[71.4215,41.1621],[71.4126,41.3347],[71.5855,41.3235],[71.6841,41.5341],[71.863,41.3122],[71.8716,41.1945],[72.1699,41.1687],[72.1856,41.0411],[72.4767,41.0118],[72.6195,40.8801],[73.0034,40.8702],[73.118,40.7829],[72.7839,40.6697],[72.7484,40.5751],[72.5858,40.5087],[72.4479,40.5605],[72.3705,40.3856],[72.2359,40.4599],[72.0993,40.4264],[71.6731,40.1479],[71.3651,40.2941],[70.959,40.2384],[70.6394,40.0849],[70.6274,39.9939],[70.1472,40.137],[69.9696,40.2116],[69.5755,40.1036],[69.314,39.9869],[69.2263,39.751],[69.2911,39.6589],[69.2862,39.5397],[69.4961,39.5326],[69.6694,39.5778],[69.8304,39.5362],[70.0197,39.5686],[70.206,39.5241],[70.46,39.5995],[70.6221,39.5635],[70.7397,39.3862],[71.0093,39.4076],[71.0629,39.4956],[71.2369,39.5145],[71.4595,39.6121],[71.4921,39.4937],[71.7403,39.4483],[71.7329,39.2851],[71.8435,39.285],[72.0498,39.3689],[72.2033,39.2408],[72.3163,39.3288],[72.6505,39.3938],[72.8353,39.3562],[73.1679,39.3554],[73.3676,39.4438],[73.6326,39.4483],[73.8207,39.4682],[73.9268,39.5929],[73.823,39.8057],[74.004,40.0608],[74.1676,40.1064],[74.3699,40.1058],[74.7058,40.3313],[74.8354,40.5116],[75.0391,40.4411],[75.1939,40.4413],[75.4818,40.6141],[75.5599,40.6329],[75.6669,40.4502],[75.6818,40.2917],[75.9215,40.3091],[76.2442,40.4412],[76.3302,40.3481],[76.4491,40.4155],[76.6242,40.6275],[76.6308,40.7289],[76.7708,40.8671],[76.861,41.0132],[77.333,41.0206],[77.4749,40.982],[77.6656,41.0013],[77.8667,41.0641],[78.075,41.0395],[78.3597,41.2875],[78.3599,41.3775],[78.6192,41.4781],[78.6721,41.5384],[78.9762,41.6418],[79.3041,41.7876],[79.411,41.7786],[79.611,41.8676],[79.7475,41.8797],[79.8429,42.0018],[80.1819,42.021],[80.2565,42.0844],[80.2103,42.1895]],[[71.1769,40.042],[71.2211,39.9317],[71.1137,39.8745],[70.953,40.0792],[71.1769,40.042]]]},"properties":{"ADMIN":"Kyrgyzstan","ADM0_A3":"KGZ","NAME_EN":"Kyrgyzstan","LABEL_X":74.532637,"LABEL_Y":41.66854,"FCLASS_IN":""}},
{"type":"Feature","geometry":{"type":"Polygon","coordinates":[[[45.0024,41.2905],[44.6129,41.2231],[44.5515,41.177],[44.191,41.23],[44.1247,41.1781],[43.8632,41.159],[43.7297,41.1067],[43.4404,41.1066],[43.4605,41.0229],[43.6049,40.9633],[43.7113,40.7816],[43.7294,40.6771],[43.5942,40.3454],[43.7214,40.1694],[43.6654,40.1102],[44.0324,40.0086],[44.2553,40.0434],[44.4643,39.9723],[44.7746,39.7028],[45.0335,39.7704],[45.1413,39.6844],[45.1679,39.5655],[45.4575,39.4893],[45.7147,39.5695],[45.7881,39.549],[45.767,39.3544],[45.9588,39.2724],[45.9581,39.1515],[46.1359,38.8637],[46.3919,38.9224],[46.514,38.8822],[46.4793,39.1148],[46.5979,39.2251],[46.3746,39.3788],[46.5273,39.5382],[46.3437,39.6186],[46.2065,39.5879],[45.9792,39.7685],[45.8619,39.8045],[45.6396,40.0254],[45.8738,40.0098],[45.9792,40.2236],[45.5262,40.441],[45.3736,40.6753],[45.5559,40.7766],[45.5379,40.8759],[45.4164,40.9613],[45.2216,41.0144],[45.1868,41.1569],[45.052,41.1921],[45.0024,41.2905]]]},"properties":{"ADMIN":"Armenia","ADM0_A3":"ARM","NAME_EN":"Armenia","LABEL_X":44.800564,"LABEL_Y":40.459077,"FCLASS_IN":""}},
{"type":"Feature","geometry":{"type":"MultiPolygon","coordinates":[[[[8.6608,54.8963],[8.8242,54.9059],[9.4375,54.8104],[9.5459,54.8793],[9.7445,54.8663],[9.7386,54.9809],[9.5685,55.0488],[9.4944,55.1605],[9.7103,55.2487],[9.5868,55.4274],[9.9817,55.7094],[10.0357,55.8184],[10.2454,55.9146],[10.259,56.099],[10.377,56.2033],[10.5492,56.1782],[10.75,56.2161],[10.9116,56.3341],[10.9641,56.4484],[10.7891,56.5364],[10.5515,56.5156],[10.3609,56.5617],[10.2659,56.9077],[10.4468,57.1849],[10.5391,57.2367],[10.5466,57.4353],[10.4304,57.5705],[9.967,57.5914],[9.5733,57.2429],[9.4121,57.1654],[8.9805,57.161],[8.7839,57.1048],[8.5863,57.1064],[8.2704,56.8432],[8.3734,56.6802],[8.4915,56.7314],[8.6795,56.9525],[9.1128,57.0386],[9.2887,56.9971],[9.1629,56.8941],[9.1844,56.784],[9.326,56.6694],[9.1494,56.6389],[9.106,56.8001],[8.8766,56.7643],[8.6011,56.5011],[8.4365,56.5802],[8.1224,56.5517],[8.1065,56.1195],[8.2824,56.0759],[8.3869,55.9265],[8.1936,55.8118],[8.094,55.5639],[8.2902,55.5838],[8.4419,55.4639],[8.6177,55.4379],[8.6895,55.1416],[8.6608,54.8963]]],[[[11.8452,54.7319],[11.7258,54.8734],[11.3689,54.8811],[11.2317,54.9612],[11.0188,54.9034],[11.0305,54.7606],[11.4518,54.6284],[11.8107,54.6551],[11.8452,54.7319]]],[[[12.4172,55.0302],[12.1292,54.9544],[12.2268,54.8926],[12.4172,55.0302]]],[[[10.0114,54.9755],[9.7991,55.0165],[9.7809,54.9168],[9.968,54.8595],[10.0114,54.9755]]],[[[10.855,55.0439],[10.6409,54.8432],[10.7411,54.7524],[10.855,55.0439]]],[[[15.1514,55.1332],[14.7521,55.2988],[14.6996,55.0892],[15.0727,54.9916],[15.1514,55.1332]]],[[[10.6663,55.0643],[10.7337,55.0718],[10.8284,55.3066],[10.6979,55.4403],[10.5025,55.4636],[10.4885,55.5455],[10.3076,55.6182],[9.8882,55.5087],[9.8122,55.4411],[9.884,55.2535],[10.113,55.1838],[10.3128,55.0637],[10.5383,55.0297],[10.6663,55.0643]]],[[[12.0404,54.893],[12.1489,54.9941],[12.0466,55.1401],[12.1828,55.2272],[12.3924,55.2553],[12.4446,55.3489],[12.2249,55.4349],[12.2482,55.5461],[12.465,55.6055],[12.6022,55.7086],[12.5127,55.9208],[12.6219,56.0438],[12.2451,56.1287],[11.8656,55.9727],[12.0261,55.9414],[11.7627,55.7495],[11.6409,55.9434],[11.2522,55.7291],[11.0711,55.6769],[11.2131,55.4158],[11.1621,55.3192],[11.2454,55.2148],[11.6494,55.181],[11.8828,54.9755],[11.7497,54.8731],[11.9607,54.6941],[12.1702,54.8383],[12.0404,54.893]]],[[[8.8259,56.7438],[8.8364,56.8693],[8.6484,56.8907],[8.5532,56.7681],[8.6484,56.6811],[8.8259,56.7438]]],[[[11.1423,57.3323],[10.855,57.2646],[11.0288,57.2019],[11.1423,57.3323]]]]},"properties":{"ADMIN":"Denmark","ADM0_A3":"DNK","NAME_EN":"Denmark","LABEL_X":9.018163,"LABEL_Y":55.966965,"FCLASS_IN":""}},
{"type":"Feature","geometry":{"type":"Polygon","coordinates":[[[11.5051,33.1812],[11.4565,32.9021],[11.4499,32.638],[11.5641,32.4655],[11.444,32.3685],[10.8732,32.1367],[10.8056,32.0324],[10.6059,31.9536],[10.5135,31.757],[10.264,31.6805],[10.1169,31.4944],[10.1081,31.4118],[10.2448,31.0782],[10.2702,30.9156],[10.1922,30.7313],[9.8713,30.3552],[9.7435,30.3313],[9.5197,30.2289],[9.2865,30.1171],[9.5497,29.8023],[9.6677,29.6083],[9.8261,29.1285],[9.8513,28.786],[9.777,28.2676],[9.9359,27.8667],[9.8216,27.5057],[9.7213,27.2919],[9.8255,26.9206],[9.9106,26.8431],[9.8963,26.6528],[9.8358,26.5042],[9.4826,26.3526],[9.3778,26.1689],[9.4012,26.1134],[9.9695,25.3954],[10.0214,25.268],[10.032,24.8563],[10.1934,24.7499],[10.2603,24.5766],[10.4502,24.4769],[10.7207,24.5523],[11.5086,24.3138],[11.5671,24.2668],[11.9689,23.5174],[12.8512,23.3205],[13.4823,23.1797],[13.5996,23.119],[14.2016,22.6232],[14.2317,22.6179],[14.9799,22.9957],[15.9646,23.4422],[15.9851,23.4447],[16.6938,23.0947],[17.4348,22.7288],[18.176,22.3628],[19.1641,21.8749],[19.9053,21.5089],[20.5228,21.2039],[21.6345,20.655],[22.2521,20.3501],[23.2402,19.8621],[23.9813,19.4961],[23.9813,19.9954],[24.968,19.995],[24.9808,20.5004],[24.9811,21.3724],[24.9812,21.9954],[24.9812,22.579],[24.9812,23.7463],[24.9812,24.6217],[24.9812,25.2054],[24.9812,26.0808],[24.9812,26.6645],[24.9812,27.6665],[24.9812,28.4915],[24.9812,29.1814],[24.8738,29.4683],[24.8707,29.6383],[24.8049,29.7548],[24.8116,29.8909],[24.6883,30.1442],[24.7724,30.331],[24.9077,30.4987],[24.9949,30.7851],[24.8595,31.146],[24.8613,31.3804],[25.0237,31.4944],[25.1509,31.6565],[24.9817,31.9679],[24.6703,32.0324],[24.5461,31.9914],[24.0907,32.0058],[23.9987,32.0939],[23.6697,32.1833],[23.2435,32.2206],[23.0956,32.3236],[23.1489,32.4781],[23.0864,32.6465],[22.5138,32.791],[22.3792,32.8703],[22.0962,32.9231],[21.8775,32.9032],[21.7163,32.9504],[21.6087,32.9307],[21.4546,32.8126],[21.2868,32.7711],[21.0967,32.7811],[20.7966,32.643],[20.5627,32.5578],[20.2617,32.3395],[20.0715,32.1764],[19.9401,31.9577],[19.9207,31.7177],[20.0222,31.3968],[20.1467,31.2168],[20.1467,31.0456],[20.0365,30.8191],[19.7489,30.5109],[19.6164,30.4214],[19.3386,30.2988],[19.0568,30.2662],[18.926,30.2934],[18.6532,30.4223],[18.3242,30.6569],[18.1753,30.7861],[17.9268,30.8552],[17.8486,30.9237],[17.4668,31.03],[17.3659,31.0866],[17.1603,31.1188],[16.728,31.2238],[16.3587,31.2271],[16.0446,31.2755],[15.7615,31.3881],[15.6228,31.4973],[15.4904,31.6649],[15.3705,31.9294],[15.3705,32.1591],[15.2831,32.3173],[15.196,32.3898],[14.9111,32.4439],[14.7268,32.4508],[14.4695,32.519],[14.1755,32.7177],[13.7871,32.7996],[13.5715,32.8028],[13.3517,32.9042],[13.1647,32.9127],[13.0745,32.8664],[12.7298,32.7986],[12.3483,32.8327],[12.1224,32.9213],[11.847,33.0828],[11.6358,33.1087],[11.5051,33.1812]]]},"properties":{"ADMIN":"Libya","ADM0_A3":"LBY","NAME_EN":"Libya","LABEL_X":18.011015,"LABEL_Y":26.638944,"FCLASS_IN":""}},
{"type":"Feature","geometry":{"type":"MultiPolygon","coordinates":[[[[11.5051,33.1812],[11.1795,33.2111],[11.1707,33.3318],[11.0899,33.4541],[11.1082,33.5496],[10.9779,33.6431],[10.9094,33.5396],[10.7171,33.4835],[10.7166,33.7069],[10.4893,33.6471],[10.3303,33.7028],[10.1631,33.8362],[10.0488,33.9835],[10.0052,34.1706],[10.1267,34.3256],[10.3787,34.4231],[10.4319,34.4963],[10.597,34.5447],[10.9163,34.8736],[10.9177,34.9574],[11.1116,35.2056],[11.0422,35.3344],[11.0577,35.4867],[11.012,35.6579],[10.8412,35.6988],[10.6086,35.8559],[10.4795,36.0793],[10.5191,36.3375],[10.7999,36.4519],[11.0221,36.7883],[11.1168,36.8384],[11.0127,37.0848],[10.7335,36.8958],[10.5669,36.8632],[10.5382,36.772],[10.3201,36.7488],[10.3472,36.8803],[10.2201,36.9766],[10.1463,37.2365],[10.0513,37.2666],[9.8159,37.1518],[9.7718,37.2133],[9.8589,37.3288],[9.6663,37.3354],[9.3425,37.2353],[9.2107,37.2338],[8.9876,37.1168],[8.802,36.9731],[8.6025,36.9395],[8.6238,36.8261],[8.444,36.7962],[8.4079,36.6426],[8.1699,36.5258],[8.3492,36.4488],[8.3171,36.1459],[8.2414,35.8277],[8.3236,35.6522],[8.3367,35.5084],[8.29,35.4026],[8.3174,35.2895],[8.4313,35.2417],[8.3137,35.1031],[8.2489,34.902],[8.2365,34.6477],[8.0941,34.5301],[7.8315,34.4144],[7.7743,34.261],[7.6315,34.1991],[7.5175,34.095],[7.4798,33.8939],[7.553,33.6587],[7.6932,33.4541],[7.7507,33.2077],[8.0868,33.0943],[8.2829,32.8364],[8.3196,32.5606],[8.4827,32.4348],[9.0199,32.1049],[9.045,32.0718],[9.2644,31.2193],[9.5197,30.2289],[9.7435,30.3313],[9.8713,30.3552],[10.1922,30.7313],[10.2702,30.9156],[10.2448,31.0782],[10.1081,31.4118],[10.1169,31.4944],[10.264,31.6805],[10.5135,31.757],[10.6059,31.9536],[10.8056,32.0324],[10.8732,32.1367],[11.444,32.3685],[11.5641,32.4655],[11.4499,32.638],[11.4565,32.9021],[11.5051,33.1812]]],[[[10.9915,33.8417],[10.736,33.8848],[10.7402,33.7155],[10.8937,33.6582],[11.0603,33.8007],[10.9915,33.8417]]]]},"properties":{"ADMIN":"Tunisia","ADM0_A3":"TUN","NAME_EN":"Tunisia","LABEL_X":9.007881,"LABEL_Y":33.687263,"FCLASS_IN":""}},
{"type":"Feature","geometry":{"type":"Polygon","coordinates":[[[22.8776,47.9467],[22.7458,47.825],[22.563,47.7572],[22.2617,47.7158],[22.1485,47.5793],[21.9889,47.4929],[22.0016,47.3938],[21.8622,47.2974],[21.826,47.1851],[21.6328,47.0227],[21.6485,46.943],[21.5029,46.8053],[21.4836,46.6849],[21.3162,46.6166],[21.1645,46.3183],[21.0515,46.2361],[20.8196,46.2717],[20.664,46.1378],[20.2832,46.1438],[20.2428,46.1081],[20.3386,45.9928],[20.5721,45.8877],[20.7134,45.7333],[20.7607,45.4933],[20.9815,45.3328],[21.4933,45.1451],[21.3685,44.8649],[21.4122,44.7848],[21.5584,44.7817],[21.6563,44.6877],[21.8554,44.6985],[22.0043,44.6515],[22.1043,44.5096],[22.1851,44.5151],[22.3197,44.6853],[22.4837,44.724],[22.6212,44.6374],[22.4841,44.4998],[22.5051,44.4041],[22.6815,44.3053],[22.6916,44.2284],[23.023,44.0316],[22.8859,43.9945],[22.9196,43.8342],[23.3252,43.8866],[24.1594,43.7529],[24.5001,43.7995],[24.7056,43.7438],[24.9637,43.7496],[25.2523,43.7046],[25.3596,43.6543],[25.5566,43.6704],[25.7811,43.732],[26.1507,44.0124],[26.6142,44.0849],[27.0275,44.177],[27.2511,44.1224],[27.3838,44.0151],[27.6563,44.0239],[27.7217,43.9487],[27.9358,43.9644],[27.981,43.8493],[28.2213,43.762],[28.5784,43.7413],[28.6712,44.0033],[28.6309,44.1545],[28.6409,44.3286],[28.844,44.4937],[28.7742,44.5523],[28.7888,44.7062],[28.9238,44.7578],[28.8801,44.9548],[29.0452,45.0048],[29.0982,44.7754],[29.6112,44.8493],[29.6765,45.1446],[29.659,45.2159],[29.6503,45.3461],[29.3221,45.4438],[28.9665,45.3199],[28.8163,45.3261],[28.7101,45.227],[28.3302,45.3229],[28.1995,45.4618],[28.1409,45.5602],[28.155,45.7618],[28.0861,46.0006],[28.2461,46.4279],[28.2341,46.6624],[28.037,47.0165],[27.8066,47.1446],[27.7228,47.2833],[27.5724,47.3752],[27.5632,47.4683],[27.272,47.715],[27.2124,47.8895],[27.048,48.1222],[26.8049,48.2583],[26.6179,48.259],[26.3035,48.212],[26.1731,47.9931],[25.7525,47.9346],[25.2617,47.8986],[25.1219,47.7703],[24.8966,47.7101],[24.5616,47.9405],[24.4285,47.9525],[24.231,47.897],[23.9773,47.9623],[23.5632,48.0058],[23.3601,47.9931],[23.2314,48.0797],[22.8776,47.9467]]]},"properties":{"ADMIN":"Romania","ADM0_A3":"ROU","NAME_EN":"Romania","LABEL_X":24.972624,"LABEL_Y":45.733237,"FCLASS_IN":""}},
{"type":"Feature","geometry":{"type":"Polygon","coordinates":[[[22.8776,47.9467],[22.831,48.0724],[22.6001,48.1011],[22.4814,48.2426],[22.3571,48.2431],[22.2718,48.4035],[22.1328,48.4048],[21.7277,48.3409],[21.4246,48.5613],[21.1093,48.4891],[20.7841,48.5691],[20.4817,48.5261],[20.4817,48.4787],[20.2724,48.2525],[19.8843,48.1296],[19.6232,48.227],[19.503,48.1894],[19.4282,48.0859],[18.8385,48.04],[18.7548,47.9518],[18.7677,47.8223],[18.2359,47.7539],[17.8257,47.75],[17.472,47.8888],[17.3379,47.9987],[17.1483,48.0054],[17.0395,47.8374],[17.0548,47.702],[16.7975,47.6755],[16.6098,47.7506],[16.688,47.5226],[16.6409,47.4529],[16.425,47.3511],[16.4128,47.1872],[16.5095,47.1375],[16.4372,47.0318],[16.2749,47.0043],[16.094,46.8628],[16.272,46.864],[16.3764,46.6291],[16.5153,46.5017],[16.8377,46.3819],[16.9748,46.2106],[17.2486,46.0802],[17.3453,45.9557],[17.5911,45.9362],[17.6565,45.8454],[17.8898,45.7921],[18.2112,45.7854],[18.4117,45.7432],[18.6743,45.9104],[18.9013,45.9312],[19.2635,45.9814],[19.5499,46.1642],[19.7905,46.1291],[19.9292,46.1635],[20.2428,46.1081],[20.2832,46.1438],[20.664,46.1378],[20.8196,46.2717],[21.0515,46.2361],[21.1645,46.3183],[21.3162,46.6166],[21.4836,46.6849],[21.5029,46.8053],[21.6485,46.943],[21.6328,47.0227],[21.826,47.1851],[21.8622,47.2974],[22.0016,47.3938],[21.9889,47.4929],[22.1485,47.5793],[22.2617,47.7158],[22.563,47.7572],[22.7458,47.825],[22.8776,47.9467]]]},"properties":{"ADMIN":"Hungary","ADM0_A3":"HUN","NAME_EN":"Hungary","LABEL_X":19.447867,"LABEL_Y":47.086841,"FCLASS_IN":""}},
{"type":"Feature","geometry":{"type":"Polygon","coordinates":[[[22.5396,49.0722],[22.3901,49.093],[22.0124,49.2111],[21.8196,49.3772],[21.6012,49.4265],[21.2744,49.4473],[21.0535,49.4145],[20.9424,49.2959],[20.6895,49.4005],[20.3295,49.3918],[20.1302,49.3039],[20.07,49.1831],[19.7518,49.2191],[19.7693,49.3931],[19.627,49.4019],[19.4434,49.6018],[19.2487,49.5163],[19.1725,49.4023],[18.9623,49.3892],[18.8332,49.5103],[18.5356,49.4817],[18.3246,49.3113],[18.19,49.2769],[18.1029,49.0923],[17.9141,49.0105],[17.8603,48.9217],[17.5351,48.813],[17.1675,48.8598],[17.0253,48.7463],[16.945,48.6042],[16.8445,48.3656],[16.9506,48.2766],[16.9819,48.1613],[17.1483,48.0054],[17.3379,47.9987],[17.472,47.8888],[17.8257,47.75],[18.2359,47.7539],[18.7677,47.8223],[18.7548,47.9518],[18.8385,48.04],[19.4282,48.0859],[19.503,48.1894],[19.6232,48.227],[19.8843,48.1296],[20.2724,48.2525],[20.4817,48.4787],[20.4817,48.5261],[20.7841,48.5691],[21.1093,48.4891],[21.4246,48.5613],[21.7277,48.3409],[22.1328,48.4048],[22.1537,48.5859],[22.3225,48.7003],[22.449,48.9714],[22.5396,49.0722]]]},"properties":{"ADMIN":"Slovakia","ADM0_A3":"SVK","NAME_EN":"Slovakia","LABEL_X":19.049868,"LABEL_Y":48.734044,"FCLASS_IN":""}},
{"type":"Feature","geometry":{"type":"Polygon","coordinates":[[[18.8332,49.5103],[18.9623,49.3892],[19.1725,49.4023],[19.2487,49.5163],[19.4434,49.6018],[19.627,49.4019],[19.7693,49.3931],[19.7518,49.2191],[20.07,49.1831],[20.1302,49.3039],[20.3295,49.3918],[20.6895,49.4005],[20.9424,49.2959],[21.0535,49.4145],[21.2744,49.4473],[21.6012,49.4265],[21.8196,49.3772],[22.0124,49.2111],[22.3901,49.093],[22.5396,49.0722],[22.7445,49.0455],[22.7057,49.1688],[22.7242,49.3671],[22.6409,49.5288],[23.1015,49.9571],[23.7475,50.3894],[23.9813,50.4048],[24.1065,50.5386],[24.0749,50.6902],[23.9699,50.8252],[24.1302,50.8689],[23.9117,51.0068],[23.8747,51.1361],[23.634,51.3393],[23.6976,51.4044],[23.6062,51.5174],[23.5399,51.6071],[23.5603,51.7545],[23.6764,51.9941],[23.6375,52.0845],[23.1656,52.2894],[23.3923,52.5096],[23.869,52.67],[23.9225,52.7426],[23.8937,53.152],[23.783,53.2709],[23.5909,53.6113],[23.4856,53.9393],[23.4325,54.1693],[22.9733,54.3754],[22.7672,54.3563],[22.6984,54.3429],[20.9296,54.3978],[19.6803,54.4367],[19.6095,54.4567],[19.3772,54.3776],[19.0021,54.3449],[18.5881,54.4337],[18.5706,54.5504],[18.4292,54.7817],[18.3169,54.8383],[17.8854,54.8241],[17.3374,54.749],[17.0358,54.6671],[16.94,54.606],[16.5696,54.5572],[16.324,54.4013],[16.2201,54.2766],[15.8597,54.25],[14.7819,54.0346],[14.367,53.917],[14.2101,53.9385],[14.2008,53.8782],[14.2747,53.8308],[14.5759,53.8548],[14.5449,53.704],[14.2639,53.7],[14.3042,53.5085],[14.4094,53.2724],[14.3433,53.0486],[14.1445,52.9599],[14.216,52.818],[14.6448,52.5769],[14.5398,52.4219],[14.6864,52.121],[14.7614,52.0767],[14.5858,51.8039],[14.7195,51.6756],[14.7322,51.5158],[14.9451,51.4492],[15.0195,51.2717],[14.9553,51.064],[14.8104,50.8584],[14.9821,50.8591],[14.9965,51.0078],[15.2271,50.9774],[15.3497,50.7837],[15.4418,50.8002],[15.7674,50.7442],[15.8482,50.6752],[16.3316,50.644],[16.3826,50.5142],[16.1902,50.4242],[16.3342,50.3719],[16.7012,50.0949],[16.9603,50.232],[16.9158,50.4311],[17.1854,50.3757],[17.3348,50.27],[17.6064,50.2582],[17.5842,50.1459],[17.8394,49.9736],[18.0916,50.0172],[18.3069,49.9097],[18.5592,49.9072],[18.6373,49.7003],[18.7735,49.6758],[18.8332,49.5103]]]},"properties":{"ADMIN":"Poland","ADM0_A3":"POL","NAME_EN":"Poland","LABEL_X":19.490468,"LABEL_Y":51.990316,"FCLASS_IN":""}},
{"type":"Feature","geometry":{"type":"Polygon","coordinates":[[[-7.2471,55.0693],[-6.9396,55.2391],[-7.3325,55.3728],[-7.5136,55.2744],[-7.5278,55.1326],[-7.8142,55.2018],[-8.263,55.1611],[-8.4566,54.9954],[-8.4907,54.852],[-8.7955,54.6984],[-8.5969,54.6193],[-8.1208,54.6466],[-8.2873,54.4794],[-8.6129,54.3755],[-8.486,54.2886],[-9.2095,54.2676],[-9.7855,54.3381],[-9.9882,54.2131],[-9.8385,53.9636],[-9.6155,53.8988],[-9.5664,53.7963],[-9.9084,53.7621],[-9.9307,53.5998],[-10.1527,53.5436],[-10.0257,53.3854],[-9.5117,53.2283],[-9.0221,53.2755],[-8.9635,53.1518],[-9.1586,53.111],[-9.2722,53.1467],[-9.4376,52.9667],[-9.577,52.5704],[-9.8484,52.4284],[-9.8372,52.2543],[-10.2758,52.2681],[-10.2677,52.1358],[-10.0281,52.1396],[-9.9296,52.0719],[-10.2662,51.9885],[-10.2346,51.851],[-10.1112,51.746],[-9.9807,51.7319],[-9.7703,51.5922],[-9.8066,51.4457],[-9.425,51.5576],[-9.3492,51.474],[-9.1077,51.5494],[-8.5392,51.6484],[-8.3017,51.7582],[-7.8915,51.8819],[-7.8293,51.9534],[-7.5899,51.9912],[-7.4355,52.1257],[-6.8971,52.152],[-6.7863,52.21],[-6.3699,52.18],[-6.3183,52.2408],[-6.4481,52.3559],[-6.2091,52.5458],[-6.2153,52.666],[-5.9966,52.9649],[-6.097,53.2855],[-6.0924,53.5771],[-6.2228,53.6461],[-6.2432,53.8651],[-6.379,53.9169],[-6.2699,54.0979],[-6.6165,54.0373],[-6.6403,54.168],[-6.8239,54.2323],[-6.8797,54.3416],[-7.0493,54.4115],[-7.209,54.2934],[-7.3103,54.1147],[-7.609,54.1399],[-7.837,54.2043],[-7.895,54.2936],[-8.156,54.4391],[-7.9066,54.6613],[-7.5517,54.7547],[-7.4053,55.0036],[-7.2471,55.0693]]]},"properties":{"ADMIN":"Ireland","ADM0_A3":"IRL","NAME_EN":"Ireland","LABEL_X":-7.798588,"LABEL_Y":53.078726,"FCLASS_IN":""}},
{"type":"Feature","geometry":{"type":"MultiPolygon","coordinates":[[[[-7.2471,55.0693],[-7.4053,55.0036],[-7.5517,54.7547],[-7.9066,54.6613],[-8.156,54.4391],[-7.895,54.2936],[-7.837,54.2043],[-7.609,54.1399],[-7.3103,54.1147],[-7.209,54.2934],[-7.0493,54.4115],[-6.8797,54.3416],[-6.8239,54.2323],[-6.6403,54.168],[-6.6165,54.0373],[-6.2699,54.0979],[-6.0405,54.0364],[-5.912,54.0913],[-5.862,54.2305],[-5.6126,54.2556],[-5.4335,54.4663],[-5.5366,54.6575],[-5.748,54.6804],[-5.7976,54.8445],[-6.0621,55.0741],[-6.0371,55.1679],[-6.4759,55.2487],[-6.7545,55.1778],[-6.9467,55.1954],[-7.0172,55.0711],[-7.2471,55.0693]]],[[[-2.6654,51.6173],[-2.6962,51.5126],[-2.9596,51.3743],[-3.0575,51.2082],[-3.385,51.1862],[-3.7692,51.2477],[-4.1523,51.2116],[-4.2347,51.0553],[-4.3377,50.9966],[-4.5264,51.015],[-4.5501,50.8096],[-4.7925,50.5952],[-5.0253,50.5242],[-5.0503,50.4287],[-5.438,50.1943],[-5.2104,49.9667],[-5.0981,50.0144],[-5.0204,50.192],[-4.8002,50.2296],[-4.7521,50.3303],[-4.4954,50.3284],[-4.2161,50.4157],[-4.0329,50.2949],[-3.8263,50.2342],[-3.6456,50.226],[-3.632,50.3123],[-3.4875,50.4116],[-3.4673,50.5856],[-3.2598,50.6745],[-2.8648,50.7338],[-2.4359,50.6375],[-1.9837,50.5966],[-1.9493,50.7133],[-1.3173,50.8002],[-1.0562,50.783],[-0.9392,50.8432],[-0.8128,50.7348],[-0.569,50.8021],[-0.1732,50.829],[0.271,50.7474],[0.3703,50.8188],[0.6242,50.8587],[0.8023,50.9392],[0.9452,50.9094],[1.0276,51.0417],[1.3572,51.131],[1.4238,51.3921],[0.9772,51.3492],[0.5545,51.4122],[0.9245,51.5883],[0.887,51.7821],[1.1354,51.7817],[1.3323,51.9401],[1.5823,52.0815],[1.6305,52.2705],[1.7712,52.4859],[1.7472,52.6252],[1.6442,52.7758],[1.2747,52.9292],[0.9661,52.9744],[0.5696,52.9693],[0.3792,52.7908],[0.2468,52.7957],[0.0221,52.9126],[0.3298,53.0865],[0.3421,53.2263],[0.2195,53.4195],[-0.0466,53.5704],[0.1335,53.6426],[-0.1511,53.8993],[-0.2195,54.0228],[-0.1114,54.1316],[-0.3976,54.2692],[-0.563,54.4774],[-0.7879,54.5608],[-1.1036,54.6247],[-1.2755,54.7484],[-1.3702,54.9755],[-1.4801,55.0854],[-1.5701,55.2862],[-1.6308,55.5851],[-1.8217,55.6364],[-2.1468,55.9173],[-2.3078,55.935],[-2.6351,56.0581],[-2.8028,56.0648],[-2.9399,55.9693],[-3.3035,55.9776],[-2.9643,56.2056],[-2.7836,56.192],[-2.5768,56.2839],[-2.8216,56.3762],[-2.7648,56.4757],[-2.53,56.5808],[-2.4407,56.7348],[-2.2199,56.8726],[-2.0493,57.1188],[-1.9803,57.3193],[-1.7593,57.4736],[-1.8295,57.6135],[-2.1081,57.705],[-2.4329,57.6681],[-2.9161,57.7028],[-3.0787,57.6694],[-3.2847,57.7204],[-3.4919,57.7131],[-3.8375,57.593],[-4.1186,57.593],[-3.9148,57.8077],[-4.1391,57.8469],[-4.0301,57.9532],[-3.2205,58.3056],[-3.0863,58.4142],[-3.1293,58.5126],[-3.0191,58.6403],[-3.2041,58.6611],[-3.8101,58.5731],[-4.3824,58.5246],[-4.9882,58.6283],[-5.0501,58.4538],[-5.3108,58.2434],[-5.2926,57.9806],[-5.487,57.8559],[-5.6126,57.9288],[-5.8074,57.8439],[-5.7628,57.634],[-5.8697,57.5009],[-5.8078,57.3549],[-5.5994,57.2792],[-5.8317,56.9971],[-5.7355,56.8941],[-5.9136,56.7637],[-6.0034,56.6187],[-5.6674,56.4985],[-5.4109,56.5521],[-5.5981,56.2586],[-5.5225,56.1658],[-5.5868,56.012],[-5.6964,55.916],[-5.5812,55.7576],[-5.7218,55.5646],[-5.7723,55.3013],[-5.64,55.3039],[-5.455,55.5919],[-5.4335,55.721],[-5.3178,55.783],[-5.4476,56.0094],[-5.3136,56.0124],[-4.9831,55.871],[-4.9205,55.7086],[-4.6711,55.5844],[-4.6178,55.4956],[-4.8325,55.3311],[-5.0078,55.1412],[-5.047,55.0151],[-5.1708,55.0087],[-5.1282,54.8489],[-4.9537,54.81],[-4.8591,54.8663],[-4.3481,54.702],[-4.3476,54.8073],[-3.9642,54.7719],[-3.8443,54.8663],[-3.3879,54.8834],[-3.6342,54.5129],[-3.4743,54.3935],[-3.241,54.1121],[-2.8509,54.1846],[-2.796,54.1252],[-3.0176,53.932],[-3.0492,53.7695],[-2.9517,53.7081],[-3.0995,53.572],[-3.0583,53.4348],[-3.1852,53.3773],[-3.5623,53.2944],[-3.7689,53.3192],[-4.0669,53.2291],[-4.1515,53.2281],[-4.3409,53.1127],[-4.3582,53.0285],[-4.5961,52.9284],[-4.1299,52.8892],[-4.0488,52.7216],[-4.1222,52.6287],[-4.0531,52.5424],[-4.0963,52.3879],[-4.1971,52.2793],[-4.5138,52.1357],[-5.2889,51.9169],[-5.1259,51.856],[-4.941,51.5965],[-4.7123,51.6501],[-4.6454,51.7321],[-4.3793,51.7269],[-4.2725,51.5548],[-3.9746,51.563],[-3.8549,51.6238],[-3.7179,51.4786],[-3.5392,51.3985],[-3.1848,51.3976],[-3.1056,51.4972],[-2.6654,51.6173]]],[[[-1.0828,50.7133],[-1.2958,50.7732],[-1.5059,50.7077],[-1.3155,50.5892],[-1.1684,50.6035],[-1.0828,50.7133]]],[[[-4.0981,53.3096],[-4.2767,53.401],[-4.5535,53.4006],[-4.571,53.2755],[-4.3439,53.1321],[-4.2294,53.1822],[-4.1955,53.2203],[-4.0981,53.2501],[-4.0981,53.3096]]],[[[-5.0708,55.5093],[-5.16,55.6762],[-5.3552,55.6896],[-5.3457,55.4827],[-5.1636,55.4349],[-5.0708,55.5093]]],[[[-6.0304,55.7291],[-6.1202,55.9294],[-6.4091,55.8636],[-6.2153,55.6267],[-6.0304,55.7291]]],[[[-5.7976,56.1126],[-6.0752,55.916],[-5.9621,55.8048],[-5.7402,56.0765],[-5.7976,56.1126]]],[[[-5.6883,56.4348],[-5.9521,56.5242],[-6.0583,56.6402],[-6.2884,56.608],[-6.1274,56.4744],[-6.3275,56.2772],[-5.72,56.3528],[-5.6883,56.4348]]],[[[-7.2438,57.3255],[-7.4554,57.2367],[-7.2711,57.1479],[-7.2438,57.3255]]],[[[-7.1294,57.6529],[-7.1817,57.6885],[-7.5448,57.593],[-7.2875,57.5088],[-7.1339,57.5384],[-7.1294,57.6529]]],[[[-6.5641,57.3466],[-6.3183,57.161],[-6.0235,57.1957],[-5.9189,57.0501],[-5.6909,57.1895],[-6.1066,57.3235],[-6.1539,57.5895],[-6.3143,57.6992],[-6.7065,57.5109],[-6.7148,57.3766],[-6.5641,57.3466]]],[[[-6.9551,57.7438],[-6.5375,57.9213],[-6.3524,58.0386],[-6.3179,58.2683],[-6.1669,58.4195],[-6.3456,58.4632],[-6.8186,58.2851],[-6.8971,58.1721],[-7.1265,58.124],[-7.0363,57.9606],[-7.0793,57.8127],[-6.9551,57.7438]]],[[[-2.7277,58.9709],[-3.012,59.0174],[-3.0845,59.128],[-3.3238,59.1274],[-3.3667,59.0161],[-3.2028,58.9159],[-2.7277,58.9709]]],[[[-1.097,60.4165],[-1.3361,60.5332],[-1.4381,60.4605],[-1.3964,60.3218],[-1.6697,60.2396],[-1.2626,60.1151],[-1.376,59.9086],[-1.2746,59.8821],[-1.0753,60.3209],[-1.097,60.4165]]]]},"properties":{"ADMIN":"United Kingdom","ADM0_A3":"GBR","NAME_EN":"United Kingdom","LABEL_X":-2.116346,"LABEL_Y":54.402739,"FCLASS_IN":""}},
{"type":"Feature","geometry":{"type":"MultiPolygon","coordinates":[[[[20.9653,40.8494],[20.9635,40.7361],[21.0367,40.6397],[20.9119,40.4595],[20.8267,40.4648],[20.707,40.2881],[20.6402,40.0901],[20.4328,40.0638],[20.318,39.9184],[20.2995,39.7282],[20.1999,39.6401],[19.9998,39.6935],[20.1818,39.6245],[20.1413,39.5378],[20.2928,39.3334],[20.4483,39.2895],[20.4883,39.2166],[20.6865,39.0725],[20.8939,39.0772],[21.0032,39.0151],[21.1599,38.9977],[21.0852,38.8643],[20.9754,38.9468],[20.7645,38.8918],[20.7293,38.8035],[20.8831,38.7794],[21.0247,38.6085],[21.1404,38.3989],[21.1556,38.3039],[21.3699,38.4082],[21.5354,38.314],[21.7625,38.3284],[21.9876,38.4106],[22.3675,38.3419],[22.4631,38.4261],[22.5457,38.3026],[22.6914,38.3222],[22.895,38.2412],[23.1096,38.2101],[23.2166,38.1033],[23.0686,38.0589],[22.9429,38.0835],[22.8672,37.9395],[22.6804,38.0666],[22.3312,38.1789],[22.2266,38.1859],[21.9559,38.3367],[21.7642,38.2958],[21.603,38.1518],[21.3757,38.2043],[21.3259,38.0214],[21.1221,37.8374],[21.2953,37.7717],[21.2987,37.6726],[21.55,37.5615],[21.6748,37.396],[21.6823,37.2839],[21.5676,37.1563],[21.5993,37.0457],[21.7026,36.9573],[21.7074,36.818],[21.9451,36.7899],[21.9373,36.98],[22.1532,37.0212],[22.3706,36.6736],[22.3545,36.5119],[22.4699,36.4523],[22.5335,36.7072],[22.6226,36.8035],[22.7651,36.8042],[22.9724,36.5202],[23.0806,36.5793],[23.0256,36.7156],[23.0956,36.807],[22.9998,37.0333],[22.758,37.3983],[22.7232,37.5417],[22.9639,37.5218],[23.132,37.4486],[23.0731,37.3552],[23.4465,37.4146],[23.3743,37.5559],[23.1686,37.6142],[23.1824,37.8091],[23.0941,37.911],[23.2268,37.9736],[23.45,38.0214],[23.6802,37.9459],[23.7645,37.816],[23.9025,37.7819],[23.9497,37.6774],[24.0721,37.6895],[24.0669,37.8644],[23.989,38.1226],[24.069,38.2047],[23.951,38.2909],[23.71,38.3367],[23.594,38.4261],[23.6013,38.4739],[23.4185,38.5043],[23.2049,38.6827],[22.7695,38.7848],[22.8465,38.9264],[23.0233,39.0084],[22.9611,39.119],[22.8262,39.2213],[22.8425,39.2885],[23.0205,39.3175],[23.1514,39.2849],[23.2136,39.1681],[23.3423,39.1926],[23.2713,39.3229],[23.1018,39.4974],[22.9251,39.5995],[22.8587,39.7733],[22.7101,39.9573],[22.5713,40.0543],[22.5525,40.1666],[22.6611,40.369],[22.6029,40.4813],[22.7109,40.5116],[22.9105,40.6446],[22.9832,40.5527],[22.8309,40.4858],[23.0291,40.3258],[23.2991,40.2354],[23.3059,40.1045],[23.3784,40.011],[23.6165,39.9233],[23.3377,40.2084],[23.3983,40.2777],[23.6755,40.2179],[23.8241,40.0219],[23.9728,39.9619],[23.9912,40.1187],[23.7786,40.2027],[23.6997,40.3264],[23.9226,40.3693],[24.169,40.2753],[24.3,40.1281],[24.3833,40.1791],[24.1869,40.3466],[23.8682,40.4135],[23.8776,40.5602],[23.6917,40.6954],[23.8093,40.7804],[24.1101,40.7279],[24.3407,40.8313],[24.4155,40.9455],[24.5667,40.9517],[24.6287,40.8586],[24.802,40.8535],[24.9898,40.9421],[25.2997,40.9518],[25.5378,40.8704],[25.9186,40.853],[26.044,40.7385],[26.1345,40.7671],[26.2604,40.9204],[26.3591,40.9647],[26.3317,41.2541],[26.6366,41.3785],[26.5963,41.5975],[26.3334,41.713],[26.2344,41.7458],[26.0481,41.6891],[26.1645,41.5177],[26.1209,41.3578],[25.882,41.304],[25.5515,41.3157],[25.2857,41.2394],[24.8864,41.4006],[24.5958,41.4298],[24.5309,41.5475],[24.2868,41.5176],[24.0473,41.5257],[23.6124,41.371],[23.2877,41.3982],[23.1152,41.3127],[22.917,41.3358],[22.7513,41.3152],[22.7272,41.1658],[22.4218,41.1146],[22.1832,41.1599],[21.9091,41.0975],[21.737,40.9192],[21.5816,40.8663],[21.3813,40.9005],[21.2954,40.8609],[20.9653,40.8494]]],[[[26.3211,35.3153],[26.1551,35.1979],[26.0674,35.2333],[25.8303,35.1224],[25.7127,35.1828],[25.7664,35.3357],[25.6388,35.3459],[25.4819,35.2974],[25.376,35.3432],[25.0553,35.3552],[24.9712,35.4245],[24.721,35.4272],[24.3401,35.3483],[24.1867,35.4518],[24.183,35.5856],[24.0447,35.5277],[23.8171,35.5348],[23.5735,35.4348],[23.5182,35.3078],[23.5872,35.2395],[23.8267,35.2526],[24.0846,35.2045],[24.4021,35.1911],[24.5646,35.1061],[24.7075,35.0961],[24.7385,34.9316],[25.0974,34.9379],[25.304,34.9848],[25.6012,35.0136],[25.8081,35.0058],[25.9849,35.0391],[26.1472,35.0023],[26.241,35.039],[26.3118,35.1824],[26.3211,35.3153]]],[[[28.2398,36.4325],[28.1184,36.4277],[27.8997,36.3402],[27.7007,36.1634],[27.7571,36.0844],[27.7123,35.9527],[27.7804,35.89],[28.1305,36.1855],[28.2398,36.4325]]],[[[27.2809,36.9079],[27.0612,36.8393],[27.1299,36.7608],[27.2809,36.9079]]],[[[25.5261,37.1962],[25.3418,37.0767],[25.4476,36.9248],[25.5525,36.9689],[25.5951,37.0997],[25.5261,37.1962]]],[[[26.3622,37.6863],[26.0742,37.6379],[26.0579,37.5192],[26.2306,37.5714],[26.3622,37.6863]]],[[[27.0475,37.7272],[27.021,37.7772],[26.7718,37.8141],[26.6581,37.7928],[26.7874,37.6472],[27.0475,37.7272]]],[[[20.9014,37.7924],[20.742,37.8623],[20.7044,37.7383],[20.8151,37.6515],[20.9014,37.7924]]],[[[24.9917,37.7682],[24.9539,37.906],[24.6955,37.9246],[24.9575,37.7067],[24.9917,37.7682]]],[[[20.7336,38.0624],[20.7977,38.1313],[20.6258,38.3518],[20.3982,38.3327],[20.339,38.2002],[20.4729,38.1821],[20.7336,38.0624]]],[[[26.1636,38.5428],[25.9954,38.6042],[25.8433,38.5153],[25.989,38.3793],[25.8675,38.2597],[25.9749,38.166],[26.1121,38.2226],[26.1636,38.3026],[26.1636,38.5428]]],[[[20.5855,38.6179],[20.7207,38.6384],[20.7178,38.8227],[20.6025,38.7817],[20.5855,38.6179]]],[[[24.5877,38.1592],[24.4778,38.1387],[24.327,38.1859],[24.1851,38.4076],[24.2161,38.5395],[24.0731,38.6794],[23.8576,38.6825],[23.62,38.7655],[23.4507,38.8746],[23.2991,39.0425],[23.138,39.009],[22.9694,38.8891],[23.2023,38.8299],[23.6355,38.5286],[23.6385,38.4155],[24.0491,38.3945],[24.3718,37.9719],[24.5521,37.9782],[24.5877,38.1592]]],[[[26.6123,39.0493],[26.343,39.383],[25.8587,39.2592],[25.8889,39.1447],[26.1657,39.0224],[26.4242,38.9674],[26.6123,39.0493]]],[[[20.0921,39.4335],[19.9325,39.4787],[19.8587,39.6588],[19.948,39.7904],[19.8518,39.8245],[19.6769,39.7952],[19.6897,39.6741],[19.8408,39.552],[19.8656,39.4686],[19.9993,39.3994],[20.0921,39.4335]]],[[[25.4499,40.0362],[25.2871,39.9611],[25.2251,40.0089],[25.0454,39.9847],[25.0674,39.8581],[25.2953,39.8077],[25.4499,40.0362]]],[[[24.7864,40.7351],[24.6423,40.8039],[24.512,40.6668],[24.6423,40.5706],[24.7824,40.6202],[24.7864,40.7351]]]]},"properties":{"ADMIN":"Greece","ADM0_A3":"GRC","NAME_EN":"Greece","LABEL_X":21.72568,"LABEL_Y":39.492763,"FCLASS_IN":""}},
{"type":"Feature","geometry":{"type":"Polygon","coordinates":[[[32.9209,-9.4079],[32.7132,-9.2858],[32.518,-9.2582],[32.383,-9.1339],[32.2113,-9.1268],[32.1341,-9.0641],[31.9177,-9.0225],[31.9366,-8.9326],[31.7876,-8.8922],[31.6727,-8.913],[31.5534,-8.8091],[31.539,-8.7036],[31.3533,-8.5872],[31.1198,-8.6166],[30.9595,-8.5505],[30.8283,-8.3881],[30.7521,-8.1941],[29.8581,-8.3298],[28.9153,-8.4729],[28.9305,-8.6799],[28.7654,-8.934],[28.5991,-9.0964],[28.3723,-9.2351],[28.3685,-9.3086],[28.516,-9.3783],[28.6239,-9.6491],[28.6685,-9.8216],[28.6239,-9.951],[28.6196,-10.1419],[28.5699,-10.2196],[28.6292,-10.2959],[28.6349,-10.5195],[28.6996,-10.6432],[28.5635,-10.8119],[28.4768,-11.078],[28.4396,-11.3482],[28.357,-11.4469],[28.4525,-11.7808],[28.4972,-11.8574],[28.835,-12.0922],[28.9447,-12.2061],[29.0304,-12.3762],[29.255,-12.3662],[29.4997,-12.4531],[29.4466,-12.3351],[29.4743,-12.2427],[29.7993,-12.1541],[29.7976,-13.4242],[29.7029,-13.4576],[29.6017,-13.3744],[29.6675,-13.292],[29.5744,-13.2254],[29.1689,-13.4339],[28.994,-13.3959],[28.9341,-13.3096],[28.9034,-13.1623],[28.6679,-12.8493],[28.584,-12.8887],[28.474,-12.7365],[28.5116,-12.6944],[28.4227,-12.5213],[28.3397,-12.4505],[28.1313,-12.4292],[27.9587,-12.3678],[27.9339,-12.3033],[27.6382,-12.2936],[27.5205,-12.1796],[27.4207,-11.922],[27.2342,-11.8091],[27.1801,-11.5696],[27.0103,-11.6098],[26.9673,-11.8704],[26.8742,-11.9643],[26.6435,-11.9855],[26.4146,-11.9118],[26.298,-11.9412],[26.1667,-11.9024],[25.9941,-11.9048],[25.8507,-11.7938],[25.7256,-11.8005],[25.6215,-11.7289],[25.4812,-11.7153],[25.352,-11.6461],[25.279,-11.3963],[25.3249,-11.2837],[25.2788,-11.1999],[25.1243,-11.2592],[24.9429,-11.2686],[24.6741,-11.3416],[24.5647,-11.4447],[24.4465,-11.4636],[24.3101,-11.4066],[24.3922,-11.2791],[24.3818,-11.1206],[24.2938,-11.0503],[24.1242,-11.0433],[24.1142,-10.9192],[23.9675,-10.8723],[24.0037,-10.9825],[24.0112,-11.2729],[24.0611,-11.395],[23.9599,-11.6172],[23.9596,-12.1967],[24.0308,-12.3851],[23.9287,-12.5616],[23.8657,-12.7897],[24.0006,-13.0015],[23.0984,-13.0015],[21.9799,-13.0015],[21.9808,-14.3576],[21.9814,-15.2619],[21.9838,-16.1659],[22.0799,-16.4578],[22.1517,-16.5977],[22.3337,-16.6737],[22.5229,-16.9147],[22.7105,-17.0554],[22.7559,-17.1549],[22.9986,-17.2938],[23.073,-17.4051],[23.2908,-17.5354],[23.3817,-17.6411],[24.2205,-17.4795],[24.407,-17.4745],[24.5913,-17.5284],[24.6844,-17.4924],[24.958,-17.5517],[25.2598,-17.7941],[25.3355,-17.8412],[25.4956,-17.8549],[25.6814,-17.8115],[25.9785,-17.999],[26.203,-17.8872],[26.4086,-17.939],[26.7119,-18.0658],[27.0485,-17.9443],[27.1571,-17.7693],[27.5773,-17.3631],[27.6412,-17.1985],[27.7773,-17.0012],[27.8686,-16.9297],[28.1139,-16.8276],[28.2801,-16.7065],[28.6433,-16.5688],[28.7329,-16.5581],[28.8225,-16.4708],[28.871,-16.0872],[28.9324,-15.9637],[29.0423,-15.9463],[29.1863,-15.8128],[29.407,-15.7142],[29.8373,-15.6148],[30.0107,-15.6462],[30.3963,-15.636],[30.3692,-15.3747],[30.2879,-15.2789],[30.2145,-14.9815],[30.8158,-14.7682],[31.4109,-14.6336],[31.6584,-14.5196],[32.2274,-14.339],[33.2027,-14.0139],[33.1545,-13.9366],[33.0494,-13.9966],[32.8594,-13.8081],[32.7228,-13.5734],[32.8743,-13.4432],[32.9196,-13.2948],[32.9951,-13.1909],[32.9659,-13.1168],[33.005,-12.893],[32.9411,-12.7699],[33.0248,-12.6127],[33.2551,-12.5319],[33.3732,-12.5185],[33.5181,-12.3718],[33.3301,-12.2983],[33.2549,-12.0726],[33.3127,-11.8987],[33.3026,-11.6097],[33.2126,-11.5638],[33.2303,-11.4166],[33.3909,-11.1648],[33.3037,-11.0346],[33.2803,-10.9133],[33.3191,-10.8181],[33.501,-10.7692],[33.6742,-10.577],[33.5293,-10.3186],[33.5333,-10.2312],[33.31,-10.0127],[33.3656,-9.8988],[33.337,-9.8237],[33.2167,-9.7271],[33.1754,-9.6023],[33.0892,-9.644],[32.9747,-9.6013],[32.992,-9.5018],[32.9209,-9.4079]]]},"properties":{"ADMIN":"Zambia","ADM0_A3":"ZMB","NAME_EN":"Zambia","LABEL_X":26.395298,"LABEL_Y":-14.660804,"FCLASS_IN":""}},
{"type":"Feature","geometry":{"type":"MultiPolygon","coordinates":[[[[-10.2822,8.4846],[-10.3898,8.4891],[-10.5193,8.3348],[-10.5833,8.3069],[-10.6691,8.3991],[-10.6389,8.5199],[-10.4819,8.6725],[-10.6002,8.819],[-10.606,9.0638],[-10.7463,9.0838],[-10.6751,9.3065],[-10.8549,9.4553],[-10.8526,9.5121],[-11.0101,9.7427],[-11.1603,9.8728],[-11.1996,9.9822],[-11.2727,9.996],[-11.9101,9.9925],[-11.9218,9.9222],[-12.1413,9.8749],[-12.2536,9.9284],[-12.5083,9.8604],[-12.5375,9.7157],[-12.6386,9.5894],[-12.7016,9.4202],[-12.8358,9.282],[-12.9579,9.2724],[-13.0289,9.096],[-13.1159,9.0439],[-13.3011,9.0415],[-13.2884,8.9695],[-13.1426,8.9167],[-13.2402,8.8258],[-13.2412,8.6722],[-13.1444,8.4312],[-13.2742,8.4209],[-13.1756,8.2838],[-13.1617,8.1872],[-12.9787,8.242],[-12.8952,8.0796],[-12.8759,7.8287],[-12.7114,7.712],[-12.5314,7.6871],[-12.4283,7.5336],[-12.5066,7.3898],[-11.8396,7.149],[-11.4762,6.9194],[-11.4073,6.9964],[-11.3732,7.1388],[-11.2179,7.2541],[-11.1263,7.368],[-10.8746,7.5309],[-10.7306,7.7055],[-10.6152,7.769],[-10.6177,8.0108],[-10.5292,8.1243],[-10.3649,8.1482],[-10.2822,8.4846]]],[[[-12.493,7.568],[-12.6214,7.6397],[-12.8981,7.6107],[-12.9516,7.568],[-12.6055,7.4787],[-12.493,7.568]]]]},"properties":{"ADMIN":"Sierra Leone","ADM0_A3":"SLE","NAME_EN":"Sierra Leone","LABEL_X":-11.763677,"LABEL_Y":8.617449,"FCLASS_IN":""}},
{"type":"Feature","geometry":{"type":"Polygon","coordinates":[[[-13.3011,9.0415],[-13.1159,9.0439],[-13.0289,9.096],[-12.9579,9.2724],[-12.8358,9.282],[-12.7016,9.4202],[-12.6386,9.5894],[-12.5375,9.7157],[-12.5083,9.8604],[-12.2536,9.9284],[-12.1413,9.8749],[-11.9218,9.9222],[-11.9101,9.9925],[-11.2727,9.996],[-11.1996,9.9822],[-11.1603,9.8728],[-11.0101,9.7427],[-10.8526,9.5121],[-10.8549,9.4553],[-10.6751,9.3065],[-10.7463,9.0838],[-10.606,9.0638],[-10.6002,8.819],[-10.4819,8.6725],[-10.6389,8.5199],[-10.6691,8.3991],[-10.5833,8.3069],[-10.5193,8.3348],[-10.3898,8.4891],[-10.2822,8.4846],[-10.0911,8.5101],[-9.9611,8.4796],[-9.8068,8.5063],[-9.6835,8.4871],[-9.5792,8.3873],[-9.4223,8.0158],[-9.4387,7.8662],[-9.3555,7.7419],[-9.3535,7.6224],[-9.4381,7.4216],[-9.2343,7.3813],[-9.1196,7.238],[-8.9254,7.2486],[-8.7296,7.5087],[-8.6866,7.6944],[-8.5674,7.6882],[-8.4854,7.558],[-8.3032,7.5893],[-8.229,7.5443],[-8.1274,7.713],[-8.1289,7.8826],[-8.0217,8.1177],[-8.266,8.246],[-8.2003,8.4918],[-7.9705,8.497],[-7.8986,8.4263],[-7.771,8.3865],[-7.6896,8.4387],[-7.6916,8.6061],[-7.8037,8.7491],[-7.9589,8.782],[-7.9167,9.0123],[-7.7594,9.0917],[-7.9296,9.1839],[-7.8654,9.4099],[-8.0323,9.3846],[-8.0872,9.4154],[-8.1616,9.5756],[-8.1235,9.8449],[-8.1738,9.9419],[-8.1088,10.0542],[-7.9897,10.162],[-7.9646,10.2589],[-8.0157,10.3393],[-8.2289,10.4234],[-8.2955,10.5374],[-8.3111,11.0008],[-8.3693,11.0542],[-8.5058,11.0528],[-8.5416,10.9838],[-8.6969,10.996],[-8.6246,11.122],[-8.4832,11.2849],[-8.4277,11.4001],[-8.5276,11.4234],[-8.679,11.5298],[-8.7129,11.6401],[-8.8472,11.6579],[-8.797,11.9132],[-8.8198,12.0127],[-8.9263,12.0643],[-8.9139,12.1699],[-8.9959,12.261],[-8.9938,12.3875],[-9.1473,12.4655],[-9.3215,12.4966],[-9.4126,12.4554],[-9.3085,12.345],[-9.4215,12.2571],[-9.6282,12.1702],[-9.723,12.0254],[-9.8707,12.0521],[-10.0602,12.1475],[-10.2669,12.2178],[-10.3814,12.1801],[-10.7114,11.8904],[-10.8078,12.0228],[-10.8049,12.096],[-10.9098,12.2001],[-11.0523,12.2025],[-11.1912,12.0144],[-11.3513,12.0404],[-11.5078,12.1916],[-11.3884,12.4039],[-11.5154,12.4316],[-11.7578,12.3833],[-11.9352,12.417],[-12.0792,12.4081],[-12.3609,12.3056],[-12.5051,12.3903],[-12.7733,12.4351],[-12.9131,12.5363],[-12.981,12.467],[-13.0827,12.5157],[-13.0765,12.6359],[-13.7283,12.6734],[-13.7251,12.5581],[-13.6634,12.4758],[-13.7118,12.2675],[-13.84,12.2771],[-13.9649,12.1479],[-13.7239,12.0028],[-13.7299,11.7098],[-13.8735,11.6945],[-14.0151,11.6371],[-14.2787,11.6651],[-14.5209,11.5129],[-14.6868,11.5107],[-14.8282,11.3348],[-14.8631,11.2186],[-15.021,10.9675],[-15.0811,10.8782],[-14.9732,10.8201],[-14.8988,10.9932],[-14.7493,10.8161],[-14.7928,10.745],[-14.6287,10.6173],[-14.5828,10.4809],[-14.463,10.33],[-14.4626,10.2252],[-14.3524,10.2262],[-14.1532,10.0557],[-13.9454,9.9669],[-13.7472,9.7678],[-13.6244,9.7203],[-13.5614,9.509],[-13.432,9.3711],[-13.3222,9.3454],[-13.3011,9.0415]]]},"properties":{"ADMIN":"Guinea","ADM0_A3":"GIN","NAME_EN":"Guinea","LABEL_X":-10.016402,"LABEL_Y":10.618516,"FCLASS_IN":""}},
{"type":"Feature","geometry":{"type":"Polygon","coordinates":[[[-11.4762,6.9194],[-11.3683,6.8113],[-11.3532,6.7012],[-11.0536,6.5842],[-10.8243,6.4377],[-10.7883,6.293],[-10.6594,6.2275],[-10.3956,6.177],[-10.0462,5.8964],[-10.0399,5.8543],[-9.6968,5.5464],[-9.4975,5.3894],[-9.4708,5.3205],[-9.2787,5.1457],[-9.0148,4.9785],[-8.6075,4.7869],[-8.2573,4.58],[-8.1003,4.5533],[-7.8329,4.4522],[-7.7127,4.3615],[-7.5407,4.3528],[-7.5738,4.3754],[-7.5725,4.7234],[-7.6055,4.8974],[-7.5782,5.0547],[-7.4889,5.1407],[-7.4682,5.2735],[-7.3969,5.3664],[-7.45,5.4228],[-7.3936,5.524],[-7.4495,5.7324],[-7.4465,5.8459],[-7.5591,5.8399],[-7.6805,5.9409],[-7.7996,5.9745],[-7.8441,6.184],[-7.9349,6.2714],[-8.0601,6.3011],[-8.1706,6.274],[-8.3888,6.3551],[-8.4051,6.4363],[-8.5681,6.4904],[-8.5661,6.5509],[-8.3518,6.7554],[-8.2841,7.0179],[-8.3026,7.1376],[-8.3877,7.315],[-8.4436,7.5371],[-8.4854,7.558],[-8.5674,7.6882],[-8.6866,7.6944],[-8.7296,7.5087],[-8.9254,7.2486],[-9.1196,7.238],[-9.2343,7.3813],[-9.4381,7.4216],[-9.3535,7.6224],[-9.3555,7.7419],[-9.4387,7.8662],[-9.4223,8.0158],[-9.5792,8.3873],[-9.6835,8.4871],[-9.8068,8.5063],[-9.9611,8.4796],[-10.0911,8.5101],[-10.2822,8.4846],[-10.3649,8.1482],[-10.5292,8.1243],[-10.6177,8.0108],[-10.6152,7.769],[-10.7306,7.7055],[-10.8746,7.5309],[-11.1263,7.368],[-11.2179,7.2541],[-11.3732,7.1388],[-11.4073,6.9964],[-11.4762,6.9194]]]},"properties":{"ADMIN":"Liberia","ADM0_A3":"LBR","NAME_EN":"Liberia","LABEL_X":-9.460379,"LABEL_Y":6.447177,"FCLASS_IN":""}},
{"type":"Feature","geometry":{"type":"Polygon","coordinates":[[[22.8611,10.9192],[22.7199,10.9647],[22.4605,11.0008],[22.253,10.9153],[22.1764,10.8162],[22.0486,10.837],[22.0039,10.7433],[21.8636,10.6679],[21.7226,10.6367],[21.7511,10.4118],[21.6563,10.2337],[21.4854,10.1643],[21.3743,9.9731],[21.2569,9.9757],[20.8261,9.4181],[20.4961,9.2709],[20.4352,9.1381],[20.3594,9.1164],[20.0687,9.1381],[19.8895,9.0464],[19.3694,9.0004],[19.1006,9.0153],[18.8927,8.8979],[18.9291,8.7965],[19.1241,8.6751],[18.813,8.2764],[18.6726,8.2075],[18.5893,8.0479],[18.5083,8.0307],[18.0705,8.0192],[17.8979,7.9675],[17.6798,7.9852],[17.4664,7.8841],[17.2509,7.8228],[17.1019,7.6777],[16.8807,7.6329],[16.7686,7.5502],[16.6245,7.6687],[16.5487,7.87],[16.4074,7.7961],[16.3708,7.6725],[16.0652,7.5912],[15.9253,7.4882],[15.7939,7.458],[15.6685,7.5163],[15.481,7.5233],[15.4328,7.3897],[15.2239,7.2475],[15.0422,6.7908],[14.9325,6.7103],[14.719,6.2579],[14.535,6.1901],[14.3977,6.0192],[14.4821,5.9096],[14.5848,5.9234],[14.6311,5.738],[14.5928,5.6239],[14.5973,5.4115],[14.5239,5.2797],[14.6632,5.1418],[14.6595,4.997],[14.7173,4.622],[14.7797,4.545],[15.0006,4.4032],[15.0728,4.2659],[15.1026,4.1124],[15.0849,3.8858],[15.1713,3.759],[15.7856,3.108],[15.914,3.098],[16.0924,2.8633],[16.0626,2.7032],[16.0903,2.5105],[16.1967,2.2365],[16.4791,2.8363],[16.4455,2.9577],[16.4908,3.0678],[16.5677,3.4644],[16.6394,3.5286],[16.9686,3.5335],[17.3344,3.6185],[17.4589,3.7083],[17.6273,3.6263],[17.8083,3.6086],[17.8564,3.5373],[18.082,3.5635],[18.1816,3.4774],[18.2485,3.5749],[18.5134,3.5922],[18.6264,3.4769],[18.593,3.7098],[18.6453,3.9824],[18.6197,4.1696],[18.5371,4.3061],[18.5765,4.3728],[18.7211,4.3774],[18.8282,4.56],[19.0116,4.765],[19.0833,4.9093],[19.409,5.1304],[19.7196,5.136],[19.8247,5.097],[19.8909,5.0021],[20.004,4.9745],[20.3389,4.7719],[20.4631,4.6009],[20.4523,4.5289],[20.6031,4.4097],[20.8715,4.4534],[21.0842,4.3882],[21.1581,4.3102],[21.2989,4.3302],[21.5381,4.2447],[21.7229,4.2951],[21.8677,4.2416],[22.0089,4.2424],[22.2073,4.1503],[22.4226,4.1348],[22.4927,4.174],[22.6093,4.3634],[22.587,4.4494],[22.6895,4.4917],[22.786,4.7246],[22.8984,4.8236],[23.0173,4.7505],[23.1687,4.7381],[23.2649,4.6351],[23.3884,4.5873],[23.5666,4.7244],[23.8167,4.8206],[23.9483,4.8177],[24.0896,4.9202],[24.1629,4.9078],[24.3612,5.0629],[24.4596,5.1074],[24.6101,5.0167],[24.6644,4.9244],[24.7894,4.9199],[24.9581,4.9914],[25.0848,4.9542],[25.1295,5.0186],[25.3076,5.0323],[25.3077,5.1853],[25.3637,5.3106],[25.5813,5.3749],[25.7328,5.2589],[26.0269,5.19],[26.13,5.2589],[26.2918,5.151],[26.3906,5.149],[26.4627,5.0596],[26.7606,5.0881],[26.8671,5.0375],[26.9616,5.1512],[27.1164,5.2003],[27.4413,5.0707],[27.3013,5.2052],[27.2201,5.4409],[27.2607,5.5503],[27.1704,5.7203],[27.0295,5.7899],[26.9811,5.8592],[26.8189,5.8946],[26.705,6.0098],[26.528,6.0432],[26.452,6.2803],[26.2896,6.3872],[26.277,6.4774],[26.378,6.6533],[26.2362,6.72],[26.081,6.8423],[26.0261,6.9967],[25.36,7.3356],[25.3162,7.4172],[25.1904,7.5012],[25.1652,7.5799],[25.2794,7.6595],[25.2169,7.8641],[25.0896,7.8849],[24.9526,7.9966],[24.8321,8.1657],[24.6149,8.2171],[24.5128,8.2071],[24.4311,8.2714],[24.3321,8.2457],[24.1314,8.3431],[24.1372,8.4389],[24.2437,8.5702],[24.1703,8.6893],[23.9223,8.7134],[23.7213,8.702],[23.4823,8.7834],[23.5675,8.9748],[23.4514,8.9742],[23.4577,9.1462],[23.6322,9.2776],[23.6469,9.4184],[23.6061,9.5372],[23.674,9.6903],[23.624,9.9078],[23.2912,10.4397],[23.0056,10.6868],[22.8611,10.9192]]]},"properties":{"ADMIN":"Central African Republic","ADM0_A3":"CAF","NAME_EN":"Central African Republic","LABEL_X":20.906897,"LABEL_Y":6.989681,"FCLASS_IN":""}},
{"type":"Feature","geometry":{"type":"Polygon","coordinates":[[[22.8611,10.9192],[23.0056,10.6868],[23.2912,10.4397],[23.624,9.9078],[23.674,9.6903],[23.6061,9.5372],[23.6469,9.4184],[23.6322,9.2776],[23.4577,9.1462],[23.4514,8.9742],[23.5675,8.9748],[23.4823,8.7834],[23.7213,8.702],[23.9223,8.7134],[24.1703,8.6893],[24.3801,8.8442],[24.5584,8.8867],[24.5654,9.0149],[24.661,9.1823],[24.6802,9.3734],[24.7944,9.5322],[24.7927,9.7984],[24.9763,9.9674],[25.0171,10.168],[25.0841,10.2932],[25.4795,10.3438],[25.8431,10.4178],[25.8949,10.3458],[25.9009,10.1911],[26.0167,10.1149],[26.1026,9.9878],[26.1795,9.959],[26.5569,9.5205],[26.6943,9.4769],[27.0804,9.6068],[27.3392,9.6128],[27.8951,9.5954],[27.8253,9.7437],[27.8253,10.1601],[28.9895,10.1601],[28.9895,9.5871],[29.2524,9.7112],[29.4831,9.7617],[29.6139,9.9145],[29.6154,10.0581],[30.013,10.2705],[30.4846,9.972],[30.7493,9.7358],[31.1644,9.764],[31.2348,9.7923],[31.6648,10.2142],[31.8642,10.4721],[31.9429,10.6556],[32.4141,11.0509],[32.3642,11.24],[32.3452,11.7091],[32.0822,11.9998],[32.7467,12.0027],[32.7318,12.2162],[33.2092,12.2104],[33.145,11.9347],[33.1324,11.6862],[33.0829,11.5846],[33.1821,10.8432],[33.1507,10.731],[33.3706,10.6509],[33.469,10.5439],[33.9021,10.192],[33.9668,10.0473],[33.9691,9.8383],[33.9049,9.7107],[33.8777,9.5434],[33.9009,9.4553],[34.0707,9.4546],[34.0982,9.6797],[34.2219,10.026],[34.3035,10.1135],[34.3249,10.2687],[34.2795,10.5655],[34.4373,10.7957],[34.5871,10.8793],[34.7507,10.7439],[34.8385,10.7291],[34.9338,10.8453],[34.9143,10.964],[34.9803,11.1553],[34.9471,11.2749],[35.0731,11.549],[35.0482,11.7714],[35.2156,11.8966],[35.3174,12.0237],[35.3537,12.146],[35.6169,12.5752],[35.7284,12.6744],[36.1236,12.7214],[36.1144,12.9339],[36.2336,13.3616],[36.3821,13.571],[36.4582,13.8201],[36.4366,13.9912],[36.5264,14.2635],[36.4236,15.1115],[36.5249,15.2479],[36.671,15.7231],[36.7595,15.8375],[36.8859,16.1849],[36.944,16.2529],[36.9337,16.4181],[36.8773,16.5273],[36.9014,16.6557],[36.985,16.7657],[37.0005,17.0726],[37.134,17.0164],[37.3098,17.0553],[37.4034,17.0299],[37.501,17.1951],[37.5068,17.3185],[37.7204,17.3838],[37.7989,17.4771],[37.872,17.4373],[38.0154,17.54],[38.1606,17.5573],[38.3437,17.6559],[38.4593,17.8907],[38.6016,18.0048],[38.5428,18.1184],[38.4505,18.1324],[38.2454,18.2439],[38.1517,18.2493],[38.0382,18.4611],[37.9255,18.585],[37.8128,18.6156],[37.6747,18.741],[37.551,18.7099],[37.4343,18.8617],[37.3335,19.1597],[37.2858,19.4753],[37.2383,19.6553],[37.2595,19.8207],[37.1961,19.9792],[37.2249,20.1195],[37.1751,20.3492],[37.228,20.565],[37.1691,20.7464],[37.1473,20.9409],[37.0867,21.0571],[37.1486,21.171],[37.1136,21.2781],[36.9841,21.4658],[36.8968,21.6779],[36.8836,21.9957],[35.4864,21.9956],[34.0842,21.9955],[33.9991,21.7674],[33.8665,21.7497],[33.5584,21.711],[33.1811,21.9954],[32.136,21.9954],[31.4355,21.9954],[31.4906,22.1482],[31.3595,22.1881],[31.2484,21.9944],[30.4315,21.9945],[29.4582,21.9946],[28.2903,21.9948],[27.317,21.9949],[26.3438,21.9951],[24.9812,21.9954],[24.9811,21.3724],[24.9808,20.5004],[24.968,19.995],[23.9813,19.9954],[23.9813,19.4961],[23.9821,18.567],[23.9831,17.4057],[23.9837,16.7088],[23.9844,15.7212],[23.5927,15.749],[23.3206,15.6813],[23.0946,15.7043],[22.9257,15.5639],[22.9665,15.4048],[22.9657,15.2239],[22.9055,15.1126],[22.7389,14.9798],[22.6508,14.8162],[22.6663,14.6817],[22.4654,14.6293],[22.3635,14.5435],[22.4249,14.4704],[22.441,14.2499],[22.5319,14.2206],[22.5315,14.1226],[22.2435,13.9754],[22.0737,13.7714],[22.1959,13.5805],[22.2676,13.3346],[22.14,13.1935],[21.9351,13.0592],[21.8094,12.7937],[21.936,12.6395],[22.0587,12.6367],[22.2049,12.7434],[22.4457,12.6111],[22.3728,12.4631],[22.4814,12.1767],[22.4814,12.0443],[22.5929,11.9889],[22.5371,11.6809],[22.6281,11.5098],[22.7818,11.3989],[22.9148,11.3961],[22.9565,11.2088],[22.8611,10.9192]]]},"properties":{"ADMIN":"Sudan","ADM0_A3":"SDN","NAME_EN":"Sudan","LABEL_X":29.260657,"LABEL_Y":16.330746,"FCLASS_IN":""}},
{"type":"Feature","geometry":{"type":"Polygon","coordinates":[[[43.2407,11.4879],[43.1231,11.5815],[42.8752,11.5837],[42.5387,11.503],[42.5269,11.5825],[42.6841,11.5823],[42.7541,11.708],[42.8965,11.7806],[43.0415,11.7985],[43.2066,11.9578],[43.3771,12.0048],[43.4187,12.0913],[43.4114,12.2418],[43.313,12.4777],[43.1177,12.7079],[42.8521,12.6117],[42.7852,12.5172],[42.7923,12.4292],[42.6783,12.36],[42.5216,12.4962],[42.3795,12.4659],[41.9364,11.8274],[41.8082,11.7362],[41.7491,11.538],[41.788,11.2597],[41.7987,10.9707],[41.9542,10.9413],[42.0694,10.9815],[42.3918,11.0059],[42.6156,11.0897],[42.7718,10.9965],[42.9237,10.9988],[43.2407,11.4879]]]},"properties":{"ADMIN":"Djibouti","ADM0_A3":"DJI","NAME_EN":"Djibouti","LABEL_X":42.498825,"LABEL_Y":11.976343,"FCLASS_IN":""}},
{"type":"Feature","geometry":{"type":"MultiPolygon","coordinates":[[[[43.1177,12.7079],[43.0864,12.8209],[42.9632,12.8105],[42.7739,12.8621],[42.7376,13.0177],[42.6554,13.0723],[42.5207,13.2355],[42.3794,13.2226],[42.2884,13.5746],[42.0996,13.6544],[41.981,13.8378],[41.806,13.9297],[41.6765,13.9403],[41.6209,14.0636],[41.3359,14.402],[41.3068,14.4889],[41.1561,14.6416],[40.8081,14.7028],[40.7337,14.8182],[40.5542,14.9902],[40.3757,14.9867],[40.3018,14.9169],[40.1594,14.9822],[40.0266,15.2372],[40.0724,15.3507],[39.8753,15.5041],[39.7734,15.3905],[39.7785,15.2976],[39.8547,15.1735],[39.8113,15.0789],[39.6983,15.1236],[39.7183,15.2639],[39.5872,15.5314],[39.4828,15.6149],[39.427,15.8204],[39.3135,15.8939],[39.2356,16.1087],[39.1974,16.2986],[39.1633,16.6282],[39.0559,17.0341],[38.929,17.3971],[38.6016,18.0048],[38.4593,17.8907],[38.3437,17.6559],[38.1606,17.5573],[38.0154,17.54],[37.872,17.4373],[37.7989,17.4771],[37.7204,17.3838],[37.5068,17.3185],[37.501,17.1951],[37.4034,17.0299],[37.3098,17.0553],[37.134,17.0164],[37.0005,17.0726],[36.985,16.7657],[36.9014,16.6557],[36.8773,16.5273],[36.9337,16.4181],[36.944,16.2529],[36.8859,16.1849],[36.7595,15.8375],[36.671,15.7231],[36.5249,15.2479],[36.4236,15.1115],[36.5264,14.2635],[36.7481,14.3321],[37.0727,14.2853],[37.1211,14.4208],[37.2938,14.4574],[37.394,14.3501],[37.4754,14.1996],[37.565,14.1167],[37.8915,14.8795],[38.0067,14.7244],[38.2293,14.6797],[38.325,14.5046],[38.4268,14.4172],[38.8661,14.4937],[39.0755,14.6374],[39.2082,14.4402],[39.4894,14.5245],[39.7669,14.5048],[39.9112,14.4234],[40.1046,14.466],[40.2771,14.4046],[40.4216,14.2738],[40.8332,14.106],[41.0436,13.8725],[41.192,13.6159],[41.5307,13.3938],[41.7118,13.2479],[41.8166,13.1128],[41.9466,12.8762],[42.1373,12.7733],[42.3795,12.4659],[42.5216,12.4962],[42.6783,12.36],[42.7923,12.4292],[42.7852,12.5172],[42.8521,12.6117],[43.1177,12.7079]]],[[[40.3864,15.6413],[40.2874,15.7021],[40.1638,15.6444],[40.0916,15.8498],[39.925,15.777],[40.0386,15.719],[40.0608,15.5922],[40.2874,15.573],[40.3864,15.6413]]]]},"properties":{"ADMIN":"Eritrea","ADM0_A3":"ERI","NAME_EN":"Eritrea","LABEL_X":38.285566,"LABEL_Y":15.787401,"FCLASS_IN":""}},
{"type":"Feature","geometry":{"type":"Polygon","coordinates":[[[16.945,48.6042],[16.873,48.719],[16.4357,48.7945],[16.3583,48.7273],[16.0323,48.7581],[15.8185,48.8723],[15.6813,48.8585],[15.2629,48.9826],[14.9821,49.0079],[14.9193,48.7616],[14.8004,48.7765],[14.6957,48.5895],[14.4436,48.6365],[14.3157,48.5579],[14.0748,48.5917],[13.9823,48.7065],[13.8157,48.7664],[13.8024,48.6117],[13.7143,48.5232],[13.5207,48.5846],[13.4056,48.3766],[13.2742,48.3071],[13.0328,48.2636],[12.745,48.1206],[12.7602,48.0649],[12.9912,47.8471],[12.892,47.7235],[13.0748,47.6467],[13.0373,47.493],[12.9425,47.4705],[12.7789,47.5548],[12.7448,47.6654],[12.4966,47.6289],[12.4241,47.6916],[12.2023,47.6778],[12.1656,47.604],[11.6205,47.5897],[11.4126,47.5061],[11.2588,47.4007],[11.0837,47.3895],[10.7903,47.5161],[10.6079,47.5623],[10.431,47.5422],[10.452,47.4388],[10.3059,47.3022],[9.9487,47.5242],[9.5475,47.5345],[9.6495,47.4097],[9.5212,47.2628],[9.6157,47.1068],[9.5812,47.0569],[9.858,47.0155],[9.8624,46.9398],[10.1113,46.8471],[10.3679,46.9955],[10.4538,46.8644],[10.6625,46.861],[10.7548,46.7908],[10.9969,46.7691],[11.0919,46.9124],[11.3138,46.9873],[11.5965,47.0004],[11.7464,46.9725],[11.9436,47.0382],[12.1112,46.993],[12.2691,46.7886],[12.405,46.6901],[12.8304,46.6096],[13.0645,46.598],[13.2311,46.5522],[13.478,46.5636],[13.701,46.5197],[14.05,46.4844],[14.1499,46.4401],[14.5022,46.4184],[14.7886,46.5066],[14.8504,46.6011],[15.062,46.6496],[15.3881,46.6456],[15.4627,46.6146],[15.6521,46.7108],[15.9705,46.743],[16.094,46.8628],[16.2749,47.0043],[16.4372,47.0318],[16.5095,47.1375],[16.4128,47.1872],[16.425,47.3511],[16.6409,47.4529],[16.688,47.5226],[16.6098,47.7506],[16.7975,47.6755],[17.0548,47.702],[17.0395,47.8374],[17.1483,48.0054],[16.9819,48.1613],[16.9506,48.2766],[16.8445,48.3656],[16.945,48.6042]]]},"properties":{"ADMIN":"Austria","ADM0_A3":"AUT","NAME_EN":"Austria","LABEL_X":14.130515,"LABEL_Y":47.518859,"FCLASS_IN":""}},
{"type":"Feature","geometry":{"type":"Polygon","coordinates":[[[44.7661,37.1419],[44.5782,37.1664],[44.4281,37.0648],[44.2343,36.9837],[44.18,37.0876],[44.2232,37.2541],[43.9904,37.3125],[43.8936,37.2249],[43.4796,37.2434],[43.3361,37.3202],[43.0837,37.3688],[42.937,37.3202],[42.7716,37.3749],[42.5613,37.1466],[42.3572,37.11],[42.2816,36.994],[41.8438,36.6179],[41.4149,36.5274],[41.277,36.3548],[41.2406,36.043],[41.3437,35.8577],[41.3635,35.6552],[41.2613,35.4943],[41.1915,35.1821],[41.1957,34.7685],[40.988,34.4285],[40.936,34.3861],[40.6905,34.3315],[39.8804,33.9256],[38.7745,33.3717],[39.0572,32.4966],[38.9786,32.4757],[39.0463,32.3085],[39.2358,32.3529],[39.292,32.2445],[39.1464,32.1181],[40.0293,31.9944],[40.4241,31.9205],[41.5476,31.3487],[42.0754,31.0799],[42.8587,30.4947],[43.8901,29.7674],[44.6918,29.2018],[45.4349,29.1362],[46.3575,29.0631],[46.5324,29.0957],[46.8534,29.4446],[46.9578,29.6204],[47.1105,29.9609],[47.3582,30.0921],[47.6742,30.0982],[47.948,29.994],[48.0383,30.0369],[48.2092,30.0245],[48.3355,29.9614],[48.531,29.9613],[48.4531,30.0014],[48.397,30.221],[48.1577,30.4263],[48.0136,30.4639],[48.0154,30.9762],[47.6729,30.9947],[47.6789,31.4079],[47.8313,31.7618],[47.6681,32.0124],[47.3958,32.337],[47.3433,32.4587],[47.121,32.461],[46.7159,32.756],[46.4793,32.8918],[46.2734,32.9595],[46.097,32.9543],[46.1672,33.1683],[46.1553,33.2602],[46.0362,33.3679],[45.886,33.6309],[45.6588,33.6817],[45.4858,33.9387],[45.4199,33.9944],[45.5344,34.1282],[45.5576,34.312],[45.448,34.3621],[45.5007,34.5917],[45.7015,34.5513],[45.6274,34.7208],[45.6766,34.8183],[45.835,34.8902],[45.857,35.0213],[46.0092,35.0609],[46.1655,35.1899],[46.1202,35.3185],[45.964,35.4942],[46.0371,35.6916],[46.2379,35.7155],[46.0604,35.8572],[45.8142,35.8093],[45.7187,35.8283],[45.6469,35.9332],[45.3483,36.0875],[45.2389,36.403],[45.1108,36.4025],[44.9914,36.5337],[45.0443,36.6493],[44.9962,36.7417],[44.8312,36.7919],[44.8808,37.0249],[44.7661,37.1419]]]},"properties":{"ADMIN":"Iraq","ADM0_A3":"IRQ","NAME_EN":"Iraq","LABEL_X":43.26181,"LABEL_Y":33.09403,"FCLASS_IN":""}},
{"type":"Feature","geometry":{"type":"MultiPolygon","coordinates":[[[[7.0221,45.9253],[6.8008,45.8265],[6.7959,45.7181],[6.9634,45.6407],[6.9828,45.5111],[7.1607,45.4109],[7.0622,45.2185],[6.8441,45.1301],[6.6027,45.1034],[6.7235,45.0134],[6.7279,44.9287],[6.9828,44.847],[7.019,44.7389],[6.8388,44.5029],[6.8661,44.3721],[7.0335,44.2429],[7.3808,44.1229],[7.6247,44.1801],[7.6919,44.0846],[7.4779,43.8655],[7.5023,43.7922],[7.695,43.7912],[7.9597,43.8529],[8.1447,43.9526],[8.2332,44.1036],[8.4082,44.1935],[8.4661,44.3043],[8.7624,44.4321],[9.2306,44.3537],[9.4844,44.2438],[9.7718,44.0794],[9.8447,44.1086],[10.1058,44.0168],[10.264,43.8094],[10.3263,43.4769],[10.437,43.3886],[10.5466,43.1471],[10.4995,42.9405],[10.6814,42.949],[10.7777,42.8947],[10.7313,42.8044],[10.99,42.7103],[11.1869,42.5208],[11.1642,42.4398],[11.3766,42.4069],[11.6582,42.2794],[11.8275,42.0342],[11.9168,42.0379],[12.1475,41.9035],[12.239,41.7363],[12.448,41.6308],[12.6194,41.4591],[12.8936,41.3993],[13.0446,41.2275],[13.3244,41.2948],[13.5144,41.2297],[13.7219,41.2524],[13.8517,41.1473],[14.0523,40.8376],[14.2035,40.8012],[14.2942,40.8388],[14.4741,40.7297],[14.5442,40.6136],[14.7522,40.6767],[14.8888,40.5731],[14.9983,40.3976],[14.9111,40.2416],[15.1272,40.1696],[15.2831,40.0299],[15.4101,39.994],[15.6102,40.0732],[15.7819,39.8686],[15.8675,39.5639],[15.9954,39.4388],[16.083,39.0753],[16.2201,38.8991],[16.1209,38.7209],[16.0026,38.7254],[15.8445,38.6604],[15.9048,38.4739],[15.7865,38.278],[15.6506,38.241],[15.6275,38.1074],[15.6658,37.9669],[15.7615,37.9252],[16.09,37.9492],[16.1694,38.1432],[16.3399,38.3008],[16.5696,38.4295],[16.5388,38.7233],[16.6106,38.8166],[16.8386,38.9182],[17.1277,38.9288],[17.1222,39.3383],[17.1587,39.4062],[16.7498,39.62],[16.5156,39.6896],[16.4917,39.8055],[16.6316,39.9662],[16.6047,40.0845],[16.7376,40.211],[16.9121,40.4452],[17.0496,40.5191],[17.2474,40.5028],[17.2129,40.4062],[17.5121,40.3037],[17.8477,40.29],[17.9972,40.1204],[18.0073,39.9861],[18.2113,39.8393],[18.384,39.8139],[18.4341,40.0225],[18.5174,40.1142],[18.4373,40.2679],[18.2383,40.4577],[18.0374,40.557],[18.007,40.6507],[17.4761,40.8301],[17.2764,40.9802],[17.0571,41.0819],[16.5939,41.207],[16.0217,41.4278],[15.9118,41.5029],[15.9253,41.64],[16.1929,41.7909],[16.1405,41.9199],[16.0271,41.9441],[15.4461,41.9069],[15.1234,41.9343],[14.9937,42.0106],[14.7407,42.0846],[14.7171,42.1601],[14.5602,42.2257],[14.0754,42.5988],[13.9447,42.7983],[13.8348,43.1273],[13.617,43.5313],[13.2533,43.7032],[12.9473,43.8976],[12.7103,43.9829],[12.4788,44.1393],[12.3688,44.2507],[12.2837,44.4876],[12.2536,44.7513],[12.4446,44.8205],[12.527,44.9433],[12.3762,45.039],[12.2961,45.2266],[12.1688,45.2622],[12.2727,45.4636],[12.4419,45.5303],[12.4878,45.4567],[12.9439,45.6286],[13.085,45.6419],[13.1314,45.7689],[13.5078,45.7144],[13.5513,45.7924],[13.7262,45.7038],[13.7118,45.5932],[13.8584,45.6494],[13.7787,45.7434],[13.5813,45.8092],[13.6228,45.9664],[13.5051,46.066],[13.6374,46.1804],[13.4101,46.208],[13.3653,46.2903],[13.701,46.5197],[13.478,46.5636],[13.2311,46.5522],[13.0645,46.598],[12.8304,46.6096],[12.405,46.6901],[12.2691,46.7886],[12.1112,46.993],[11.9436,47.0382],[11.7464,46.9725],[11.5965,47.0004],[11.3138,46.9873],[11.0919,46.9124],[10.9969,46.7691],[10.7548,46.7908],[10.6625,46.861],[10.4538,46.8644],[10.2954,46.5511],[10.0975,46.608],[10.0263,46.4463],[10.1334,46.414],[10.0427,46.2205],[9.899,46.3722],[9.6743,46.2918],[9.4516,46.3704],[9.4379,46.492],[9.2632,46.4851],[9.2248,46.2312],[9.0021,46.0393],[9.0017,45.9361],[8.7679,45.9831],[8.8344,46.0664],[8.6018,46.1228],[8.4272,46.2514],[8.4416,46.4349],[8.0773,46.262],[8.1106,46.127],[7.9858,45.9993],[7.8312,45.9145],[7.5411,45.9841],[7.3618,45.9078],[7.1837,45.8805],[7.0221,45.9253]],[[12.4295,43.8921],[12.3856,43.9245],[12.4214,43.9672],[12.4903,43.9392],[12.4295,43.8921]],[[12.4531,41.9028],[12.453,41.9039],[12.454,41.9039],[12.454,41.9028],[12.4531,41.9028]]],[[[15.5287,38.3026],[15.3997,38.2326],[15.2454,38.2172],[15.0879,38.1282],[14.9071,38.1877],[14.7337,38.1576],[14.6346,38.0815],[14.2732,38.0151],[14.0205,38.0494],[13.7908,37.9736],[13.6511,38.001],[13.5135,38.1105],[13.3914,38.1032],[13.3102,38.2195],[13.1009,38.1901],[13.0274,38.0624],[12.9011,38.0281],[12.7254,38.1259],[12.5042,38.0112],[12.427,37.797],[12.489,37.6827],[12.6978,37.5627],[12.9426,37.5685],[13.1741,37.487],[13.4526,37.2988],[13.8944,37.1008],[14.0886,37.1177],[14.2788,37.044],[14.3945,36.945],[14.4873,36.7934],[14.7808,36.6994],[14.8822,36.7307],[15.0736,36.6591],[15.094,36.7995],[15.1747,36.9441],[15.3294,37.0277],[15.1107,37.3218],[15.0967,37.4945],[15.1638,37.5677],[15.2066,37.7477],[15.5003,38.0849],[15.5838,38.2404],[15.5287,38.3026]]],[[[9.7922,40.557],[9.6618,40.809],[9.5733,40.9064],[9.5462,41.1209],[9.2306,41.2626],[9.1576,41.1689],[9.0248,41.1289],[8.7644,40.9138],[8.5205,40.827],[8.3102,40.8507],[8.2332,40.9101],[8.1338,40.7289],[8.1406,40.6252],[8.312,40.5781],[8.4629,40.3145],[8.49,40.1045],[8.4014,40.0499],[8.3983,39.9053],[8.5552,39.8527],[8.4634,39.5768],[8.3869,39.4698],[8.4264,39.2833],[8.3718,39.2306],[8.6428,38.89],[8.8415,38.8806],[9.0183,38.9953],[9.0183,39.1461],[9.0789,39.2123],[9.2525,39.2252],[9.4504,39.1244],[9.5578,39.1397],[9.6449,39.484],[9.6489,39.639],[9.7323,40.0839],[9.6261,40.2631],[9.7494,40.3773],[9.7922,40.557]]]]},"properties":{"ADMIN":"Italy","ADM0_A3":"ITA","NAME_EN":"Italy","LABEL_X":11.076907,"LABEL_Y":44.732482,"FCLASS_IN":""}},
{"type":"Feature","geometry":{"type":"Polygon","coordinates":[[[10.4538,46.8644],[10.3679,46.9955],[10.1113,46.8471],[9.8624,46.9398],[9.858,47.0155],[9.5812,47.0569],[9.485,47.1763],[9.5212,47.2628],[9.6495,47.4097],[9.5475,47.5345],[9.2732,47.6501],[9.0166,47.6789],[8.9062,47.6518],[8.5582,47.8012],[8.2511,47.622],[8.0872,47.5674],[7.8197,47.5953],[7.586,47.5846],[7.3785,47.4306],[7.2448,47.4177],[7.1037,47.4963],[6.8988,47.3957],[7.0443,47.3405],[6.6654,47.0213],[6.4426,46.9442],[6.4292,46.7608],[6.1319,46.5956],[6.0642,46.4711],[6.2141,46.3155],[6.3016,46.3945],[6.4829,46.4486],[6.7627,46.4293],[6.8539,46.1226],[7.0221,45.9253],[7.1837,45.8805],[7.3618,45.9078],[7.5411,45.9841],[7.8312,45.9145],[7.9858,45.9993],[8.1106,46.127],[8.0773,46.262],[8.4416,46.4349],[8.4272,46.2514],[8.6018,46.1228],[8.8344,46.0664],[8.7679,45.9831],[9.0017,45.9361],[9.0021,46.0393],[9.2248,46.2312],[9.2632,46.4851],[9.4379,46.492],[9.4516,46.3704],[9.6743,46.2918],[9.899,46.3722],[10.0427,46.2205],[10.1334,46.414],[10.0263,46.4463],[10.0975,46.608],[10.2954,46.5511],[10.4538,46.8644]]]},"properties":{"ADMIN":"Switzerland","ADM0_A3":"CHE","NAME_EN":"Switzerland","LABEL_X":7.463965,"LABEL_Y":46.719114,"FCLASS_IN":""}},
{"type":"Feature","geometry":{"type":"MultiPolygon","coordinates":[[[[44.807,39.6399],[44.5657,39.7659],[44.4595,39.6985],[44.4048,39.4344],[44.2695,39.3829],[44.0614,39.4003],[44.0777,39.2001],[44.1866,39.1451],[44.1392,38.994],[44.275,38.8436],[44.2486,38.7218],[44.297,38.6223],[44.2895,38.3823],[44.4247,38.377],[44.3338,38.1009],[44.2215,37.9688],[44.2196,37.8753],[44.3779,37.8541],[44.4505,37.7666],[44.5961,37.7164],[44.5659,37.4472],[44.8016,37.2927],[44.7661,37.1419],[44.8808,37.0249],[44.8312,36.7919],[44.9962,36.7417],[45.0443,36.6493],[44.9914,36.5337],[45.1108,36.4025],[45.2389,36.403],[45.3483,36.0875],[45.6469,35.9332],[45.7187,35.8283],[45.8142,35.8093],[46.0604,35.8572],[46.2379,35.7155],[46.0371,35.6916],[45.964,35.4942],[46.1202,35.3185],[46.1655,35.1899],[46.0092,35.0609],[45.857,35.0213],[45.835,34.8902],[45.6766,34.8183],[45.6274,34.7208],[45.7015,34.5513],[45.5007,34.5917],[45.448,34.3621],[45.5576,34.312],[45.5344,34.1282],[45.4199,33.9944],[45.4858,33.9387],[45.6588,33.6817],[45.886,33.6309],[46.0362,33.3679],[46.1553,33.2602],[46.1672,33.1683],[46.097,32.9543],[46.2734,32.9595],[46.4793,32.8918],[46.7159,32.756],[47.121,32.461],[47.3433,32.4587],[47.3958,32.337],[47.6681,32.0124],[47.8313,31.7618],[47.6789,31.4079],[47.6729,30.9947],[48.0154,30.9762],[48.0136,30.4639],[48.1577,30.4263],[48.397,30.221],[48.4531,30.0014],[48.531,29.9613],[48.6406,30.0381],[48.8767,30.0245],[48.9348,30.0797],[48.9212,30.2504],[48.8623,30.3456],[48.9815,30.5156],[49.1668,30.5088],[49.0037,30.3094],[49.2451,30.1565],[49.4798,30.1561],[49.6008,30.0301],[49.9146,30.2039],[50.0734,30.1957],[50.1277,30.1207],[50.1449,29.9381],[50.2438,29.8668],[50.397,29.6547],[50.6553,29.4491],[50.6438,29.1435],[50.8403,29.1406],[50.9202,29.069],[50.813,28.9147],[50.8761,28.832],[51.0588,28.7359],[51.0725,28.5653],[51.1419,28.4008],[51.2648,28.2705],[51.2648,28.1605],[51.3803,27.9914],[51.5851,27.8493],[51.7228,27.8251],[52.0112,27.8327],[52.2449,27.6814],[52.4231,27.6466],[52.5676,27.5407],[52.6013,27.3529],[53.072,27.0969],[53.4121,26.9936],[53.4915,26.8543],[53.7161,26.7086],[53.9951,26.7456],[54.1504,26.7082],[54.3081,26.715],[54.3894,26.6051],[54.5613,26.5847],[54.62,26.5082],[54.8015,26.4982],[55.2708,26.7925],[55.3973,26.7622],[55.5545,26.8105],[55.6086,26.9537],[55.6848,27.003],[55.9393,27.0267],[56.1237,27.1606],[56.353,27.2016],[56.5829,27.1531],[56.8088,27.1396],[56.9733,26.9688],[57.09,26.6188],[57.0763,26.4475],[57.1331,26.2637],[57.2129,26.1662],[57.1646,26.0949],[57.3262,25.777],[57.7713,25.7305],[57.7874,25.6354],[57.9632,25.6932],[58.0731,25.5636],[58.5464,25.5937],[58.8137,25.5636],[58.9943,25.4196],[59.1172,25.3942],[59.4539,25.4616],[59.538,25.3997],[59.7749,25.3899],[59.9038,25.3299],[60.082,25.3659],[60.2092,25.3197],[60.3626,25.3306],[60.4285,25.4196],[60.5497,25.4469],[60.6335,25.275],[61.0306,25.2098],[61.1851,25.1232],[61.4117,25.0594],[61.5882,25.2021],[61.62,25.2855],[61.6603,25.7692],[61.7601,25.8376],[61.8099,26.1674],[61.8571,26.2424],[62.2434,26.3506],[62.292,26.5012],[62.428,26.5648],[62.5953,26.5807],[62.7536,26.6442],[63.1413,26.6254],[63.1823,26.8302],[63.2649,26.89],[63.2299,27.0541],[63.2515,27.219],[63.167,27.2587],[62.9196,27.2149],[62.8006,27.2252],[62.756,27.3481],[62.8147,27.495],[62.7803,27.8297],[62.7357,27.995],[62.7664,28.2115],[62.5756,28.229],[62.3628,28.4189],[62.0491,28.4863],[61.8928,28.5426],[61.653,28.7563],[61.5665,28.871],[61.4878,29.0807],[61.3423,29.2545],[61.2792,29.4066],[60.8444,29.8582],[61.4617,30.4945],[61.7852,30.8314],[61.8263,31.0346],[61.7492,31.3024],[61.6612,31.3819],[60.855,31.4827],[60.7926,31.6601],[60.7749,32.0272],[60.8303,32.2489],[60.5775,32.9943],[60.5676,33.1513],[60.8186,33.4049],[60.8796,33.5487],[60.6556,33.5599],[60.5118,33.6384],[60.528,33.8414],[60.4868,34.0943],[60.6437,34.3066],[60.8905,34.3189],[60.7144,34.5374],[60.9475,34.638],[60.9599,34.7232],[61.0655,34.8147],[61.1159,35.0599],[61.1083,35.278],[61.29,35.5481],[61.2697,35.6185],[61.2317,35.6719],[61.2474,35.8762],[61.174,36.0065],[61.2228,36.1175],[61.1525,36.4063],[61.186,36.5777],[61.0755,36.6478],[60.3423,36.6371],[60.0192,37.0258],[59.7972,37.1122],[59.5095,37.1898],[59.3704,37.3194],[59.3517,37.4938],[59.2117,37.5163],[59.0456,37.6196],[58.861,37.6681],[58.7043,37.6446],[58.5143,37.6915],[58.3718,37.6304],[58.2068,37.6787],[58.1812,37.7749],[57.6912,37.9203],[57.4963,37.9223],[57.3524,37.9675],[57.3443,38.0811],[57.2183,38.2651],[57.0384,38.1873],[56.739,38.2696],[56.5852,38.2346],[56.4365,38.2551],[56.2971,38.1658],[56.2997,38.0802],[55.9784,38.0659],[55.7087,38.1187],[55.4231,38.0759],[55.1303,37.9523],[54.8566,37.7611],[54.7873,37.6519],[54.7837,37.5175],[54.6169,37.433],[54.1866,37.3237],[53.9137,37.3428],[54.0335,36.9491],[54.0143,36.8211],[53.8892,36.7936],[53.701,36.8166],[53.6604,36.8769],[53.4924,36.8879],[53.1157,36.8223],[52.7793,36.7404],[51.909,36.5827],[51.0886,36.737],[50.4789,37.035],[50.3223,37.1533],[50.1488,37.4039],[49.9353,37.4536],[49.4417,37.4949],[49.1325,37.6234],[49.0145,37.7392],[48.9077,38.0835],[48.8743,38.4341],[48.6079,38.396],[48.4337,38.57],[48.3103,38.6002],[48.2104,38.7298],[48.013,38.8216],[48.0585,38.9484],[48.2432,38.9739],[48.3068,39.0454],[48.1422,39.1812],[48.1246,39.2976],[48.3389,39.3789],[48.052,39.6501],[47.8469,39.6853],[47.5541,39.522],[47.3742,39.4556],[47.2914,39.3796],[47.1022,39.3084],[47.0205,39.19],[46.8662,39.1654],[46.7448,39.0403],[46.514,38.8822],[46.3919,38.9224],[46.1359,38.8637],[45.4386,39.0042],[45.3482,39.1639],[45.1789,39.2198],[45.0517,39.3868],[44.957,39.4345],[44.8864,39.606],[44.807,39.6399]]],[[[56.2124,27.003],[56.041,26.9757],[55.7857,26.845],[55.7368,26.7824],[55.3519,26.6474],[55.5029,26.5949],[55.7058,26.6945],[55.8766,26.7429],[55.947,26.6963],[56.0808,26.7853],[56.2124,27.003]]]]},"properties":{"ADMIN":"Iran","ADM0_A3":"IRN","NAME_EN":"Iran","LABEL_X":54.931495,"LABEL_Y":32.166225,"FCLASS_IN":""}},
{"type":"Feature","geometry":{"type":"MultiPolygon","coordinates":[[[[7.1946,53.245],[6.9006,53.3518],[6.7302,53.4606],[6.3456,53.4127],[5.9808,53.4061],[5.5916,53.3028],[5.4474,53.2209],[5.3792,53.0974],[4.9131,52.9056],[4.7455,52.9676],[4.5969,52.5066],[4.5081,52.3364],[4.1419,52.0056],[4.01,51.9801],[4.0339,51.7842],[4.118,51.6307],[4.0571,51.5084],[3.8289,51.6127],[3.5604,51.5946],[3.5354,51.4592],[3.8272,51.3911],[3.9431,51.4504],[4.2611,51.3694],[4.5252,51.4759],[4.7312,51.4856],[4.9103,51.3919],[5.0681,51.3745],[5.2154,51.2587],[5.4716,51.2881],[5.5455,51.2199],[5.8405,51.1389],[5.6407,50.815],[5.7932,50.7521],[5.9949,50.7499],[6.0637,50.9075],[5.9829,51.0747],[6.1324,51.1398],[6.0652,51.2316],[6.1836,51.3357],[6.1933,51.5093],[6.0992,51.6445],[5.9393,51.7319],[5.928,51.8067],[6.2252,51.8625],[6.3825,51.8276],[6.7167,51.8993],[6.804,51.9844],[6.7659,52.1084],[7.0263,52.2306],[7.0482,52.3651],[6.6951,52.4756],[6.7018,52.6191],[7.0367,52.6474],[7.0799,52.8544],[7.1836,52.9661],[7.1946,53.245]]],[[[3.3494,51.3752],[3.3917,51.2468],[3.6351,51.2878],[3.927,51.2063],[4.119,51.2724],[4.2215,51.368],[3.7555,51.3501],[3.5414,51.4167],[3.3494,51.3752]]]]},"properties":{"ADMIN":"Netherlands","ADM0_A3":"NLD","NAME_EN":"Netherlands","LABEL_X":5.61144,"LABEL_Y":52.422211,"FCLASS_IN":""}},
{"type":"Feature","geometry":{"type":"Polygon","coordinates":[[[9.5212,47.2628],[9.485,47.1763],[9.5812,47.0569],[9.6157,47.1068],[9.5212,47.2628]]]},"properties":{"ADMIN":"Liechtenstein","ADM0_A3":"LIE","NAME_EN":"Liechtenstein","LABEL_X":9.559439,"LABEL_Y":47.111405,"FCLASS_IN":""}},
{"type":"Feature","geometry":{"type":"Polygon","coordinates":[[[-7.9897,10.162],[-8.1088,10.0542],[-8.1738,9.9419],[-8.1235,9.8449],[-8.1616,9.5756],[-8.0872,9.4154],[-8.0323,9.3846],[-7.8654,9.4099],[-7.9296,9.1839],[-7.7594,9.0917],[-7.9167,9.0123],[-7.9589,8.782],[-7.8037,8.7491],[-7.6916,8.6061],[-7.6896,8.4387],[-7.771,8.3865],[-7.8986,8.4263],[-7.9705,8.497],[-8.2003,8.4918],[-8.266,8.246],[-8.0217,8.1177],[-8.1289,7.8826],[-8.1274,7.713],[-8.229,7.5443],[-8.3032,7.5893],[-8.4854,7.558],[-8.4436,7.5371],[-8.3877,7.315],[-8.3026,7.1376],[-8.2841,7.0179],[-8.3518,6.7554],[-8.5661,6.5509],[-8.5681,6.4904],[-8.4051,6.4363],[-8.3888,6.3551],[-8.1706,6.274],[-8.0601,6.3011],[-7.9349,6.2714],[-7.8441,6.184],[-7.7996,5.9745],[-7.6805,5.9409],[-7.5591,5.8399],[-7.4465,5.8459],[-7.4495,5.7324],[-7.3936,5.524],[-7.45,5.4228],[-7.3969,5.3664],[-7.4682,5.2735],[-7.4889,5.1407],[-7.5782,5.0547],[-7.6055,4.8974],[-7.5725,4.7234],[-7.5738,4.3754],[-7.5407,4.3528],[-7.4568,4.3441],[-7.1735,4.5188],[-7.0582,4.539],[-6.9142,4.6557],[-6.6268,4.7246],[-6.5839,4.7604],[-6.1386,4.9152],[-5.8513,5.03],[-5.5248,5.0998],[-4.7847,5.1439],[-4.6205,5.1807],[-3.9958,5.2317],[-4.1838,5.2802],[-4.4416,5.225],[-4.4777,5.2913],[-4.1255,5.3074],[-3.8409,5.2012],[-3.3122,5.1199],[-3.2051,5.2187],[-3.1391,5.1423],[-2.9467,5.1771],[-2.8437,5.1491],[-2.7809,5.1509],[-2.7896,5.3469],[-2.7327,5.3557],[-2.7818,5.5789],[-2.8775,5.6368],[-2.9695,5.6214],[-3.0298,5.7043],[-3.02,5.8184],[-3.0878,5.9967],[-3.1181,6.1635],[-3.1836,6.2639],[-3.2625,6.6171],[-3.2104,6.716],[-3.2249,6.8494],[-3.1096,7.0464],[-3.0459,7.0712],[-2.9905,7.2707],[-2.9415,7.5772],[-2.84,7.8202],[-2.6194,8.1231],[-2.5063,8.2093],[-2.6194,8.9236],[-2.6608,9.0149],[-2.7748,9.055],[-2.6598,9.2729],[-2.6892,9.4887],[-2.7637,9.3919],[-2.9102,9.5427],[-2.99,9.7084],[-3.0946,9.7339],[-3.1369,9.8295],[-3.2779,9.8435],[-3.3892,9.9132],[-3.6063,9.9182],[-3.6617,9.9489],[-3.8897,9.8945],[-4.0599,9.7963],[-4.1331,9.8204],[-4.2703,9.7439],[-4.3225,9.6089],[-4.5017,9.655],[-4.604,9.7272],[-4.7055,9.7021],[-4.8385,9.8695],[-4.9661,9.901],[-4.9745,10.0555],[-5.0483,10.0854],[-5.1118,10.2787],[-5.2176,10.3199],[-5.4025,10.3006],[-5.5226,10.4255],[-5.594,10.4539],[-5.8063,10.4135],[-5.9048,10.3483],[-6.0159,10.1899],[-6.1809,10.2158],[-6.1858,10.4813],[-6.2562,10.5372],[-6.2078,10.6375],[-6.28,10.7233],[-6.434,10.6679],[-6.5214,10.5642],[-6.6679,10.6509],[-6.7003,10.3417],[-6.8039,10.3709],[-6.9731,10.3323],[-6.9594,10.1855],[-7.347,10.2479],[-7.4444,10.3342],[-7.4662,10.4295],[-7.6437,10.4405],[-7.7086,10.4025],[-7.829,10.2117],[-7.9897,10.162]]]},"properties":{"ADMIN":"Ivory Coast","ADM0_A3":"CIV","NAME_EN":"Ivory Coast","LABEL_X":-5.568618,"LABEL_Y":7.49139,"FCLASS_IN":""}},
{"type":"Feature","geometry":{"type":"Polygon","coordinates":[[[-12.2641,14.7749],[-12.1659,14.6252],[-12.2364,14.5195],[-12.2217,14.3912],[-12.1156,14.3551],[-11.9976,14.1662],[-12.0252,14.0267],[-11.9629,13.9092],[-12.0123,13.7512],[-12.0976,13.7044],[-11.9968,13.5442],[-11.8904,13.4651],[-11.8281,13.3073],[-11.7565,13.3998],[-11.6131,13.3608],[-11.5331,13.1118],[-11.4503,13.0751],[-11.4022,12.7317],[-11.461,12.6584],[-11.3778,12.4802],[-11.3884,12.4039],[-11.5078,12.1916],[-11.3513,12.0404],[-11.1912,12.0144],[-11.0523,12.2025],[-10.9098,12.2001],[-10.8049,12.096],[-10.8078,12.0228],[-10.7114,11.8904],[-10.3814,12.1801],[-10.2669,12.2178],[-10.0602,12.1475],[-9.8707,12.0521],[-9.723,12.0254],[-9.6282,12.1702],[-9.4215,12.2571],[-9.3085,12.345],[-9.4126,12.4554],[-9.3215,12.4966],[-9.1473,12.4655],[-8.9938,12.3875],[-8.9959,12.261],[-8.9139,12.1699],[-8.9263,12.0643],[-8.8198,12.0127],[-8.797,11.9132],[-8.8472,11.6579],[-8.7129,11.6401],[-8.679,11.5298],[-8.5276,11.4234],[-8.4277,11.4001],[-8.4832,11.2849],[-8.6246,11.122],[-8.6969,10.996],[-8.5416,10.9838],[-8.5058,11.0528],[-8.3693,11.0542],[-8.3111,11.0008],[-8.2955,10.5374],[-8.2289,10.4234],[-8.0157,10.3393],[-7.9646,10.2589],[-7.9897,10.162],[-7.829,10.2117],[-7.7086,10.4025],[-7.6437,10.4405],[-7.4662,10.4295],[-7.4444,10.3342],[-7.347,10.2479],[-6.9594,10.1855],[-6.9731,10.3323],[-6.8039,10.3709],[-6.7003,10.3417],[-6.6679,10.6509],[-6.5214,10.5642],[-6.434,10.6679],[-6.28,10.7233],[-6.2078,10.6375],[-6.2562,10.5372],[-6.1858,10.4813],[-6.1809,10.2158],[-6.0159,10.1899],[-5.9048,10.3483],[-5.8063,10.4135],[-5.594,10.4539],[-5.5226,10.4255],[-5.4681,10.5878],[-5.4826,10.6842],[-5.4314,10.8447],[-5.4956,10.9962],[-5.4898,11.0821],[-5.3223,11.1355],[-5.2183,11.4222],[-5.2339,11.576],[-5.3078,11.629],[-5.2682,11.8431],[-5.1678,11.9437],[-4.9537,12.0051],[-4.8068,11.9963],[-4.6537,12.0691],[-4.5855,12.1972],[-4.4061,12.3075],[-4.4516,12.4353],[-4.3869,12.5302],[-4.4825,12.6463],[-4.402,12.7366],[-4.2972,12.7121],[-4.2119,12.8192],[-4.2293,12.949],[-4.3511,13.1183],[-4.1471,13.2996],[-4.1043,13.3827],[-3.984,13.3965],[-3.7986,13.3471],[-3.5969,13.1994],[-3.4616,13.1658],[-3.4265,13.2742],[-3.2486,13.2928],[-3.284,13.5422],[-3.2597,13.6583],[-3.1251,13.6773],[-3.0675,13.6068],[-2.8952,13.6516],[-2.9281,13.7996],[-2.8409,14.043],[-2.6932,14.1232],[-2.5974,14.2223],[-2.4617,14.2809],[-2.1519,14.1561],[-2.0234,14.1986],[-2.005,14.4442],[-1.967,14.4837],[-1.6969,14.4961],[-1.3503,14.715],[-1.0433,14.8179],[-0.7529,15.0697],[-0.4679,15.0799],[-0.3977,15.0021],[-0.2367,15.0656],[0.2185,14.911],[0.5148,14.9936],[0.6701,14.9397],[0.9737,14.9913],[1.2709,15.2599],[1.3315,15.2836],[2.0814,15.3086],[3.0002,15.3391],[3.073,15.4272],[3.5071,15.354],[3.5265,15.496],[3.6922,15.6315],[3.8712,15.7148],[3.9035,15.8863],[3.9832,15.984],[3.9712,16.0861],[4.0606,16.2983],[4.184,16.4161],[4.182,16.8096],[4.2356,16.9959],[4.2319,18.1531],[4.2286,19.1422],[3.4398,18.9956],[3.3084,18.9817],[3.1027,19.1536],[3.2582,19.4104],[3.1994,19.5538],[3.2168,19.7941],[2.946,19.9417],[2.4954,20.0201],[2.4004,20.0566],[2.2796,20.2179],[2.1824,20.2785],[2.0563,20.215],[1.7781,20.3043],[1.6492,20.4121],[1.644,20.5227],[1.5204,20.617],[1.364,20.6577],[1.2967,20.7335],[1.1453,20.7959],[1.1801,20.9953],[1.1465,21.1017],[-0.0104,21.8582],[-0.9636,22.4813],[-1.83,23.0478],[-2.5232,23.501],[-3.4485,24.106],[-4.1659,24.575],[-4.8216,24.9951],[-5.9288,24.9944],[-6.5931,24.9941],[-6.4984,24.2084],[-6.3747,23.1503],[-6.2194,21.8229],[-6.1137,20.9196],[-5.9635,19.6206],[-5.8575,18.6608],[-5.7565,17.741],[-5.6233,16.5278],[-5.3533,16.312],[-5.511,15.4959],[-6.6739,15.4947],[-7.5172,15.495],[-8.327,15.4953],[-9.3492,15.4956],[-9.4239,15.4405],[-9.6721,15.4307],[-9.8356,15.3711],[-10.1316,15.3726],[-10.3087,15.4352],[-10.7364,15.4226],[-10.9152,15.1029],[-11.0454,15.2702],[-11.2982,15.451],[-11.4096,15.6022],[-11.5243,15.6003],[-11.6441,15.5264],[-11.7271,15.5412],[-11.8457,15.1791],[-11.8138,15.0285],[-11.8371,14.8931],[-11.974,14.7798],[-12.2641,14.7749]]]},"properties":{"ADMIN":"Mali","ADM0_A3":"MLI","NAME_EN":"Mali","LABEL_X":-2.038455,"LABEL_Y":18.692713,"FCLASS_IN":""}},
{"type":"Feature","geometry":{"type":"Polygon","coordinates":[[[-12.2641,14.7749],[-12.3825,14.846],[-12.4715,14.998],[-12.6229,15.1023],[-12.6903,15.0924],[-12.8568,15.222],[-12.9643,15.5092],[-13.0896,15.497],[-13.1222,15.6035],[-13.2378,15.6234],[-13.3137,15.9221],[-13.4849,16.155],[-13.6759,16.1069],[-13.8113,16.1221],[-13.9641,16.2301],[-14.0156,16.3559],[-14.3433,16.6367],[-14.4066,16.6608],[-14.597,16.6292],[-14.9309,16.6434],[-14.9743,16.6914],[-15.1251,16.5827],[-15.4909,16.5645],[-15.6722,16.4814],[-15.813,16.5138],[-16.0538,16.4954],[-16.1323,16.5548],[-16.3274,16.4746],[-16.3811,16.2467],[-16.466,16.1741],[-16.5423,15.8088],[-16.5389,15.7744],[-16.8782,15.2331],[-17.1387,14.9277],[-17.371,14.8003],[-17.3306,14.7363],[-17.1782,14.6531],[-17.0595,14.4539],[-16.9396,14.3559],[-16.8839,14.189],[-16.8026,14.1079],[-16.7102,13.7736],[-16.5614,13.5869],[-15.5182,13.5831],[-15.3941,13.7715],[-15.2673,13.7418],[-15.0977,13.82],[-14.9158,13.7924],[-14.8029,13.6523],[-14.7286,13.6193],[-14.5855,13.6605],[-14.4703,13.5224],[-14.3299,13.4564],[-14.0929,13.5547],[-13.9675,13.5756],[-13.8187,13.4294],[-13.851,13.3358],[-14.0566,13.2972],[-14.2017,13.2296],[-14.395,13.243],[-14.5922,13.3531],[-14.7316,13.359],[-14.7796,13.4109],[-15.0151,13.4957],[-15.1377,13.59],[-15.2278,13.4252],[-15.3792,13.3625],[-15.5195,13.3866],[-15.8227,13.3194],[-15.8333,13.1568],[-16.6735,13.1643],[-16.7537,13.065],[-16.7612,12.7132],[-16.7987,12.4309],[-16.7284,12.3325],[-16.382,12.3738],[-16.2329,12.4529],[-15.677,12.4393],[-15.1951,12.6794],[-14.4373,12.6763],[-13.7283,12.6734],[-13.0765,12.6359],[-13.0827,12.5157],[-12.981,12.467],[-12.9131,12.5363],[-12.7733,12.4351],[-12.5051,12.3903],[-12.3609,12.3056],[-12.0792,12.4081],[-11.9352,12.417],[-11.7578,12.3833],[-11.5154,12.4316],[-11.3884,12.4039],[-11.3778,12.4802],[-11.461,12.6584],[-11.4022,12.7317],[-11.4503,13.0751],[-11.5331,13.1118],[-11.6131,13.3608],[-11.7565,13.3998],[-11.8281,13.3073],[-11.8904,13.4651],[-11.9968,13.5442],[-12.0976,13.7044],[-12.0123,13.7512],[-11.9629,13.9092],[-12.0252,14.0267],[-11.9976,14.1662],[-12.1156,14.3551],[-12.2217,14.3912],[-12.2364,14.5195],[-12.1659,14.6252],[-12.2641,14.7749]]]},"properties":{"ADMIN":"Senegal","ADM0_A3":"SEN","NAME_EN":"Senegal","LABEL_X":-14.778586,"LABEL_Y":15.138125,"FCLASS_IN":""}},
{"type":"Feature","geometry":{"type":"Polygon","coordinates":[[[3.5964,11.6958],[3.5049,11.5566],[3.4833,11.3923],[3.6625,11.1431],[3.7221,11.1123],[3.7541,10.9071],[3.7313,10.825],[3.8374,10.5999],[3.7569,10.4053],[3.6521,10.4358],[3.5724,10.2857],[3.6556,10.1748],[3.5996,9.9687],[3.5131,9.8466],[3.3171,9.7817],[3.3386,9.6782],[3.1286,9.4296],[3.1514,9.2886],[3.0913,9.1264],[2.9831,9.0606],[2.7692,9.057],[2.7523,8.8123],[2.7229,8.7723],[2.7448,8.4983],[2.6971,8.3207],[2.735,8.2119],[2.6722,7.8896],[2.7272,7.7933],[2.7206,7.5866],[2.7923,7.4776],[2.7412,7.4082],[2.7739,7.0508],[2.7151,6.9798],[2.7236,6.7997],[2.7786,6.6988],[2.7038,6.3684],[2.9277,6.3891],[3.3845,6.3977],[3.4024,6.5522],[3.5414,6.4548],[4.1258,6.4103],[4.4055,6.3589],[4.509,6.3135],[4.7171,6.1636],[4.8859,6.0065],[5.0073,5.8492],[5.198,5.5015],[5.3402,5.3439],[5.3636,5.1716],[5.4863,4.835],[5.5949,4.6365],[5.7824,4.456],[5.9463,4.3352],[6.0967,4.2781],[6.4618,4.3287],[6.846,4.3472],[6.9695,4.3746],[7.1782,4.5015],[7.1697,4.6059],[7.5584,4.5253],[7.7645,4.5192],[8.032,4.5588],[8.2984,4.5533],[8.3565,4.6256],[8.3584,4.7973],[8.469,4.7117],[8.5942,4.8153],[8.6022,4.8813],[8.7583,5.1349],[8.7989,5.1596],[8.8937,5.6218],[8.8193,5.7035],[8.8559,5.8475],[8.9885,5.9373],[9.2733,6.2028],[9.3274,6.2985],[9.5881,6.5027],[9.693,6.5313],[9.7698,6.7737],[9.8746,6.7877],[10.1195,6.9944],[10.2384,6.871],[10.496,6.8747],[10.6025,7.0581],[10.8319,6.9452],[10.8775,6.8161],[11.0559,6.7004],[11.0971,6.4491],[11.3195,6.4373],[11.4167,6.572],[11.5098,6.6123],[11.5715,6.7662],[11.5381,6.8239],[11.6232,6.9323],[11.8813,7.102],[11.7802,7.2411],[11.8447,7.3964],[12.025,7.5966],[12.055,7.7839],[12.1978,7.9752],[12.1883,8.1178],[12.2377,8.2169],[12.25,8.4188],[12.4039,8.4965],[12.377,8.5951],[12.558,8.6057],[12.6604,8.6593],[12.8057,8.8315],[12.8221,9.0968],[12.8884,9.2267],[12.862,9.3829],[12.9824,9.4746],[13.1955,9.5422],[13.2629,9.8017],[13.2127,9.8701],[13.248,10.0794],[13.4349,10.1534],[13.5013,10.4963],[13.5663,10.679],[13.7444,10.9305],[13.7548,11.0167],[13.9823,11.2763],[14.1655,11.2383],[14.3682,11.383],[14.5938,11.4964],[14.6214,11.6298],[14.5465,11.7186],[14.6234,11.9165],[14.6043,12.0304],[14.6699,12.1674],[14.5485,12.2416],[14.5144,12.3235],[14.1798,12.3856],[14.1774,12.5456],[14.0649,13.078],[13.6073,13.7041],[13.36,13.7144],[13.2281,13.548],[13.0549,13.5484],[12.8838,13.496],[12.6831,13.2889],[12.5611,13.2428],[12.4727,13.0642],[12.2772,13.0845],[12.2014,13.1254],[12.0576,13.1168],[11.8528,13.2454],[11.44,13.3644],[10.953,13.3619],[10.675,13.3751],[10.1615,13.2672],[9.9301,13.146],[9.6407,12.8225],[9.2694,12.8098],[8.9428,12.8472],[8.6793,12.9236],[8.5335,13.0646],[8.3978,13.0754],[8.2457,13.2118],[8.0775,13.31],[7.824,13.3453],[7.7556,13.3271],[7.392,13.1125],[7.1982,13.1174],[7.0901,13.0064],[6.9066,13.0069],[6.7787,13.1303],[6.6725,13.3212],[6.3689,13.6263],[6.2298,13.6792],[6.1204,13.6541],[5.5543,13.8734],[5.3741,13.8553],[5.2735,13.7525],[4.9251,13.7331],[4.8569,13.7741],[4.5067,13.6947],[4.4058,13.6412],[4.2485,13.4941],[4.1258,13.473],[4.1237,13.2336],[4.0888,12.9962],[3.9291,12.7504],[3.6457,12.5285],[3.6515,12.269],[3.624,12.0942],[3.6536,11.9868],[3.6039,11.9056],[3.667,11.7597],[3.5964,11.6958]]]},"properties":{"ADMIN":"Nigeria","ADM0_A3":"NGA","NAME_EN":"Nigeria","LABEL_X":7.50322,"LABEL_Y":9.439799,"FCLASS_IN":""}},
{"type":"Feature","geometry":{"type":"Polygon","coordinates":[[[3.5964,11.6958],[3.5035,11.83],[3.2927,11.9187],[3.2551,12.0188],[2.8443,12.3992],[2.6286,12.3008],[2.3612,12.2189],[2.4056,12.0467],[2.3902,11.8965],[2.2911,11.6748],[2.0108,11.4269],[1.8798,11.4449],[1.6016,11.3887],[1.5693,11.4533],[1.4338,11.4594],[1.2684,11.2479],[1.1306,11.2476],[1.035,11.0493],[0.9015,10.9927],[0.8629,10.7961],[0.7813,10.693],[0.7688,10.3671],[1.331,9.9965],[1.3513,9.5951],[1.4253,9.2845],[1.5673,9.1367],[1.6012,9.0495],[1.6076,8.4219],[1.6213,7.9966],[1.6257,6.9968],[1.566,6.6781],[1.7441,6.4257],[1.7824,6.2773],[1.6196,6.2139],[1.8845,6.2748],[2.307,6.3315],[2.7038,6.3684],[2.7786,6.6988],[2.7236,6.7997],[2.7151,6.9798],[2.7739,7.0508],[2.7412,7.4082],[2.7923,7.4776],[2.7206,7.5866],[2.7272,7.7933],[2.6722,7.8896],[2.735,8.2119],[2.6971,8.3207],[2.7448,8.4983],[2.7229,8.7723],[2.7523,8.8123],[2.7692,9.057],[2.9831,9.0606],[3.0913,9.1264],[3.1514,9.2886],[3.1286,9.4296],[3.3386,9.6782],[3.3171,9.7817],[3.5131,9.8466],[3.5996,9.9687],[3.6556,10.1748],[3.5724,10.2857],[3.6521,10.4358],[3.7569,10.4053],[3.8374,10.5999],[3.7313,10.825],[3.7541,10.9071],[3.7221,11.1123],[3.6625,11.1431],[3.4833,11.3923],[3.5049,11.5566],[3.5964,11.6958]]]},"properties":{"ADMIN":"Benin","ADM0_A3":"BEN","NAME_EN":"Benin","LABEL_X":2.352018,"LABEL_Y":10.324775,"FCLASS_IN":""}},
{"type":"Feature","geometry":{"type":"MultiPolygon","coordinates":[[[[13.0737,-4.6353],[12.9024,-4.4802],[12.7617,-4.3912],[12.6081,-4.565],[12.3776,-4.6194],[12.3324,-4.7659],[12.2352,-4.804],[12.0096,-5.0196],[12.1325,-5.0059],[12.1246,-5.1848],[12.2322,-5.4796],[12.1472,-5.6179],[12.2105,-5.7634],[12.3444,-5.7246],[12.509,-5.7263],[12.5307,-5.1627],[12.4444,-5.0551],[12.6789,-4.9243],[12.8332,-4.7227],[13.0737,-4.6353]]],[[[23.9675,-10.8723],[23.8337,-11.0285],[23.4948,-10.9643],[23.3733,-10.9751],[23.1968,-11.0719],[23.0143,-11.1025],[22.8292,-11.0521],[22.7277,-11.0968],[22.5376,-11.0372],[22.4694,-11.1224],[22.2818,-11.2367],[22.1655,-10.8524],[22.3224,-10.7422],[22.274,-10.503],[22.3134,-10.3686],[22.2028,-10.1306],[22.1599,-9.9315],[21.9984,-9.8091],[21.8541,-9.6178],[21.7933,-9.3935],[21.8411,-9.2758],[21.8599,-8.8464],[21.936,-8.413],[21.8512,-8.1435],[21.7585,-8.0151],[21.7705,-7.8068],[21.8541,-7.586],[21.8424,-7.3699],[21.785,-7.2834],[20.5205,-7.2864],[20.5245,-7.1431],[20.6115,-6.916],[20.3311,-6.9168],[20.2943,-7.0019],[19.5218,-7.0019],[19.4764,-7.3159],[19.5132,-7.4794],[19.4247,-7.5797],[19.3338,-7.8673],[19.3555,-8.002],[18.7738,-8.002],[18.7385,-7.9323],[18.5165,-7.9322],[18.5076,-7.9975],[18.1766,-7.9992],[18.0982,-8.1093],[17.9819,-8.1053],[17.9014,-8.0481],[17.7895,-8.0818],[17.5443,-8.0848],[17.5365,-8.0151],[17.2889,-7.6995],[17.0981,-7.4023],[16.9961,-7.298],[16.9271,-7.0857],[16.9732,-7.0148],[16.927,-6.8886],[16.8329,-6.8278],[16.7308,-6.5698],[16.7268,-6.1892],[16.6043,-6.0619],[16.5974,-5.9247],[16.3157,-5.8546],[15.6183,-5.8662],[14.7037,-5.8814],[14.5766,-5.9047],[14.0212,-5.8725],[13.9436,-5.8416],[13.6415,-5.8658],[13.1838,-5.8565],[12.9859,-5.9011],[12.9276,-5.9812],[12.7425,-6.0494],[12.6455,-6.029],[12.4969,-6.0946],[12.2794,-6.1477],[12.6204,-6.7348],[12.8152,-6.947],[12.85,-7.2659],[12.9393,-7.436],[13.2769,-8.1789],[13.3694,-8.3235],[13.3421,-8.4675],[13.4061,-8.6371],[13.3801,-8.7551],[13.2122,-8.8149],[12.9963,-9.0938],[13.1707,-9.4025],[13.2239,-9.6142],[13.1986,-9.7087],[13.3272,-9.886],[13.3174,-9.9763],[13.509,-10.277],[13.5226,-10.3878],[13.7529,-10.6462],[13.7393,-10.7834],[13.8286,-10.9137],[13.8465,-11.1137],[13.7942,-11.3415],[13.7777,-11.5891],[13.7946,-11.7702],[13.7664,-11.9205],[13.6398,-12.2487],[13.5056,-12.3714],[13.4597,-12.5073],[13.364,-12.5927],[13.1786,-12.6017],[12.9395,-12.8167],[12.9448,-12.9824],[12.7615,-13.193],[12.6565,-13.2556],[12.6345,-13.3434],[12.5127,-13.4421],[12.5025,-13.8552],[12.4155,-13.8786],[12.3288,-14.0922],[12.3313,-14.4335],[12.2727,-14.7506],[12.2078,-14.8333],[12.105,-15.1728],[12.0564,-15.2331],[11.992,-15.6173],[11.8442,-15.7936],[11.7518,-15.7991],[11.7366,-15.9002],[11.807,-16.0188],[11.7791,-16.0999],[11.822,-16.4791],[11.8205,-16.7815],[11.7593,-17.033],[11.7661,-17.2527],[12.0953,-17.1397],[12.2426,-17.2248],[12.5546,-17.2356],[12.8183,-17.1048],[12.8872,-17.0298],[13.1663,-16.9511],[13.3637,-16.9642],[13.4947,-17.024],[13.5213,-17.1219],[13.8844,-17.3385],[13.9427,-17.4082],[14.0854,-17.4236],[14.2074,-17.388],[15.0572,-17.3883],[16.3398,-17.3887],[17.6226,-17.389],[18.4536,-17.3899],[18.4928,-17.4645],[18.762,-17.7477],[19.0206,-17.8223],[19.1721,-17.8012],[19.4213,-17.8594],[19.6726,-17.8427],[19.952,-17.8623],[20.0343,-17.8959],[20.3362,-17.8549],[20.5655,-17.9852],[20.8062,-18.0314],[21.0931,-17.9381],[21.2166,-17.9306],[21.3812,-18.0126],[22.2305,-17.8576],[23.3817,-17.6411],[23.2908,-17.5354],[23.073,-17.4051],[22.9986,-17.2938],[22.7559,-17.1549],[22.7105,-17.0554],[22.5229,-16.9147],[22.3337,-16.6737],[22.1517,-16.5977],[22.0799,-16.4578],[21.9838,-16.1659],[21.9814,-15.2619],[21.9808,-14.3576],[21.9799,-13.0015],[23.0984,-13.0015],[24.0006,-13.0015],[23.8657,-12.7897],[23.9287,-12.5616],[24.0308,-12.3851],[23.9596,-12.1967],[23.9599,-11.6172],[24.0611,-11.395],[24.0112,-11.2729],[24.0037,-10.9825],[23.9675,-10.8723]]]]},"properties":{"ADMIN":"Angola","ADM0_A3":"AGO","NAME_EN":"Angola","LABEL_X":17.984249,"LABEL_Y":-12.182762,"FCLASS_IN":""}},
{"type":"Feature","geometry":{"type":"MultiPolygon","coordinates":[[[[16.5153,46.5017],[16.3441,46.547],[16.2349,46.4933],[16.1918,46.3698],[16.0389,46.3084],[15.6613,46.2153],[15.5899,46.1135],[15.698,46.0362],[15.6661,45.8317],[15.4513,45.8151],[15.2489,45.7118],[15.314,45.4505],[15.1393,45.43],[14.9226,45.5149],[14.6685,45.534],[14.5561,45.6567],[14.3728,45.4778],[14.2187,45.4972],[13.889,45.4236],[13.5895,45.4888],[13.5134,45.4362],[13.6438,45.0705],[13.7741,44.9638],[13.86,44.8257],[13.9727,44.8266],[14.2326,45.1494],[14.3298,45.354],[14.5105,45.2998],[14.8274,45.114],[14.9216,44.9588],[14.9014,44.6902],[15.308,44.3544],[15.1576,44.2803],[15.1445,44.1955],[15.4661,43.9217],[15.9312,43.6765],[15.918,43.5933],[16.0985,43.48],[16.4338,43.5498],[16.6258,43.449],[16.8806,43.406],[17.0735,43.239],[17.3163,43.1273],[17.5807,42.9421],[17.5874,43.0821],[17.4421,43.1524],[17.2676,43.3533],[17.2395,43.4784],[17.0846,43.5132],[16.7126,43.7715],[16.6786,43.8407],[16.2158,44.2082],[16.1165,44.5215],[15.8956,44.7186],[15.7173,44.7865],[15.78,45.1603],[15.9975,45.2185],[16.213,45.0315],[16.3406,45.0059],[16.4819,45.1995],[16.7863,45.1788],[16.9326,45.2788],[17.1871,45.1486],[17.5724,45.1204],[17.6847,45.164],[17.8357,45.0644],[17.9885,45.1438],[18.1925,45.1085],[18.2379,45.1575],[18.4661,45.074],[18.6167,45.0977],[18.789,45.0057],[18.8896,44.8612],[19.0158,44.8656],[19.1317,44.9532],[19.0823,45.0849],[19.2897,45.2363],[19.1041,45.2987],[18.9755,45.3911],[19.0181,45.5674],[18.845,45.8157],[18.9013,45.9312],[18.6743,45.9104],[18.4117,45.7432],[18.2112,45.7854],[17.8898,45.7921],[17.6565,45.8454],[17.5911,45.9362],[17.3453,45.9557],[17.2486,46.0802],[16.9748,46.2106],[16.8377,46.3819],[16.5153,46.5017]]],[[[18.4374,42.5592],[18.2241,42.6281],[17.8585,42.817],[17.8262,42.8886],[17.6533,42.8909],[18.2175,42.6201],[18.2389,42.5591],[18.4964,42.4163],[18.4374,42.5592]]],[[[17.1318,42.9695],[16.8241,42.9621],[16.8514,42.9007],[17.1074,42.9143],[17.1318,42.9695]]],[[[16.5007,43.2842],[16.8462,43.2734],[16.8098,43.3532],[16.4939,43.3823],[16.5007,43.2842]]],[[[14.5139,44.6622],[14.4519,44.8509],[14.3298,44.8339],[14.4279,44.6566],[14.5139,44.6622]]],[[[14.7234,44.9433],[14.6653,45.1618],[14.4251,45.0873],[14.7234,44.9433]]]]},"properties":{"ADMIN":"Croatia","ADM0_A3":"HRV","NAME_EN":"Croatia","LABEL_X":16.37241,"LABEL_Y":45.805799,"FCLASS_IN":""}},
{"type":"Feature","geometry":{"type":"Polygon","coordinates":[[[13.5895,45.4888],[13.889,45.4236],[14.2187,45.4972],[14.3728,45.4778],[14.5561,45.6567],[14.6685,45.534],[14.9226,45.5149],[15.1393,45.43],[15.314,45.4505],[15.2489,45.7118],[15.4513,45.8151],[15.6661,45.8317],[15.698,46.0362],[15.5899,46.1135],[15.6613,46.2153],[16.0389,46.3084],[16.1918,46.3698],[16.2349,46.4933],[16.3441,46.547],[16.5153,46.5017],[16.3764,46.6291],[16.272,46.864],[16.094,46.8628],[15.9705,46.743],[15.6521,46.7108],[15.4627,46.6146],[15.3881,46.6456],[15.062,46.6496],[14.8504,46.6011],[14.7886,46.5066],[14.5022,46.4184],[14.1499,46.4401],[14.05,46.4844],[13.701,46.5197],[13.3653,46.2903],[13.4101,46.208],[13.6374,46.1804],[13.5051,46.066],[13.6228,45.9664],[13.5813,45.8092],[13.7787,45.7434],[13.8584,45.6494],[13.7118,45.5932],[13.5895,45.4888]]]},"properties":{"ADMIN":"Slovenia","ADM0_A3":"SVN","NAME_EN":"Slovenia","LABEL_X":14.915312,"LABEL_Y":46.06076,"FCLASS_IN":""}},
{"type":"Feature","geometry":{"type":"Polygon","coordinates":[[[50.8079,24.7466],[50.9789,24.5677],[51.0955,24.5602],[51.2153,24.6259],[51.4436,24.6798],[51.5003,24.8554],[51.5869,24.9534],[51.6165,25.1372],[51.59,25.2838],[51.5132,25.3083],[51.4719,25.5214],[51.5529,25.653],[51.5775,25.8808],[51.3884,25.967],[51.3469,26.1049],[51.2512,26.1601],[51.0474,26.053],[50.9017,25.7895],[50.8761,25.6318],[50.778,25.527],[50.751,25.4196],[50.7757,25.0919],[50.8511,24.8908],[50.8079,24.7466]]]},"properties":{"ADMIN":"Qatar","ADM0_A3":"QAT","NAME_EN":"Qatar","LABEL_X":51.143509,"LABEL_Y":25.237383,"FCLASS_IN":""}},
{"type":"Feature","geometry":{"type":"Polygon","coordinates":[[[50.8079,24.7466],[50.7264,24.8817],[50.5622,25.0548],[50.5251,25.2927],[50.4629,25.4469],[50.348,25.4821],[50.2341,25.6152],[50.1183,25.8679],[50.1013,25.9895],[50.216,26.2151],[50.1916,26.4036],[50.0306,26.4946],[49.9421,26.8583],[49.6995,26.9582],[49.5164,27.1884],[49.4071,27.1327],[49.3384,27.1896],[49.3049,27.3255],[49.1614,27.4269],[49.2398,27.5451],[49.0889,27.5511],[48.9685,27.6203],[48.8733,27.6125],[48.7852,27.7447],[48.8779,27.8368],[48.6065,28.1265],[48.6184,28.2173],[48.5349,28.2988],[48.4946,28.5001],[48.4328,28.5405],[47.6681,28.5335],[47.5968,28.6088],[47.4945,28.904],[47.4341,28.9946],[46.5324,29.0957],[46.3575,29.0631],[45.4349,29.1362],[44.6918,29.2018],[43.8901,29.7674],[42.8587,30.4947],[42.0754,31.0799],[41.5476,31.3487],[40.4241,31.9205],[40.0293,31.9944],[39.1464,32.1181],[38.9633,31.9944],[38.4002,31.8554],[36.9595,31.491],[37.48,31.0073],[37.9811,30.4995],[37.6345,30.3128],[37.4702,29.9946],[36.7562,29.8655],[36.7049,29.8312],[36.4771,29.4946],[36.0695,29.2],[36.0164,29.19],[34.9494,29.3517],[34.8525,29.0451],[34.8361,28.8165],[34.7785,28.6645],[34.8038,28.5271],[34.6267,28.1605],[34.9009,28.0823],[35.0519,28.1196],[35.3228,27.8763],[35.492,27.6324],[35.5596,27.4556],[35.8128,27.1911],[35.8317,27.0927],[35.9767,26.9477],[36.0977,26.754],[36.2298,26.6256],[36.5366,26.0824],[36.6961,26.0223],[36.6634,25.8557],[36.7249,25.7539],[36.8174,25.758],[36.9363,25.6461],[37.1053,25.3222],[37.2305,25.1937],[37.28,24.9641],[37.2566,24.8712],[37.1486,24.851],[37.4567,24.4412],[37.4294,24.3673],[37.5227,24.2677],[37.6761,24.2912],[37.8656,24.1499],[38.0791,24.0704],[38.3653,23.8704],[38.4526,23.784],[38.4948,23.6446],[38.6002,23.5682],[38.7114,23.2357],[38.8064,23.0932],[38.8142,22.9827],[38.9647,22.8704],[38.9577,22.775],[39.1428,22.3906],[39.0404,22.2358],[38.9786,21.8621],[39.0794,21.7064],[39.1711,21.4041],[39.0807,21.315],[39.1702,21.1915],[39.2969,20.928],[39.506,20.7464],[39.4929,20.7062],[39.6465,20.4616],[39.7601,20.3508],[39.9232,20.2636],[40.0676,20.2865],[40.2678,20.1253],[40.5226,19.9725],[40.6287,19.7921],[40.7909,19.7141],[40.7847,19.5963],[40.9447,19.5057],[40.9559,19.3433],[41.0091,19.304],[41.0686,19.1254],[41.1765,19.0674],[41.1372,18.9577],[41.249,18.8342],[41.2102,18.6979],[41.4382,18.4642],[41.4509,18.356],[41.5935,18.0959],[41.7192,17.9092],[42.0935,17.6521],[42.3015,17.4536],[42.3391,17.1736],[42.5442,17.0043],[42.5418,16.878],[42.6358,16.8152],[42.7373,16.6711],[42.7249,16.5664],[42.7895,16.371],[42.9174,16.4838],[43.0363,16.5363],[43.0849,16.6726],[43.1629,16.6615],[43.2086,16.7734],[43.1087,16.927],[43.165,17.3259],[43.391,17.512],[43.5034,17.5135],[43.7506,17.3457],[44.1045,17.352],[44.4041,17.4187],[44.6465,17.4318],[45.1654,17.4284],[45.4304,17.312],[46.3226,17.2241],[46.7101,17.2754],[46.7472,17.2548],[46.9703,16.9568],[47.1909,16.9589],[47.4276,17.0918],[47.589,17.4633],[48.1619,18.1489],[49.0358,18.5797],[49.1288,18.6121],[49.7384,18.6942],[51.0198,18.8666],[51.9786,18.9956],[52.7744,19.2608],[53.63,19.546],[54.9784,19.9954],[55.3029,20.9715],[55.6376,21.979],[55.6267,22.0238],[55.1868,22.7036],[55.1053,22.6209],[54.1343,22.7403],[53.4389,22.8259],[52.5831,22.9311],[52.5385,22.9547],[52.2241,23.3284],[51.5935,24.0783],[51.5693,24.2562],[51.3064,24.406],[51.3953,24.4879],[51.2153,24.6259],[51.0955,24.5602],[50.9789,24.5677],[50.8079,24.7466]]]},"properties":{"ADMIN":"Saudi Arabia","ADM0_A3":"SAU","NAME_EN":"Saudi Arabia","LABEL_X":44.6996,"LABEL_Y":23.806908,"FCLASS_IN":""}},
{"type":"Feature","geometry":{"type":"Polygon","coordinates":[[[25.2598,-17.7941],[25.057,-17.8277],[24.9581,-17.8009],[24.7253,-17.8959],[24.5778,-18.0444],[24.5056,-18.0603],[24.4216,-17.9565],[24.2964,-18.0262],[24.1831,-18.0294],[24.057,-18.119],[23.6454,-18.466],[23.5792,-18.4679],[23.5015,-18.2375],[23.3595,-18.1192],[23.3115,-18.0098],[22.9814,-18.02],[22.0503,-18.1928],[21.4757,-18.2995],[20.9751,-18.3193],[20.9751,-19.001],[20.9776,-19.7508],[20.9807,-20.7507],[20.9848,-21.964],[20.972,-22.0007],[19.9783,-22.0007],[19.9798,-23.2045],[19.9805,-23.8925],[19.9814,-24.7525],[20.1189,-24.8874],[20.3649,-25.0332],[20.5422,-25.3822],[20.6634,-25.5647],[20.6433,-25.6132],[20.7941,-25.8939],[20.8414,-26.1313],[20.6225,-26.4275],[20.6089,-26.6861],[20.6935,-26.889],[20.8519,-26.8065],[21.1225,-26.8653],[21.3808,-26.824],[21.6872,-26.8552],[21.7675,-26.7043],[22.0577,-26.6176],[22.2573,-26.3409],[22.4288,-26.2265],[22.5451,-26.2074],[22.7194,-25.9843],[22.7464,-25.7553],[22.8044,-25.6872],[22.8446,-25.4811],[23.007,-25.3108],[23.0717,-25.326],[23.2657,-25.264],[23.4593,-25.2822],[23.9248,-25.6292],[24.2277,-25.649],[24.2967,-25.7235],[24.4567,-25.743],[24.665,-25.8233],[24.7986,-25.8292],[25.0517,-25.7379],[25.1778,-25.7633],[25.3865,-25.7435],[25.5873,-25.6195],[25.6955,-25.31],[25.8767,-24.886],[25.8684,-24.7482],[26.2788,-24.6285],[26.4044,-24.6328],[26.5312,-24.4587],[26.714,-24.3159],[26.8497,-24.2481],[26.8709,-24.1158],[27.0042,-23.6458],[27.1274,-23.525],[27.35,-23.3915],[27.5489,-23.3608],[27.608,-23.2167],[27.8955,-23.0795],[27.9375,-22.9638],[28.1625,-22.759],[28.1962,-22.6716],[28.3386,-22.5846],[28.6239,-22.5628],[28.9125,-22.4537],[28.9602,-22.3102],[29.0478,-22.2203],[29.3501,-22.1867],[29.2393,-22.0726],[29.0708,-22.051],[29.0216,-21.9828],[29.0387,-21.7979],[28.8609,-21.7574],[28.6297,-21.6513],[28.4646,-21.6603],[28.2849,-21.5969],[27.9904,-21.5519],[27.885,-21.3102],[27.6748,-21.0901],[27.676,-20.8667],[27.7073,-20.7167],[27.6981,-20.5091],[27.5909,-20.4733],[27.3407,-20.473],[27.2149,-20.1105],[27.0266,-20.0101],[26.731,-19.9359],[26.5663,-19.8008],[26.3122,-19.6514],[26.2926,-19.5725],[26.1303,-19.5011],[26.0344,-19.2437],[25.9565,-19.1221],[25.9407,-18.9213],[25.8153,-18.814],[25.7619,-18.6303],[25.5085,-18.3991],[25.3875,-18.139],[25.2964,-18.0686],[25.2261,-17.9319],[25.2598,-17.7941]]]},"properties":{"ADMIN":"Botswana","ADM0_A3":"BWA","NAME_EN":"Botswana","LABEL_X":24.179216,"LABEL_Y":-22.102634,"FCLASS_IN":""}},
{"type":"Feature","geometry":{"type":"Polygon","coordinates":[[[25.2598,-17.7941],[25.2261,-17.9319],[25.2964,-18.0686],[25.3875,-18.139],[25.5085,-18.3991],[25.7619,-18.6303],[25.8153,-18.814],[25.9407,-18.9213],[25.9565,-19.1221],[26.0344,-19.2437],[26.1303,-19.5011],[26.2926,-19.5725],[26.3122,-19.6514],[26.5663,-19.8008],[26.731,-19.9359],[27.0266,-20.0101],[27.2149,-20.1105],[27.3407,-20.473],[27.5909,-20.4733],[27.6981,-20.5091],[27.7073,-20.7167],[27.676,-20.8667],[27.6748,-21.0901],[27.885,-21.3102],[27.9904,-21.5519],[28.2849,-21.5969],[28.4646,-21.6603],[28.6297,-21.6513],[28.8609,-21.7574],[29.0387,-21.7979],[29.0216,-21.9828],[29.0708,-22.051],[29.2393,-22.0726],[29.3501,-22.1867],[29.6614,-22.1265],[29.7589,-22.1309],[30.1351,-22.2936],[30.3008,-22.337],[30.5074,-22.3096],[30.6324,-22.3307],[30.8379,-22.2823],[31.1045,-22.3334],[31.2889,-22.3973],[31.4338,-22.302],[32.4085,-21.2903],[32.3398,-21.1341],[32.4972,-20.8981],[32.4691,-20.6868],[32.5131,-20.5646],[32.6465,-20.558],[32.8452,-20.2867],[32.8853,-20.103],[33.002,-19.927],[33.0328,-19.7842],[32.8163,-19.6521],[32.8254,-19.4792],[32.7688,-19.3636],[32.8287,-19.2846],[32.8623,-19.1181],[32.82,-19.0283],[32.6911,-19.0143],[32.6914,-18.8342],[32.8852,-18.7878],[32.9202,-18.7262],[32.8707,-18.5358],[32.9964,-18.4671],[33.035,-18.3329],[32.9523,-18.233],[32.9371,-18.0471],[32.957,-17.818],[32.9991,-17.7943],[33.0066,-17.581],[32.9582,-17.4785],[33.0225,-17.3615],[32.9541,-17.1672],[32.8288,-16.9351],[32.9334,-16.8158],[32.8934,-16.7124],[32.6987,-16.6868],[32.6718,-16.5998],[32.2905,-16.4518],[31.9103,-16.4289],[31.86,-16.3408],[31.6861,-16.2072],[31.4046,-16.1623],[31.26,-16.0235],[31.1141,-15.9969],[30.9731,-16.062],[30.8574,-15.9981],[30.4026,-16.0012],[30.3963,-15.636],[30.0107,-15.6462],[29.8373,-15.6148],[29.407,-15.7142],[29.1863,-15.8128],[29.0423,-15.9463],[28.9324,-15.9637],[28.871,-16.0872],[28.8225,-16.4708],[28.7329,-16.5581],[28.6433,-16.5688],[28.2801,-16.7065],[28.1139,-16.8276],[27.8686,-16.9297],[27.7773,-17.0012],[27.6412,-17.1985],[27.5773,-17.3631],[27.1571,-17.7693],[27.0485,-17.9443],[26.7119,-18.0658],[26.4086,-17.939],[26.203,-17.8872],[25.9785,-17.999],[25.6814,-17.8115],[25.4956,-17.8549],[25.3355,-17.8412],[25.2598,-17.7941]]]},"properties":{"ADMIN":"Zimbabwe","ADM0_A3":"ZWE","NAME_EN":"Zimbabwe","LABEL_X":29.925444,"LABEL_Y":-18.91164,"FCLASS_IN":""}},
{"type":"Feature","geometry":{"type":"Polygon","coordinates":[[[26.3334,41.713],[26.3755,41.8166],[26.5261,41.8242],[26.6236,41.969],[26.9389,41.9962],[27.0226,42.0739],[27.2734,42.0917],[27.5332,41.9081],[27.808,41.9935],[28.0168,41.9726],[27.9866,42.0721],[27.7511,42.277],[27.6917,42.4283],[27.4727,42.4619],[27.5115,42.553],[27.7432,42.7161],[27.8923,42.7105],[27.8854,43.0086],[27.9443,43.1571],[28.0916,43.364],[28.3216,43.4283],[28.4595,43.3807],[28.6035,43.5382],[28.5784,43.7413],[28.2213,43.762],[27.981,43.8493],[27.9358,43.9644],[27.7217,43.9487],[27.6563,44.0239],[27.3838,44.0151],[27.2511,44.1224],[27.0275,44.177],[26.6142,44.0849],[26.1507,44.0124],[25.7811,43.732],[25.5566,43.6704],[25.3596,43.6543],[25.2523,43.7046],[24.9637,43.7496],[24.7056,43.7438],[24.5001,43.7995],[24.1594,43.7529],[23.3252,43.8866],[22.9196,43.8342],[22.8859,43.9945],[23.023,44.0316],[22.6916,44.2284],[22.6047,44.0794],[22.3996,43.9933],[22.3495,43.8079],[22.4729,43.6359],[22.5189,43.4742],[22.8045,43.329],[22.9155,43.2122],[22.9353,43.0856],[22.7764,42.9797],[22.727,42.8869],[22.506,42.8701],[22.4297,42.5714],[22.5249,42.5077],[22.5088,42.4049],[22.345,42.3134],[22.5311,42.1291],[22.8437,42.0145],[22.8808,41.8727],[23.0096,41.7164],[22.9337,41.5846],[22.917,41.3358],[23.1152,41.3127],[23.2877,41.3982],[23.6124,41.371],[24.0473,41.5257],[24.2868,41.5176],[24.5309,41.5475],[24.5958,41.4298],[24.8864,41.4006],[25.2857,41.2394],[25.5515,41.3157],[25.882,41.304],[26.1209,41.3578],[26.1645,41.5177],[26.0481,41.6891],[26.2344,41.7458],[26.3334,41.713]]]},"properties":{"ADMIN":"Bulgaria","ADM0_A3":"BGR","NAME_EN":"Bulgaria","LABEL_X":25.15709,"LABEL_Y":42.508785,"FCLASS_IN":""}},
{"type":"Feature","geometry":{"type":"MultiPolygon","coordinates":[[[[102.9136,11.6459],[102.9138,11.7655],[102.7,12.1387],[102.7151,12.3422],[102.7651,12.4163],[102.5586,12.6312],[102.4864,12.6612],[102.5043,12.7997],[102.4732,13.0061],[102.3282,13.2752],[102.3322,13.5646],[102.5132,13.5672],[102.5744,13.6939],[102.6986,13.7618],[102.7728,13.9361],[102.8698,14.0206],[102.9186,14.1855],[103.085,14.2958],[103.457,14.3744],[103.5502,14.4219],[103.8703,14.3433],[104.0014,14.3451],[104.2475,14.4011],[104.462,14.3571],[104.7717,14.4399],[104.9738,14.3806],[104.9759,14.3011],[105.1014,14.2305],[105.1843,14.3457],[105.416,14.4282],[105.5101,14.5936],[105.4891,14.7863],[105.5836,14.9776],[105.4438,15.1338],[105.564,15.2725],[105.4863,15.3749],[105.5884,15.4238],[105.651,15.6346],[105.6129,15.7215],[105.448,15.7649],[105.3726,15.8821],[105.4049,16.0188],[105.2372,16.0508],[105.0425,16.1414],[105.0155,16.2767],[104.7545,16.5289],[104.7783,16.7158],[104.7453,17.0248],[104.8099,17.1717],[104.8164,17.3728],[104.7145,17.5153],[104.4812,17.6404],[104.3526,17.8193],[104.2876,17.8567],[104.2109,18.0086],[104.1109,18.1146],[104,18.3184],[103.8321,18.3207],[103.6071,18.4004],[103.3968,18.4414],[103.2608,18.4002],[103.1386,18.1667],[103.0799,18.1348],[103.0379,17.9907],[102.9386,18.0089],[102.7222,17.8818],[102.5956,17.8501],[102.5675,17.9708],[102.4122,17.9942],[102.3067,18.0515],[102.1535,18.2101],[102.0785,18.2138],[101.9043,18.0371],[101.7904,18.0736],[101.7291,17.9122],[101.5776,17.8681],[101.247,17.5922],[101.1323,17.4617],[100.9019,17.5619],[101.0083,17.8952],[101.1652,18.0534],[101.1284,18.2457],[101.1455,18.3362],[101.0303,18.4278],[101.2401,18.6736],[101.2329,18.8927],[101.3179,19.0501],[101.2291,19.1436],[101.1929,19.4528],[101.1247,19.5651],[100.8746,19.6129],[100.7455,19.485],[100.607,19.5409],[100.462,19.5371],[100.3835,19.7639],[100.4743,19.8654],[100.5434,20.0666],[100.3644,20.369],[100.3065,20.3997],[100.0993,20.3178],[99.942,20.444],[99.8377,20.4168],[99.7696,20.3284],[99.6519,20.3068],[99.5029,20.3452],[99.5258,20.1962],[99.4414,20.1016],[99.2957,20.0625],[99.1175,20.1178],[99.0168,20.041],[99.0088,19.8459],[98.8837,19.7455],[98.8078,19.8065],[98.5326,19.6759],[98.2179,19.708],[98.0179,19.7894],[98.0083,19.6391],[97.8398,19.5553],[97.7671,19.3975],[97.8062,19.3011],[97.8108,19.1122],[97.6578,18.9257],[97.7191,18.8646],[97.7518,18.5825],[97.4381,18.4881],[97.4526,18.3336],[97.5606,18.3283],[97.6843,18.1461],[97.7541,17.969],[97.6855,17.8807],[97.7689,17.6792],[97.9828,17.5054],[98.1006,17.3026],[98.221,17.2008],[98.3133,17.052],[98.4362,17.0116],[98.5246,16.8504],[98.4567,16.7232],[98.6316,16.4631],[98.657,16.3016],[98.7886,16.3746],[98.9033,16.3634],[98.8072,16.1105],[98.6587,16.1163],[98.5838,15.977],[98.5431,15.7354],[98.5599,15.3553],[98.4034,15.3601],[98.283,15.29],[98.165,15.1258],[98.2433,14.8051],[98.4182,14.6076],[98.5477,14.3777],[98.7537,14.2001],[98.9453,14.0691],[99.0922,13.8636],[99.1525,13.7149],[99.1879,13.4271],[99.1902,13.2295],[99.1021,13.1713],[99.0932,13.0383],[99.1511,12.9948],[99.2141,12.7347],[99.3938,12.5898],[99.387,12.4659],[99.4571,12.2564],[99.4663,12.126],[99.574,11.9763],[99.5541,11.895],[99.63,11.8158],[99.5307,11.6309],[99.4406,11.5973],[99.4282,11.4969],[99.2433,11.1977],[99.213,11.1083],[99.0015,10.9576],[98.9745,10.8242],[98.9054,10.8144],[98.7667,10.6888],[98.7913,10.5204],[98.7474,10.3505],[98.7205,10.2279],[98.5999,9.9481],[98.5127,9.8369],[98.544,9.7065],[98.4717,9.6212],[98.3833,9.3166],[98.3269,9.2037],[98.382,9.0719],[98.2241,8.7353],[98.1995,8.5344],[98.2776,8.2407],[98.425,8.1484],[98.4456,8.3251],[98.5989,8.3749],[98.7442,8.2149],[98.7474,8.0683],[98.8294,8.0068],[98.918,8.0513],[99.1375,7.7443],[99.2927,7.6207],[99.3659,7.3364],[99.5247,7.3113],[99.584,7.1564],[99.6929,7.1161],[99.6858,6.8773],[99.7972,6.8217],[99.9566,6.664],[100.0013,6.5675],[100.1273,6.4423],[100.1668,6.6951],[100.2808,6.6889],[100.3874,6.5221],[100.6484,6.4472],[100.7128,6.493],[100.8056,6.4148],[100.8221,6.2599],[101.0817,6.2465],[101.0711,5.9198],[100.9672,5.781],[101.1054,5.6376],[101.225,5.6992],[101.249,5.787],[101.5347,5.906],[101.6504,5.7826],[101.8005,5.7399],[101.9129,5.8593],[101.9594,6.0116],[102.06,6.0948],[102.0731,6.2575],[101.7717,6.5007],[101.5663,6.8322],[101.3852,6.9052],[101.1914,6.8619],[100.9976,6.8567],[100.7651,6.9831],[100.6111,7.1926],[100.486,7.1399],[100.3955,7.2113],[100.1854,7.5142],[100.1429,7.7],[100.2106,7.7809],[100.307,7.7579],[100.3235,7.6164],[100.4402,7.477],[100.3029,8.1186],[100.2715,8.3171],[100.2205,8.4487],[100.1043,8.4177],[99.9592,8.6376],[99.9163,9.102],[99.8535,9.2947],[99.6895,9.3159],[99.5215,9.2699],[99.4748,9.201],[99.2551,9.2325],[99.2302,9.3198],[99.3236,9.3915],[99.1814,9.6433],[99.1599,10.1283],[99.2013,10.2106],[99.1516,10.3574],[99.2468,10.4439],[99.2446,10.5351],[99.5116,10.9024],[99.4942,11.1146],[99.5862,11.1951],[99.5693,11.334],[99.6419,11.5233],[99.7518,11.7099],[99.8171,11.7414],[99.8553,11.9684],[100.02,12.1927],[100.011,12.3832],[99.9609,12.6254],[99.9876,12.7905],[100.1043,13.0573],[100.074,13.1528],[99.9671,13.259],[100.0388,13.4027],[100.2899,13.505],[100.3372,13.4819],[100.6497,13.5202],[100.9507,13.4682],[100.9813,13.359],[100.9124,13.2939],[100.9452,13.2009],[100.8783,13.0983],[100.9331,13.0264],[100.8687,12.9062],[100.9185,12.8263],[100.8374,12.7079],[100.9261,12.6191],[101.0877,12.6806],[101.4429,12.6248],[101.6423,12.6514],[101.6864,12.7021],[101.8303,12.6728],[101.9608,12.5373],[102.072,12.4885],[102.2283,12.3237],[102.2959,12.19],[102.4736,12.149],[102.5716,12.091],[102.6318,12.152],[102.7497,12.0403],[102.777,11.9025],[102.9067,11.7414],[102.9136,11.6459]]],[[[98.4186,7.9038],[98.4385,8.0657],[98.2814,8.1918],[98.2678,7.8901],[98.3981,7.815],[98.4186,7.9038]]],[[[100.0702,9.5864],[99.9263,9.566],[99.9563,9.4216],[100.0609,9.4638],[100.0702,9.5864]]]]},"properties":{"ADMIN":"Thailand","ADM0_A3":"THA","NAME_EN":"Thailand","LABEL_X":101.073198,"LABEL_Y":15.45974,"FCLASS_IN":""}},
{"type":"Feature","geometry":{"type":"Polygon","coordinates":[[[12.4295,43.8921],[12.4903,43.9392],[12.4214,43.9672],[12.3856,43.9245],[12.4295,43.8921]]]},"properties":{"ADMIN":"San Marino","ADM0_A3":"SMR","NAME_EN":"San Marino","LABEL_X":12.441206,"LABEL_Y":43.933916,"FCLASS_IN":""}},
{"type":"Feature","geometry":{"type":"MultiPolygon","coordinates":[[[[-71.7574,19.7101],[-72.3304,19.7521],[-72.3976,19.807],[-72.776,19.9439],[-72.9779,19.9123],[-73.1437,19.9203],[-73.3446,19.8341],[-73.4681,19.7248],[-73.4095,19.636],[-73.2211,19.6496],[-73.0189,19.6007],[-72.8148,19.5048],[-72.7283,19.4256],[-72.8034,19.2319],[-72.7165,19.1039],[-72.8135,19.0529],[-72.6178,18.8893],[-72.5495,18.7856],[-72.3251,18.6714],[-72.3538,18.5301],[-72.6283,18.5541],[-72.755,18.4294],[-72.9856,18.4704],[-73.5267,18.5235],[-73.6047,18.4983],[-73.8097,18.5428],[-74.16,18.6592],[-74.2559,18.6703],[-74.4263,18.6082],[-74.4892,18.4294],[-74.4459,18.3464],[-74.3309,18.286],[-74.1834,18.2933],[-73.9678,18.1414],[-73.8733,18.0262],[-73.8093,18.1592],[-73.6542,18.2527],[-73.5781,18.2169],[-73.3773,18.2581],[-72.8859,18.1414],[-72.4403,18.2239],[-72.0718,18.2375],[-71.9281,18.1838],[-71.7762,18.0393],[-71.7661,18.2203],[-71.7093,18.3133],[-71.9122,18.4307],[-72.0009,18.5825],[-71.8416,18.618],[-71.7188,18.7842],[-71.7837,18.9963],[-71.6614,19.1176],[-71.6391,19.2121],[-71.7765,19.3275],[-71.7039,19.4146],[-71.7574,19.7101]]],[[[-73.2587,18.8785],[-73.0374,18.7596],[-72.8087,18.7204],[-72.8461,18.8271],[-73.2008,18.9687],[-73.2587,18.8785]]]]},"properties":{"ADMIN":"Haiti","ADM0_A3":"HTI","NAME_EN":"Haiti","LABEL_X":-72.224051,"LABEL_Y":19.263784,"FCLASS_IN":""}},
{"type":"Feature","geometry":{"type":"Polygon","coordinates":[[[-71.7574,19.7101],[-71.7039,19.4146],[-71.7765,19.3275],[-71.6391,19.2121],[-71.6614,19.1176],[-71.7837,18.9963],[-71.7188,18.7842],[-71.8416,18.618],[-72.0009,18.5825],[-71.9122,18.4307],[-71.7093,18.3133],[-71.7661,18.2203],[-71.7762,18.0393],[-71.6588,17.9533],[-71.6309,17.8168],[-71.5149,17.7378],[-71.4172,17.6048],[-71.3093,17.8164],[-71.2043,17.9111],[-71.0611,18.1421],[-71.1014,18.2421],[-71.0482,18.31],[-70.9325,18.2615],[-70.7038,18.4301],[-70.6014,18.4119],[-70.5528,18.2043],[-70.3976,18.2376],[-70.1581,18.2426],[-70.0166,18.4114],[-69.8837,18.471],[-69.6021,18.4557],[-69.5253,18.4084],[-69.2363,18.4505],[-69.0854,18.3959],[-68.9225,18.4123],[-68.8496,18.3748],[-68.743,18.2045],[-68.6584,18.2109],[-68.5745,18.3782],[-68.4443,18.4195],[-68.3341,18.5773],[-68.3562,18.6566],[-68.5808,18.8126],[-68.7397,18.9644],[-68.9794,19.0329],[-69.0425,18.9868],[-69.3561,19.0532],[-69.42,19.1112],[-69.6085,19.0935],[-69.6029,19.229],[-69.2537,19.1835],[-69.1584,19.2851],[-69.3356,19.2934],[-69.5394,19.3394],[-69.7335,19.2866],[-69.868,19.4253],[-69.8979,19.636],[-70.0421,19.6785],[-70.1314,19.6221],[-70.3013,19.6577],[-70.4337,19.7752],[-70.6237,19.7665],[-70.831,19.9025],[-71.0009,19.9377],[-71.2121,19.8371],[-71.3572,19.8513],[-71.5046,19.9103],[-71.6486,19.8967],[-71.7445,19.8172],[-71.7574,19.7101]]]},"properties":{"ADMIN":"Dominican Republic","ADM0_A3":"DOM","NAME_EN":"Dominican Republic","LABEL_X":-70.653998,"LABEL_Y":19.104137,"FCLASS_IN":""}},
{"type":"Feature","geometry":{"type":"Polygon","coordinates":[[[14.0649,13.078],[14.4182,13.0811],[14.5047,12.969],[14.4906,12.8863],[14.604,12.7608],[14.8308,12.6182],[14.9083,12.3269],[14.9031,12.1459],[15.0406,12.0556],[15.042,11.9024],[15.1109,11.7829],[15.0683,11.7001],[15.1356,11.5308],[15.0606,11.4161],[15.0212,11.1825],[15.0659,10.7931],[15.1499,10.6231],[15.1382,10.5217],[15.2183,10.4872],[15.3014,10.3117],[15.5361,10.0805],[15.6812,9.9913],[15.383,9.9302],[15.2149,9.9841],[15.0612,9.9492],[14.8981,9.9605],[14.7325,9.9238],[14.4405,9.9953],[14.1817,9.9782],[14.1198,9.852],[13.9476,9.6378],[14.0365,9.5688],[14.3213,9.2432],[14.3495,9.1684],[14.7939,8.8136],[14.846,8.811],[15.0313,8.6587],[15.1837,8.4791],[15.3453,8.136],[15.4407,7.8394],[15.5629,7.7924],[15.549,7.6308],[15.481,7.5233],[15.6685,7.5163],[15.7939,7.458],[15.9253,7.4882],[16.0652,7.5912],[16.3708,7.6725],[16.4074,7.7961],[16.5487,7.87],[16.6245,7.6687],[16.7686,7.5502],[16.8807,7.6329],[17.1019,7.6777],[17.2509,7.8228],[17.4664,7.8841],[17.6798,7.9852],[17.8979,7.9675],[18.0705,8.0192],[18.5083,8.0307],[18.5893,8.0479],[18.6726,8.2075],[18.813,8.2764],[19.1241,8.6751],[18.9291,8.7965],[18.8927,8.8979],[19.1006,9.0153],[19.3694,9.0004],[19.8895,9.0464],[20.0687,9.1381],[20.3594,9.1164],[20.4352,9.1381],[20.4961,9.2709],[20.8261,9.4181],[21.2569,9.9757],[21.3743,9.9731],[21.4854,10.1643],[21.6563,10.2337],[21.7511,10.4118],[21.7226,10.6367],[21.8636,10.6679],[22.0039,10.7433],[22.0486,10.837],[22.1764,10.8162],[22.253,10.9153],[22.4605,11.0008],[22.7199,10.9647],[22.8611,10.9192],[22.9565,11.2088],[22.9148,11.3961],[22.7818,11.3989],[22.6281,11.5098],[22.5371,11.6809],[22.5929,11.9889],[22.4814,12.0443],[22.4814,12.1767],[22.3728,12.4631],[22.4457,12.6111],[22.2049,12.7434],[22.0587,12.6367],[21.936,12.6395],[21.8094,12.7937],[21.9351,13.0592],[22.14,13.1935],[22.2676,13.3346],[22.1959,13.5805],[22.0737,13.7714],[22.2435,13.9754],[22.5315,14.1226],[22.5319,14.2206],[22.441,14.2499],[22.4249,14.4704],[22.3635,14.5435],[22.4654,14.6293],[22.6663,14.6817],[22.6508,14.8162],[22.7389,14.9798],[22.9055,15.1126],[22.9657,15.2239],[22.9665,15.4048],[22.9257,15.5639],[23.0946,15.7043],[23.3206,15.6813],[23.5927,15.749],[23.9844,15.7212],[23.9837,16.7088],[23.9831,17.4057],[23.9821,18.567],[23.9813,19.4961],[23.2402,19.8621],[22.2521,20.3501],[21.6345,20.655],[20.5228,21.2039],[19.9053,21.5089],[19.1641,21.8749],[18.176,22.3628],[17.4348,22.7288],[16.6938,23.0947],[15.9851,23.4447],[15.9646,23.4422],[14.9799,22.9957],[15.172,21.9934],[15.1804,21.5073],[15.301,21.4013],[15.6093,20.9507],[15.5442,20.799],[15.954,20.3746],[15.963,20.3192],[15.736,19.9035],[15.6516,18.9494],[15.5911,18.2651],[15.472,16.9167],[15.4524,16.8762],[15.0258,16.4325],[14.369,15.7496],[13.8339,15.0196],[13.7605,14.8664],[13.7644,14.7191],[13.6483,14.6494],[13.6243,14.5213],[13.4823,14.4836],[13.4492,14.3801],[13.6073,13.7041],[14.0649,13.078]]]},"properties":{"ADMIN":"Chad","ADM0_A3":"TCD","NAME_EN":"Chad","LABEL_X":18.645041,"LABEL_Y":15.142959,"FCLASS_IN":""}},
{"type":"Feature","geometry":{"type":"MultiPolygon","coordinates":[[[[47.948,29.994],[47.6742,30.0982],[47.3582,30.0921],[47.1105,29.9609],[46.9578,29.6204],[46.8534,29.4446],[46.5324,29.0957],[47.4341,28.9946],[47.4945,28.904],[47.5968,28.6088],[47.6681,28.5335],[48.4328,28.5405],[48.3288,28.76],[48.1585,29.0173],[48.0921,29.2872],[47.9857,29.3938],[47.8992,29.3352],[47.727,29.3619],[47.8493,29.502],[47.9655,29.5763],[48.1809,29.5622],[48.0217,29.7797],[47.948,29.994]]],[[[48.3527,29.7098],[48.3445,29.7906],[48.1887,29.9835],[48.1587,29.8792],[48.0461,29.8005],[48.1616,29.6297],[48.229,29.5999],[48.3527,29.7098]]]]},"properties":{"ADMIN":"Kuwait","ADM0_A3":"KWT","NAME_EN":"Kuwait","LABEL_X":47.313999,"LABEL_Y":29.413628,"FCLASS_IN":""}},
{"type":"Feature","geometry":{"type":"Polygon","coordinates":[[[-90.0983,13.7314],[-89.8371,13.5968],[-89.808,13.5269],[-89.6798,13.5347],[-89.5271,13.4942],[-89.2515,13.4723],[-88.7857,13.2453],[-88.5275,13.1984],[-88.4692,13.2231],[-88.2083,13.1604],[-87.9282,13.1586],[-87.7981,13.2657],[-87.8172,13.4066],[-87.7126,13.8005],[-87.8329,13.9152],[-88.0236,13.8912],[-88.0875,13.9805],[-88.2351,13.9929],[-88.2854,13.906],[-88.488,13.8653],[-88.4954,13.9751],[-88.7466,14.0525],[-88.9572,14.1852],[-89.0266,14.3113],[-89.3616,14.4155],[-89.5699,14.412],[-89.5984,14.328],[-89.5309,14.2256],[-89.7099,14.1487],[-89.7623,14.03],[-89.8801,14.0427],[-90.099,13.8585],[-90.0983,13.7314]]]},"properties":{"ADMIN":"El Salvador","ADM0_A3":"SLV","NAME_EN":"El Salvador","LABEL_X":-88.890124,"LABEL_Y":13.685371,"FCLASS_IN":""}},
{"type":"Feature","geometry":{"type":"Polygon","coordinates":[[[-89.3616,14.4155],[-89.2457,14.573],[-89.1604,14.5813],[-89.1445,14.7083],[-89.2277,14.8346],[-89.1728,15.0422],[-88.9734,15.1404],[-88.399,15.5728],[-88.2209,15.7257],[-88.4479,15.8587],[-88.626,15.7539],[-88.7873,15.8591],[-88.914,15.8939],[-89.2365,15.8939],[-89.1844,16.4959],[-89.1492,17.0363],[-89.1605,17.8143],[-90.2597,17.8153],[-90.9622,17.816],[-90.9909,17.802],[-90.992,17.2519],[-91.4308,17.255],[-91.2904,17.1891],[-91.0669,16.9182],[-90.7353,16.7466],[-90.6338,16.5922],[-90.6482,16.5296],[-90.4758,16.4307],[-90.3988,16.3476],[-90.4594,16.2591],[-90.4327,16.1732],[-90.4857,16.0707],[-91.7238,16.0688],[-91.7519,16.0463],[-92.2047,15.2895],[-92.2034,15.2372],[-92.0738,15.0737],[-92.1542,14.9959],[-92.1908,14.8142],[-92.1617,14.7023],[-92.2463,14.5463],[-91.7626,14.1802],[-91.5519,14.0573],[-91.3165,13.9557],[-90.9103,13.9111],[-90.7073,13.9289],[-90.4012,13.8586],[-90.0983,13.7314],[-90.099,13.8585],[-89.8801,14.0427],[-89.7623,14.03],[-89.7099,14.1487],[-89.5309,14.2256],[-89.5984,14.328],[-89.5699,14.412],[-89.3616,14.4155]]]},"properties":{"ADMIN":"Guatemala","ADM0_A3":"GTM","NAME_EN":"Guatemala","LABEL_X":-90.497134,"LABEL_Y":14.982133,"FCLASS_IN":""}},
{"type":"Feature","geometry":{"type":"MultiPolygon","coordinates":[[[[124.4505,-9.1802],[124.1908,-9.2551],[124.03,-9.342],[124.1211,-9.4269],[124.1975,-9.3732],[124.3101,-9.4887],[124.3479,-9.3746],[124.4318,-9.2908],[124.4505,-9.1802]]],[[[124.9195,-8.962],[124.9479,-9.0785],[125.0518,-9.035],[125.1624,-9.0606],[125.1425,-9.1891],[124.9745,-9.1919],[125.0616,-9.4858],[125.1966,-9.4247],[125.3788,-9.281],[125.6094,-9.1862],[125.8499,-9.1242],[125.9471,-9.1257],[126.1659,-8.9884],[126.4302,-8.9547],[126.5833,-8.8058],[126.8462,-8.7525],[127.0093,-8.6767],[127.3032,-8.4323],[127.1863,-8.3325],[127.0696,-8.3576],[126.9671,-8.309],[126.8421,-8.391],[126.5488,-8.4867],[126.4116,-8.4191],[126.2402,-8.4948],[126.0691,-8.5216],[125.8977,-8.4811],[125.6309,-8.5216],[125.1443,-8.6314],[125.1004,-8.7783],[124.9195,-8.962]]]]},"properties":{"ADMIN":"East Timor","ADM0_A3":"TLS","NAME_EN":"East Timor","LABEL_X":125.854679,"LABEL_Y":-8.803705,"FCLASS_IN":""}},
{"type":"Feature","geometry":{"type":"MultiPolygon","coordinates":[[[[115.1462,4.9085],[115.0298,4.8206],[115.0355,4.6212],[115.113,4.3824],[115.3244,4.3146],[115.2725,4.4747],[115.2727,4.6368],[115.2074,4.8256],[115.1462,4.9085]]],[[[114.9817,4.8891],[114.9284,5.0006],[114.7227,4.876],[114.5293,4.6938],[114.2517,4.5927],[113.9988,4.6011],[114.2456,4.4814],[114.2967,4.3167],[114.4199,4.2601],[114.5866,4.0214],[114.7669,4.1318],[114.8364,4.3572],[114.7822,4.4978],[114.7518,4.7385],[114.9817,4.8891]]]]},"properties":{"ADMIN":"Brunei","ADM0_A3":"BRN","NAME_EN":"Brunei","LABEL_X":114.551943,"LABEL_Y":4.448298,"FCLASS_IN":""}},
{"type":"Feature","geometry":{"type":"Polygon","coordinates":[[[7.4375,43.7434],[7.407,43.7635],[7.3658,43.7227],[7.4375,43.7434]]]},"properties":{"ADMIN":"Monaco","ADM0_A3":"MCO","NAME_EN":"Monaco","LABEL_X":7.398291,"LABEL_Y":43.739652,"FCLASS_IN":""}},
{"type":"Feature","geometry":{"type":"Polygon","coordinates":[[[-4.8216,24.9951],[-4.1659,24.575],[-3.4485,24.106],[-2.5232,23.501],[-1.83,23.0478],[-0.9636,22.4813],[-0.0104,21.8582],[1.1465,21.1017],[1.1801,20.9953],[1.1453,20.7959],[1.2967,20.7335],[1.364,20.6577],[1.5204,20.617],[1.644,20.5227],[1.6492,20.4121],[1.7781,20.3043],[2.0563,20.215],[2.1824,20.2785],[2.2796,20.2179],[2.4004,20.0566],[2.4954,20.0201],[2.946,19.9417],[3.2168,19.7941],[3.1994,19.5538],[3.2582,19.4104],[3.1027,19.1536],[3.3084,18.9817],[3.4398,18.9956],[4.2286,19.1422],[5.0828,19.306],[5.7493,19.4337],[5.8376,19.4786],[6.61,20.1429],[7.0205,20.4954],[7.4827,20.8726],[8.6345,21.5515],[9.7233,22.1934],[10.4038,22.5946],[11.0844,22.9958],[11.9689,23.5174],[11.5671,24.2668],[11.5086,24.3138],[10.7207,24.5523],[10.4502,24.4769],[10.2603,24.5766],[10.1934,24.7499],[10.032,24.8563],[10.0214,25.268],[9.9695,25.3954],[9.4012,26.1134],[9.3778,26.1689],[9.4826,26.3526],[9.8358,26.5042],[9.8963,26.6528],[9.9106,26.8431],[9.8255,26.9206],[9.7213,27.2919],[9.8216,27.5057],[9.9359,27.8667],[9.777,28.2676],[9.8513,28.786],[9.8261,29.1285],[9.6677,29.6083],[9.5497,29.8023],[9.2865,30.1171],[9.5197,30.2289],[9.2644,31.2193],[9.045,32.0718],[9.0199,32.1049],[8.4827,32.4348],[8.3196,32.5606],[8.2829,32.8364],[8.0868,33.0943],[7.7507,33.2077],[7.6932,33.4541],[7.553,33.6587],[7.4798,33.8939],[7.5175,34.095],[7.6315,34.1991],[7.7743,34.261],[7.8315,34.4144],[8.0941,34.5301],[8.2365,34.6477],[8.2489,34.902],[8.3137,35.1031],[8.4313,35.2417],[8.3174,35.2895],[8.29,35.4026],[8.3367,35.5084],[8.3236,35.6522],[8.2414,35.8277],[8.3171,36.1459],[8.3492,36.4488],[8.1699,36.5258],[8.4079,36.6426],[8.444,36.7962],[8.6238,36.8261],[8.6025,36.9395],[8.4976,36.9042],[8.2332,36.9581],[7.9085,36.8496],[7.7127,36.9632],[7.3835,37.083],[7.2748,37.0693],[7.239,36.9715],[6.9094,36.8931],[6.822,36.9526],[6.5833,36.9898],[6.4624,37.0939],[6.3387,37.0693],[6.197,36.9023],[5.8688,36.8229],[5.7588,36.8334],[5.5762,36.7614],[5.4649,36.6652],[5.3044,36.643],[5.1184,36.6994],[5.1048,36.7813],[4.7871,36.8954],[4.4407,36.9116],[4.1048,36.8837],[3.8275,36.9129],[3.6497,36.824],[3.4607,36.7751],[3.2378,36.8131],[3.1794,36.7428],[2.9331,36.8086],[2.633,36.6051],[2.457,36.5895],[2.3098,36.6305],[2.0599,36.5701],[1.9138,36.5702],[1.0448,36.4869],[0.8648,36.3774],[0.6633,36.3326],[0.1273,36.0508],[0.0345,35.8633],[-0.1239,35.7869],[-0.2594,35.8175],[-0.3485,35.907],[-0.477,35.8594],[-0.5234,35.7797],[-0.6826,35.7174],[-0.825,35.7685],[-1.0329,35.6826],[-1.1903,35.5661],[-1.2677,35.3903],[-1.5104,35.2955],[-1.7611,35.1296],[-2.0524,35.075],[-2.2226,35.0893],[-2.1938,35.0036],[-1.7877,34.7567],[-1.8711,34.5966],[-1.7507,34.4942],[-1.8096,34.3725],[-1.6748,34.106],[-1.7187,33.8981],[-1.7025,33.7728],[-1.6127,33.5215],[-1.6832,33.3692],[-1.6742,33.238],[-1.4995,33.0602],[-1.5588,32.9336],[-1.4233,32.7424],[-1.0475,32.517],[-1.218,32.3926],[-1.289,32.1509],[-1.2496,32.0817],[-2.5161,32.1322],[-2.9387,32.0486],[-2.8278,31.7946],[-3.2192,31.7177],[-3.6595,31.6478],[-3.6735,31.3892],[-3.8192,31.3189],[-3.815,31.2205],[-3.6359,31.0957],[-3.5547,30.9559],[-3.6595,30.8371],[-3.6455,30.7113],[-3.8342,30.6275],[-4.1557,30.5855],[-4.3724,30.5086],[-4.624,30.285],[-4.8756,30.1802],[-5.1761,29.9775],[-5.2739,29.8866],[-5.5395,29.5232],[-5.7212,29.5232],[-5.7562,29.6141],[-6.0008,29.5791],[-6.2733,29.5791],[-6.6996,29.5162],[-6.7835,29.4463],[-6.9582,29.5092],[-7.1469,29.5092],[-7.3496,29.3834],[-7.6195,29.3894],[-8.0697,29.0793],[-8.3835,28.9058],[-8.4178,28.8523],[-8.6488,28.7259],[-8.6824,28.6659],[-8.6824,27.2854],[-8.0886,26.9362],[-7.297,26.4707],[-6.1399,25.7902],[-5.516,25.4233],[-4.8216,24.9951]]]},"properties":{"ADMIN":"Algeria","ADM0_A3":"DZA","NAME_EN":"Algeria","LABEL_X":2.808241,"LABEL_Y":27.397406,"FCLASS_IN":""}},
{"type":"Feature","geometry":{"type":"Polygon","coordinates":[[[32.1139,-26.84],[32.3522,-26.8603],[32.8931,-26.8461],[32.9295,-26.266],[32.8688,-26.2194],[32.6808,-26.1882],[32.5915,-25.969],[32.687,-25.8859],[32.7695,-25.6817],[32.8727,-25.5439],[33.1531,-25.3658],[33.4647,-25.2131],[33.7292,-25.1051],[34.4827,-24.8513],[34.6489,-24.8128],[35.1065,-24.5979],[35.3044,-24.3757],[35.4935,-24.1105],[35.5432,-23.8632],[35.3948,-23.8419],[35.4241,-23.4806],[35.4822,-23.3173],[35.4785,-23.1769],[35.6009,-22.9436],[35.5208,-22.9076],[35.4927,-22.5649],[35.5422,-22.4099],[35.4968,-22.1415],[35.3358,-22.0891],[35.271,-21.6441],[35.1516,-21.4539],[35.058,-21.1376],[35.1201,-20.9664],[35.0034,-20.8255],[34.9933,-20.7302],[34.8518,-20.6708],[34.7424,-20.5502],[34.6799,-20.3469],[34.7769,-20.135],[34.7576,-19.8691],[34.8801,-19.8634],[35.1268,-19.705],[35.3399,-19.5207],[35.5773,-19.2664],[35.6623,-19.133],[35.9767,-18.9249],[36.1086,-18.8059],[36.1467,-18.9005],[36.2443,-18.8832],[36.2954,-18.7802],[36.4162,-18.775],[36.4175,-18.6887],[36.552,-18.486],[36.6317,-18.4377],[36.8874,-18.1891],[37.0864,-17.8691],[37.2124,-17.745],[37.3609,-17.65],[37.9089,-17.3552],[38.0399,-17.3278],[38.5955,-17.0944],[38.8755,-17.0456],[39.0905,-16.9838],[39.2044,-16.817],[39.6983,-16.5322],[39.8006,-16.3683],[39.8133,-16.277],[39.9924,-16.2224],[40.1047,-16.0641],[40.1646,-15.9156],[40.3636,-15.7148],[40.4258,-15.615],[40.5733,-15.505],[40.6817,-15.233],[40.5809,-15.2032],[40.5332,-15.1207],[40.7119,-15.0729],[40.6709,-14.9767],[40.8355,-14.8023],[40.8114,-14.613],[40.8425,-14.4645],[40.7608,-14.4037],[40.7461,-14.2709],[40.6096,-14.1386],[40.6506,-14.0319],[40.5427,-13.6589],[40.527,-13.5106],[40.5679,-13.3666],[40.561,-13.0991],[40.5892,-12.9579],[40.5601,-12.8139],[40.6468,-12.7553],[40.4803,-12.4843],[40.5321,-12.3907],[40.4922,-12.2501],[40.5369,-11.9968],[40.4295,-11.6415],[40.4714,-11.4168],[40.3488,-11.3171],[40.5065,-11.1874],[40.552,-11.0743],[40.4961,-10.9557],[40.6021,-10.8205],[40.5321,-10.5095],[40.4369,-10.4748],[40.0081,-10.8111],[39.7605,-10.9431],[39.4827,-10.9992],[39.2866,-11.1542],[39.1262,-11.1397],[38.8963,-11.1677],[38.7597,-11.2632],[38.6542,-11.2758],[38.4923,-11.4135],[38.3477,-11.3588],[38.2566,-11.2771],[38.0708,-11.2558],[37.8752,-11.3191],[37.7837,-11.5589],[37.4278,-11.7226],[37.2266,-11.6938],[37.0444,-11.5957],[36.8201,-11.5736],[36.747,-11.6665],[36.563,-11.7313],[36.4949,-11.6809],[36.1997,-11.7015],[36.1681,-11.5787],[35.9397,-11.4341],[35.8264,-11.4135],[35.6956,-11.4946],[35.6548,-11.5783],[34.9646,-11.5736],[34.6512,-11.57],[34.5638,-11.8309],[34.3801,-12.1039],[34.354,-12.1995],[34.4945,-12.6874],[34.5493,-13.1591],[34.5453,-13.3257],[34.6406,-13.4924],[34.8944,-13.5347],[35.0841,-13.7042],[35.4557,-14.137],[35.5228,-14.2627],[35.853,-14.6675],[35.8633,-14.8767],[35.9043,-14.8869],[35.7845,-15.1952],[35.8405,-15.4172],[35.7957,-16.005],[35.6976,-16.1075],[35.3746,-16.141],[35.2588,-16.2715],[35.2144,-16.4842],[35.1319,-16.5376],[35.2782,-16.7007],[35.276,-16.9552],[35.305,-17.1042],[35.0813,-17.1241],[35.0365,-17.0359],[35.1134,-16.9603],[35.0958,-16.8173],[35.0045,-16.8146],[34.7321,-16.5292],[34.655,-16.4894],[34.5247,-16.3008],[34.446,-16.2932],[34.3852,-16.1865],[34.3877,-16.037],[34.2332,-15.8898],[34.2471,-15.7941],[34.404,-15.6468],[34.4101,-15.4813],[34.5691,-15.2712],[34.5487,-15.0576],[34.5842,-14.9845],[34.5058,-14.7003],[34.5018,-14.5757],[34.3441,-14.3874],[33.8889,-14.4882],[33.7742,-14.53],[33.6042,-14.524],[33.4392,-14.3807],[33.2027,-14.0139],[32.2274,-14.339],[31.6584,-14.5196],[31.4109,-14.6336],[30.8158,-14.7682],[30.2145,-14.9815],[30.2879,-15.2789],[30.3692,-15.3747],[30.3963,-15.636],[30.4026,-16.0012],[30.8574,-15.9981],[30.9731,-16.062],[31.1141,-15.9969],[31.26,-16.0235],[31.4046,-16.1623],[31.6861,-16.2072],[31.86,-16.3408],[31.9103,-16.4289],[32.2905,-16.4518],[32.6718,-16.5998],[32.6987,-16.6868],[32.8934,-16.7124],[32.9334,-16.8158],[32.8288,-16.9351],[32.9541,-17.1672],[33.0225,-17.3615],[32.9582,-17.4785],[33.0066,-17.581],[32.9991,-17.7943],[32.957,-17.818],[32.9371,-18.0471],[32.9523,-18.233],[33.035,-18.3329],[32.9964,-18.4671],[32.8707,-18.5358],[32.9202,-18.7262],[32.8852,-18.7878],[32.6914,-18.8342],[32.6911,-19.0143],[32.82,-19.0283],[32.8623,-19.1181],[32.8287,-19.2846],[32.7688,-19.3636],[32.8254,-19.4792],[32.8163,-19.6521],[33.0328,-19.7842],[33.002,-19.927],[32.8853,-20.103],[32.8452,-20.2867],[32.6465,-20.558],[32.5131,-20.5646],[32.4691,-20.6868],[32.4972,-20.8981],[32.3398,-21.1341],[32.4085,-21.2903],[31.4338,-22.302],[31.2889,-22.3973],[31.2791,-22.4153],[31.5363,-23.157],[31.5215,-23.4156],[31.6423,-23.5879],[31.7412,-23.8368],[31.8558,-23.9465],[31.8695,-24.1638],[31.9866,-24.4231],[31.9916,-25.6502],[31.9119,-25.7853],[31.9492,-25.9581],[32.0575,-26.0412],[32.0814,-26.1488],[32.0399,-26.2837],[32.1174,-26.5823],[32.1139,-26.84]]]},"properties":{"ADMIN":"Mozambique","ADM0_A3":"MOZ","NAME_EN":"Mozambique","LABEL_X":37.83789,"LABEL_Y":-13.94323,"FCLASS_IN":""}},
{"type":"Feature","geometry":{"type":"Polygon","coordinates":[[[31.9492,-25.9581],[31.8346,-25.9821],[31.4269,-25.7436],[31.3093,-25.7574],[31.1198,-25.91],[30.9699,-26.2091],[30.8046,-26.3975],[30.7857,-26.7169],[30.8802,-26.7722],[30.961,-26.9112],[30.9761,-27.035],[31.157,-27.2056],[31.5265,-27.3109],[31.9683,-27.3163],[31.9421,-27.1007],[31.9922,-26.8383],[32.1139,-26.84],[32.1174,-26.5823],[32.0399,-26.2837],[32.0814,-26.1488],[32.0575,-26.0412],[31.9492,-25.9581]]]},"properties":{"ADMIN":"eSwatini","ADM0_A3":"SWZ","NAME_EN":"Eswatini","LABEL_X":31.467264,"LABEL_Y":-26.533676,"FCLASS_IN":""}},
{"type":"Feature","geometry":{"type":"Polygon","coordinates":[[[30.5546,-2.4006],[30.3786,-2.3031],[30.2075,-2.3392],[30.1391,-2.4308],[29.9317,-2.3169],[29.9033,-2.6491],[29.8236,-2.7635],[29.6975,-2.8083],[29.3397,-2.8264],[29.3066,-2.6601],[29.1297,-2.597],[29.0326,-2.6207],[29.0154,-2.7207],[29.0898,-2.9261],[29.2346,-3.0466],[29.2067,-3.3345],[29.2252,-3.5886],[29.215,-3.8999],[29.3395,-4.0932],[29.4042,-4.4498],[29.7283,-4.4616],[29.8003,-4.3639],[30.003,-4.2719],[30.1498,-4.0868],[30.2088,-3.9305],[30.3801,-3.6856],[30.4689,-3.513],[30.6129,-3.4449],[30.6405,-3.3329],[30.7998,-3.2746],[30.8322,-3.1728],[30.7189,-2.9895],[30.4158,-2.8517],[30.4505,-2.7418],[30.416,-2.6456],[30.5546,-2.4006]]]},"properties":{"ADMIN":"Burundi","ADM0_A3":"BDI","NAME_EN":"Burundi","LABEL_X":29.917086,"LABEL_Y":-3.332836,"FCLASS_IN":""}},
{"type":"Feature","geometry":{"type":"Polygon","coordinates":[[[29.0154,-2.7207],[29.0326,-2.6207],[29.1297,-2.597],[29.3066,-2.6601],[29.3397,-2.8264],[29.6975,-2.8083],[29.8236,-2.7635],[29.9033,-2.6491],[29.9317,-2.3169],[30.1391,-2.4308],[30.2075,-2.3392],[30.3786,-2.3031],[30.5546,-2.4006],[30.6748,-2.3517],[30.8344,-2.3453],[30.8878,-2.0825],[30.8299,-1.9606],[30.831,-1.5942],[30.7329,-1.4764],[30.7375,-1.4067],[30.5553,-1.3184],[30.4718,-1.0668],[30.3528,-1.0608],[30.1472,-1.3451],[29.9604,-1.4648],[29.8979,-1.4696],[29.8361,-1.3295],[29.5779,-1.3884],[29.4349,-1.5068],[29.3585,-1.5099],[29.1493,-1.7993],[29.1277,-1.9157],[29.1506,-2.1504],[29.1098,-2.2367],[28.9834,-2.2874],[28.8588,-2.4182],[28.8913,-2.6527],[29.0154,-2.7207]]]},"properties":{"ADMIN":"Rwanda","ADM0_A3":"RWA","NAME_EN":"Rwanda","LABEL_X":30.103894,"LABEL_Y":-1.897196,"FCLASS_IN":""}},
{"type":"Feature","geometry":{"type":"MultiPolygon","coordinates":[[[[92.5759,21.9776],[92.5902,21.4955],[92.6429,21.2984],[92.4231,21.3637],[92.3227,21.4619],[92.1837,21.3172],[92.175,21.1756],[92.2651,21.0611],[92.3811,20.7001],[92.4536,20.6685],[92.5399,20.5275],[92.6532,20.4183],[92.8316,20.4789],[92.9012,20.3081],[92.7721,20.2015],[92.9759,20.0878],[93.0487,19.9948],[93.1481,19.9943],[93.3748,20.0885],[93.4136,19.9775],[93.5659,19.9166],[93.7075,19.9166],[93.6014,19.7834],[93.6935,19.7248],[93.7396,19.6175],[93.9146,19.4728],[93.9844,19.4641],[93.9873,19.3867],[93.9299,19.2998],[93.7969,19.2352],[93.6653,19.3056],[93.6113,19.4033],[93.4978,19.3139],[93.7503,18.9704],[93.9304,18.8586],[93.9739,18.9228],[93.9554,19.1269],[94.0661,19.0429],[94.0532,18.8409],[94.1336,18.8465],[94.2124,18.7418],[94.2796,18.4802],[94.3897,18.3627],[94.481,18.0942],[94.4474,17.9733],[94.5017,17.7866],[94.5952,17.6155],[94.5539,17.5436],[94.5725,17.3111],[94.4567,17.0506],[94.4647,16.9497],[94.3789,16.8869],[94.4027,16.7883],[94.3311,16.5286],[94.2731,16.5382],[94.2151,16.1577],[94.2395,15.9763],[94.34,15.9962],[94.507,16.1896],[94.5156,16.2873],[94.6437,16.2835],[94.6838,16.2092],[94.6423,16.0447],[94.5623,15.9619],[94.6587,15.8545],[94.8396,15.9621],[94.8587,15.7826],[94.9756,15.7641],[95.1152,15.8939],[95.1736,15.7778],[95.3965,15.7164],[95.5234,15.8037],[95.6647,15.9492],[95.7555,16.1452],[95.98,16.2231],[96.0676,16.3102],[96.2853,16.366],[96.3364,16.4394],[96.6159,16.518],[96.801,16.7374],[96.9109,17.0248],[96.8494,17.213],[96.9109,17.2849],[97.0686,17.2514],[97.1003,17.1338],[97.199,16.9975],[97.1833,16.9215],[97.2554,16.6979],[97.4026,16.5169],[97.5484,16.5382],[97.6266,16.4376],[97.6499,16.2838],[97.5823,16.0091],[97.7271,15.8432],[97.7429,15.6045],[97.7948,15.4079],[97.7264,15.3396],[97.8071,15.175],[97.7948,14.8803],[97.9764,14.4438],[97.9935,14.3305],[98.1086,14.1326],[98.0617,14.0101],[98.1033,13.8764],[98.1033,13.701],[98.2448,13.7141],[98.4317,13.4787],[98.48,13.2839],[98.5785,13.1868],[98.5838,13.0266],[98.6912,12.7104],[98.6231,12.5582],[98.6052,12.4289],[98.6768,12.3153],[98.552,12.2796],[98.7031,12.0481],[98.7202,11.9643],[98.6104,11.7313],[98.6843,11.6828],[98.7681,11.7619],[98.698,11.388],[98.7593,11.2689],[98.7066,11.0978],[98.7124,10.9244],[98.634,10.9137],[98.5774,10.7704],[98.4593,10.7154],[98.5285,10.3642],[98.4907,10.2043],[98.521,10.029],[98.5899,10.0421],[98.7474,10.3505],[98.7913,10.5204],[98.7667,10.6888],[98.9054,10.8144],[98.9745,10.8242],[99.0015,10.9576],[99.213,11.1083],[99.2433,11.1977],[99.4282,11.4969],[99.4406,11.5973],[99.5307,11.6309],[99.63,11.8158],[99.5541,11.895],[99.574,11.9763],[99.4663,12.126],[99.4571,12.2564],[99.387,12.4659],[99.3938,12.5898],[99.2141,12.7347],[99.1511,12.9948],[99.0932,13.0383],[99.1021,13.1713],[99.1902,13.2295],[99.1879,13.4271],[99.1525,13.7149],[99.0922,13.8636],[98.9453,14.0691],[98.7537,14.2001],[98.5477,14.3777],[98.4182,14.6076],[98.2433,14.8051],[98.165,15.1258],[98.283,15.29],[98.4034,15.3601],[98.5599,15.3553],[98.5431,15.7354],[98.5838,15.977],[98.6587,16.1163],[98.8072,16.1105],[98.9033,16.3634],[98.7886,16.3746],[98.657,16.3016],[98.6316,16.4631],[98.4567,16.7232],[98.5246,16.8504],[98.4362,17.0116],[98.3133,17.052],[98.221,17.2008],[98.1006,17.3026],[97.9828,17.5054],[97.7689,17.6792],[97.6855,17.8807],[97.7541,17.969],[97.6843,18.1461],[97.5606,18.3283],[97.4526,18.3336],[97.4381,18.4881],[97.7518,18.5825],[97.7191,18.8646],[97.6578,18.9257],[97.8108,19.1122],[97.8062,19.3011],[97.7671,19.3975],[97.8398,19.5553],[98.0083,19.6391],[98.0179,19.7894],[98.2179,19.708],[98.5326,19.6759],[98.8078,19.8065],[98.8837,19.7455],[99.0088,19.8459],[99.0168,20.041],[99.1175,20.1178],[99.2957,20.0625],[99.4414,20.1016],[99.5258,20.1962],[99.5029,20.3452],[99.6519,20.3068],[99.7696,20.3284],[99.8377,20.4168],[99.942,20.444],[100.0993,20.3178],[100.1493,20.5481],[100.2113,20.6974],[100.3837,20.8317],[100.5157,20.8865],[100.5435,21.0274],[100.6376,21.0697],[100.7254,21.3117],[100.792,21.2974],[101.0034,21.406],[101.159,21.5527],[101.1739,21.6119],[101.0687,21.762],[100.797,21.6261],[100.6217,21.4691],[100.4567,21.455],[100.3265,21.5243],[100.1871,21.4279],[100.09,21.5289],[100.0823,21.6845],[99.9503,21.7212],[99.9202,21.852],[99.9424,22.0455],[99.821,22.0178],[99.7392,22.0668],[99.4386,22.1242],[99.3649,22.0989],[99.1664,22.1321],[99.1664,22.2046],[99.3578,22.4955],[99.3079,22.7196],[99.4144,22.8569],[99.5346,22.9493],[99.4782,23.0658],[99.351,23.1193],[99.2166,23.0574],[99.0264,23.1604],[98.859,23.1794],[98.9107,23.2976],[98.8755,23.4464],[98.7809,23.5329],[98.8574,23.6043],[98.7779,23.7693],[98.6637,23.7969],[98.6633,23.9695],[98.8562,24.0838],[98.867,24.1433],[98.5852,24.0757],[98.5033,24.1213],[98.3307,24.0995],[98.1815,24.1187],[97.89,24.0226],[97.6371,23.8636],[97.5165,23.9428],[97.7077,24.1253],[97.7184,24.2777],[97.6399,24.4393],[97.5196,24.4308],[97.5361,24.745],[97.6639,24.8298],[97.7375,25.0905],[97.8236,25.2616],[97.8889,25.2056],[98.1084,25.3889],[98.1502,25.6131],[98.3326,25.567],[98.4613,25.7947],[98.61,25.8006],[98.6924,25.879],[98.5824,25.9823],[98.5455,26.1056],[98.7055,26.1749],[98.6578,26.3116],[98.7172,26.4087],[98.7556,26.625],[98.7492,26.7714],[98.6726,27.1756],[98.7042,27.3042],[98.6793,27.5773],[98.4,27.6757],[98.3833,27.5558],[98.2947,27.5366],[98.2044,27.7273],[98.1767,27.8981],[98.1071,27.9731],[98.1187,28.1408],[97.8975,28.3553],[97.74,28.3826],[97.6996,28.488],[97.5277,28.5295],[97.4367,28.2864],[97.3235,28.2175],[97.3065,28.0697],[97.3335,27.8942],[97.2229,27.8997],[97.0604,27.7505],[96.8702,27.6191],[96.9051,27.4084],[97.1348,27.1273],[97.0268,27.0915],[96.8653,27.1716],[96.7589,27.3417],[96.5869,27.3536],[96.5109,27.2925],[96.1426,27.2575],[96.0132,27.1908],[95.8889,27.027],[95.778,26.9951],[95.5913,26.8237],[95.4898,26.8107],[95.3927,26.6918],[95.1191,26.6042],[95.0406,26.4756],[95.0463,26.248],[95.1395,26.0299],[95.0006,25.922],[95.0088,25.7371],[94.8508,25.5628],[94.608,25.3946],[94.5501,25.2453],[94.6891,25.1385],[94.7086,25.0259],[94.5895,24.7473],[94.5163,24.705],[94.29,24.3168],[94.1903,23.9953],[94.0997,23.8426],[93.9979,23.917],[93.8037,23.9361],[93.6124,24.0091],[93.4567,23.96],[93.3683,24.0785],[93.303,24.0411],[93.3748,23.739],[93.4324,23.6473],[93.3749,23.1297],[93.2988,23.018],[93.1382,23.0053],[93.1755,22.8817],[93.0795,22.7727],[93.0992,22.512],[93.1659,22.3866],[93.169,22.2469],[92.9672,22.0627],[92.8539,22.0241],[92.7081,22.148],[92.6509,22.0192],[92.5759,21.9776]]],[[[98.2783,11.7998],[98.1875,11.535],[98.2752,11.4808],[98.323,11.7313],[98.2783,11.7998]]],[[[98.5353,11.8036],[98.3821,11.7762],[98.4419,11.5641],[98.549,11.6217],[98.5353,11.8036]]],[[[98.6035,11.9674],[98.4403,12.0154],[98.478,11.8909],[98.6035,11.9674]]],[[[98.4663,12.5837],[98.333,12.6712],[98.302,12.338],[98.3913,12.3615],[98.4653,12.4807],[98.4663,12.5837]]],[[[94.6621,16.2219],[94.6116,16.2217],[94.4854,16.059],[94.3897,16.0009],[94.4092,15.9075],[94.5796,16.0133],[94.6621,16.2219]]],[[[97.5894,16.4153],[97.4522,16.4494],[97.4593,16.3014],[97.5714,16.2227],[97.5894,16.4153]]],[[[93.7454,18.8],[93.7424,18.8723],[93.6218,18.9103],[93.4978,18.8409],[93.6453,18.6793],[93.7468,18.7088],[93.7454,18.8]]],[[[93.9707,19.4169],[93.82,19.4715],[93.7312,19.5541],[93.6418,19.492],[93.7738,19.2988],[93.8569,19.2789],[93.9658,19.363],[93.9707,19.4169]]]]},"properties":{"ADMIN":"Myanmar","ADM0_A3":"MMR","NAME_EN":"Myanmar","LABEL_X":95.804497,"LABEL_Y":21.573855,"FCLASS_IN":""}},
{"type":"Feature","geometry":{"type":"MultiPolygon","coordinates":[[[[92.5759,21.9776],[92.577,22.1687],[92.4959,22.6956],[92.3787,22.9004],[92.3276,23.1714],[92.3569,23.2891],[92.2528,23.6093],[92.1508,23.7317],[92.0035,23.6474],[91.9408,23.4952],[91.7916,23.3683],[91.7437,23.2723],[91.7956,23.0895],[91.6947,22.9881],[91.5366,22.9819],[91.4636,23.1841],[91.3005,23.1423],[91.2273,23.4688],[91.1408,23.6121],[91.2163,23.9084],[91.363,24.0998],[91.5965,24.105],[91.9059,24.2606],[91.95,24.3754],[92.1076,24.406],[92.2338,24.7775],[92.2522,24.903],[92.3807,24.8367],[92.4581,24.9533],[92.3035,25.0743],[92.0018,25.183],[91.5661,25.16],[91.471,25.1339],[91.2357,25.2019],[90.822,25.1423],[90.738,25.1694],[90.3646,25.15],[90.1301,25.2116],[89.9081,25.2969],[89.795,25.3742],[89.8344,25.6348],[89.7831,25.8144],[89.8301,25.908],[89.6584,26.2079],[89.5628,26.1426],[89.6029,26.0553],[89.4806,25.9992],[89.3515,25.9969],[89.1316,26.1338],[89.0437,26.3811],[88.9502,26.4369],[88.9027,26.2729],[88.808,26.2334],[88.6563,26.4151],[88.3528,26.5787],[88.3536,26.4846],[88.4955,26.3781],[88.3668,26.3134],[88.3087,26.2061],[88.1638,26.1405],[88.0744,25.9081],[88.1277,25.7749],[88.2275,25.8043],[88.4194,25.6538],[88.5303,25.5002],[88.6454,25.4673],[88.7723,25.502],[88.842,25.3328],[88.9753,25.3026],[88.8986,25.1693],[88.5991,25.1931],[88.4315,25.173],[88.4258,25.0511],[88.3228,24.8747],[88.2025,24.9453],[88.0218,24.6456],[88.1388,24.4953],[88.4754,24.3155],[88.7375,24.2871],[88.6741,24.0826],[88.7142,23.9252],[88.5936,23.8669],[88.5401,23.65],[88.7194,23.4681],[88.6859,23.2933],[88.9547,23.1838],[88.8513,23.0751],[88.8428,22.9646],[88.9445,22.848],[88.9081,22.7408],[89.0604,22.1299],[89.1047,21.8159],[89.1897,21.7912],[89.3659,21.8289],[89.4658,21.7813],[89.6682,21.7509],[89.6498,21.8264],[89.8142,21.8408],[89.9344,21.9977],[90.0524,21.989],[90.0244,21.8625],[90.1848,21.801],[90.2727,21.8574],[90.3322,22.0381],[90.4596,22.0919],[90.6135,22.3149],[90.6066,22.4658],[90.5127,22.6115],[90.4899,22.7202],[90.4064,22.7631],[90.507,22.9421],[90.4661,23.0768],[90.5991,23.1175],[90.5691,23.295],[90.4285,23.3261],[90.2588,23.4446],[90.5991,23.3912],[90.6673,23.2676],[90.6272,23.0867],[90.7175,22.9406],[90.7742,22.7781],[90.9549,22.5758],[91.2027,22.5432],[91.2434,22.7022],[91.4563,22.7848],[91.676,22.5346],[91.7437,22.4111],[91.7717,22.2603],[91.8552,22.1092],[91.9157,21.8625],[91.9087,21.7812],[91.9666,21.7789],[91.9497,21.716],[92.0221,21.5994],[91.9597,21.424],[92.0453,21.2995],[92.0525,21.1548],[92.1929,20.9957],[92.2651,21.0611],[92.175,21.1756],[92.1837,21.3172],[92.3227,21.4619],[92.4231,21.3637],[92.6429,21.2984],[92.5902,21.4955],[92.5759,21.9776]]],[[[91.9356,21.76],[91.863,21.7456],[91.8479,21.6888],[91.8711,21.5477],[91.9839,21.6092],[91.9356,21.76]]],[[[91.1488,22.3571],[91.0748,22.3886],[91.0633,22.0898],[91.1868,22.2278],[91.1488,22.3571]]],[[[90.7906,22.4953],[90.6715,22.7224],[90.5786,22.757],[90.5588,22.6029],[90.6475,22.5483],[90.688,22.3776],[90.6035,22.044],[90.6577,21.9929],[90.7748,22.0759],[90.8362,22.1782],[90.855,22.4347],[90.7906,22.4953]]]]},"properties":{"ADMIN":"Bangladesh","ADM0_A3":"BGD","NAME_EN":"Bangladesh","LABEL_X":89.684963,"LABEL_Y":24.214956,"FCLASS_IN":""}},
{"type":"Feature","geometry":{"type":"Polygon","coordinates":[[[1.707,42.5028],[1.722,42.6099],[1.4668,42.6415],[1.4293,42.5954],[1.4479,42.4346],[1.707,42.5028]]]},"properties":{"ADMIN":"Andorra","ADM0_A3":"AND","NAME_EN":"Andorra","LABEL_X":1.539409,"LABEL_Y":42.547643,"FCLASS_IN":""}},
{"type":"Feature","geometry":{"type":"Polygon","coordinates":[[[74.5424,37.0217],[74.3661,37.1478],[74.4873,37.2259],[74.8923,37.2311],[74.6604,37.394],[74.5298,37.3758],[74.2239,37.4034],[74.1633,37.3301],[73.7982,37.2285],[73.6177,37.2332],[73.7457,37.3529],[73.7535,37.4284],[73.4853,37.481],[73.2761,37.4595],[73.0675,37.3151],[72.761,37.1875],[72.6577,37.0288],[72.2598,36.9673],[71.8366,36.6992],[71.6111,36.7048],[71.4631,36.9481],[71.4311,37.067],[71.487,37.2671],[71.4972,37.5665],[71.5977,37.8984],[71.5012,37.9462],[71.3412,37.8933],[71.2558,37.9499],[71.3645,38.2068],[71.3344,38.2807],[70.974,38.4737],[70.7611,38.4435],[70.5958,38.3382],[70.4826,38.1374],[70.1652,37.8899],[70.2831,37.7048],[70.1579,37.5414],[70.0169,37.546],[69.8952,37.6182],[69.8022,37.5815],[69.5287,37.586],[69.3784,37.4374],[69.4452,37.2364],[69.3239,37.121],[69.1236,37.1692],[69.0055,37.3055],[68.8972,37.336],[68.8246,37.2606],[68.6689,37.2783],[68.6269,37.2063],[68.3073,37.1142],[68.0111,36.9309],[67.7805,37.1889],[67.4824,37.2774],[67.2368,37.1924],[67.0059,37.3844],[66.5196,37.3642],[66.2944,37.3312],[66.0797,37.4409],[65.8552,37.5079],[65.6688,37.5206],[65.6241,37.3451],[65.5014,37.2423],[65.0631,37.2332],[64.7602,37.0926],[64.7788,36.9385],[64.592,36.6211],[64.6059,36.4611],[64.4446,36.25],[64.2661,36.1525],[64.1234,36.1461],[64.0362,36.0764],[63.7659,35.9773],[63.6023,35.9627],[63.3429,35.8563],[63.1253,35.8602],[63.1839,35.7123],[63.0766,35.6247],[63.0802,35.4371],[62.9182,35.3882],[62.6211,35.2227],[62.3993,35.2559],[62.302,35.1475],[62.219,35.3063],[62.0338,35.424],[61.799,35.4175],[61.5387,35.4523],[61.2697,35.6185],[61.29,35.5481],[61.1083,35.278],[61.1159,35.0599],[61.0655,34.8147],[60.9599,34.7232],[60.9475,34.638],[60.7144,34.5374],[60.8905,34.3189],[60.6437,34.3066],[60.4868,34.0943],[60.528,33.8414],[60.5118,33.6384],[60.6556,33.5599],[60.8796,33.5487],[60.8186,33.4049],[60.5676,33.1513],[60.5775,32.9943],[60.8303,32.2489],[60.7749,32.0272],[60.7926,31.6601],[60.855,31.4827],[61.6612,31.3819],[61.7492,31.3024],[61.8263,31.0346],[61.7852,30.8314],[61.4617,30.4945],[60.8444,29.8582],[61.6134,29.6385],[62.3745,29.4249],[62.4775,29.4078],[63.5686,29.4975],[63.972,29.4296],[64.0861,29.3866],[64.1726,29.4843],[64.4777,29.5704],[64.8203,29.5679],[65.0364,29.5402],[66.1956,29.8353],[66.3405,29.9566],[66.2252,30.0444],[66.3009,30.2256],[66.3218,30.4374],[66.268,30.6014],[66.3663,30.9229],[66.55,30.977],[66.6631,31.0831],[66.697,31.1958],[66.9433,31.3147],[67.0229,31.2394],[67.3462,31.2078],[67.7494,31.328],[67.7704,31.3947],[67.597,31.4257],[67.569,31.5299],[67.7267,31.5314],[67.8707,31.6352],[68.0466,31.6884],[68.1257,31.8115],[68.3561,31.7625],[68.5275,31.823],[68.6758,31.7747],[68.7773,31.6186],[69.004,31.6511],[69.2988,31.9377],[69.251,32.1306],[69.2644,32.3224],[69.228,32.4213],[69.282,32.5328],[69.4291,32.6674],[69.3872,32.7853],[69.4773,32.8568],[69.4685,32.9943],[69.5475,33.075],[69.7718,33.1148],[69.8809,33.0892],[70.1248,33.199],[70.2944,33.3189],[70.155,33.5066],[70.1702,33.6387],[70.1082,33.7273],[69.9575,33.7527],[69.8411,33.9418],[69.8893,34.0312],[70.0028,34.0438],[70.3282,33.9573],[70.522,33.9387],[70.8622,33.9648],[71.0467,34.0419],[71.1018,34.1518],[71.122,34.3568],[70.9708,34.4689],[71.0658,34.5585],[71.0806,34.6729],[71.2031,34.7482],[71.2895,34.875],[71.46,34.9427],[71.5089,35.072],[71.6337,35.2031],[71.5298,35.3009],[71.6224,35.4296],[71.5935,35.5494],[71.3416,35.9473],[71.1709,36.027],[71.2231,36.1254],[71.3824,36.2186],[71.6291,36.4595],[71.7363,36.3959],[72.2136,36.7264],[72.4541,36.758],[72.5652,36.8206],[72.8677,36.8304],[73.1918,36.877],[73.7118,36.8941],[73.9469,36.8309],[74.0943,36.8312],[74.394,36.994],[74.5424,37.0217]]]},"properties":{"ADMIN":"Afghanistan","ADM0_A3":"AFG","NAME_EN":"Afghanistan","LABEL_X":66.496586,"LABEL_Y":34.164262,"FCLASS_IN":""}},
{"type":"Feature","geometry":{"type":"Polygon","coordinates":[[[18.4964,42.4163],[18.6838,42.4588],[18.7786,42.2715],[18.9133,42.2222],[19.1392,42.0424],[19.1703,41.938],[19.3651,41.8524],[19.3749,42.0947],[19.272,42.1807],[19.605,42.5848],[19.8196,42.4665],[20.065,42.5468],[20.0763,42.7734],[20.3454,42.8274],[20.3371,42.907],[20.1169,42.9767],[19.9292,43.1139],[19.8051,43.09],[19.6187,43.1682],[19.3556,43.3931],[19.2184,43.4382],[19.1953,43.5328],[18.911,43.5073],[18.8991,43.3519],[18.6795,43.2495],[18.639,43.0202],[18.4528,42.9934],[18.4674,42.7692],[18.5384,42.6183],[18.4374,42.5592],[18.4964,42.4163]]]},"properties":{"ADMIN":"Montenegro","ADM0_A3":"MNE","NAME_EN":"Montenegro","LABEL_X":19.143727,"LABEL_Y":42.803101,"FCLASS_IN":""}},
{"type":"Feature","geometry":{"type":"Polygon","coordinates":[[[17.6533,42.8909],[17.8262,42.8886],[17.8585,42.817],[18.2241,42.6281],[18.4374,42.5592],[18.5384,42.6183],[18.4674,42.7692],[18.4528,42.9934],[18.639,43.0202],[18.6795,43.2495],[18.8991,43.3519],[18.911,43.5073],[19.1953,43.5328],[19.3634,43.6016],[19.4817,43.5608],[19.4617,43.7621],[19.2754,43.9333],[19.5522,43.9834],[19.6189,44.0357],[19.1772,44.287],[19.1072,44.3827],[19.1299,44.5183],[19.3284,44.734],[19.3687,44.8871],[19.1743,44.9254],[19.0158,44.8656],[18.8896,44.8612],[18.789,45.0057],[18.6167,45.0977],[18.4661,45.074],[18.2379,45.1575],[18.1925,45.1085],[17.9885,45.1438],[17.8357,45.0644],[17.6847,45.164],[17.5724,45.1204],[17.1871,45.1486],[16.9326,45.2788],[16.7863,45.1788],[16.4819,45.1995],[16.3406,45.0059],[16.213,45.0315],[15.9975,45.2185],[15.78,45.1603],[15.7173,44.7865],[15.8956,44.7186],[16.1165,44.5215],[16.2158,44.2082],[16.6786,43.8407],[16.7126,43.7715],[17.0846,43.5132],[17.2395,43.4784],[17.2676,43.3533],[17.4421,43.1524],[17.5874,43.0821],[17.5807,42.9421],[17.6533,42.8909]]]},"properties":{"ADMIN":"Bosnia and Herzegovina","ADM0_A3":"BIH","NAME_EN":"Bosnia and Herzegovina","LABEL_X":18.06841,"LABEL_Y":44.091051,"FCLASS_IN":""}},
{"type":"Feature","geometry":{"type":"Polygon","coordinates":[[[30.4718,-1.0668],[30.6386,-1.0734],[30.8284,-1.0026],[31.4422,-1.0026],[32.3576,-1.0026],[33.2731,-1.0026],[33.9042,-1.0026],[33.8948,-0.6627],[33.9535,-0.1544],[33.8936,0.1098],[34.088,0.3674],[34.1324,0.5728],[34.2762,0.6808],[34.388,0.8158],[34.5075,1.1025],[34.6838,1.2091],[34.7979,1.2319],[34.779,1.3885],[34.9787,1.6759],[34.9675,2.1019],[34.8656,2.3475],[34.9236,2.4773],[34.8187,2.598],[34.7301,2.8529],[34.6405,2.8601],[34.5747,2.9461],[34.5456,3.0974],[34.434,3.182],[34.3821,3.466],[34.4345,3.5262],[34.4397,3.6677],[34.2789,3.7097],[34.0611,4.0078],[34.0693,4.088],[33.9771,4.2197],[33.5326,3.7743],[33.4473,3.7444],[33.1954,3.7571],[33.0172,3.8772],[32.7564,3.769],[32.3718,3.7311],[32.1878,3.6192],[32.1746,3.5209],[31.9437,3.5913],[31.9163,3.6803],[31.781,3.8158],[31.6685,3.705],[31.5054,3.6599],[31.295,3.7742],[31.1415,3.7851],[30.9444,3.6793],[30.8395,3.4902],[30.91,3.3934],[30.8042,3.246],[30.7451,3.0363],[30.8548,2.8932],[30.7394,2.6033],[30.7249,2.4408],[30.795,2.4401],[30.8718,2.3321],[30.9849,2.3946],[31.0552,2.2902],[31.1776,2.3029],[31.2675,2.1733],[31.2428,2.0512],[31.0258,1.7782],[30.6817,1.5003],[30.4783,1.2386],[30.2389,1.136],[30.221,1.0171],[30.1451,0.9032],[30.0384,0.8789],[29.9283,0.785],[29.9405,0.4983],[29.8326,0.337],[29.8006,0.1724],[29.7118,0.0996],[29.6294,-0.4424],[29.6022,-0.7438],[29.6108,-0.864],[29.556,-0.9195],[29.5779,-1.3884],[29.8361,-1.3295],[29.8979,-1.4696],[29.9604,-1.4648],[30.1472,-1.3451],[30.3528,-1.0608],[30.4718,-1.0668]]]},"properties":{"ADMIN":"Uganda","ADM0_A3":"UGA","NAME_EN":"Uganda","LABEL_X":32.948555,"LABEL_Y":1.972589,"FCLASS_IN":""}},
{"type":"Feature","geometry":{"type":"Polygon","coordinates":[[[-75.095,19.8972],[-75.137,19.9716],[-75.1644,19.9137],[-75.095,19.8972]]]},"properties":{"ADMIN":"US Naval Base Guantanamo Bay","ADM0_A3":"USG","NAME_EN":"Guantanamo Bay Naval Base","LABEL_X":-75.117277,"LABEL_Y":19.918398,"FCLASS_IN":""}},
{"type":"Feature","geometry":{"type":"MultiPolygon","coordinates":[[[[-75.095,19.8972],[-74.9779,19.923],[-74.813,20.0373],[-74.393,20.081],[-74.2674,20.0683],[-74.142,20.1826],[-74.2136,20.311],[-74.4011,20.3073],[-74.495,20.3552],[-74.6052,20.4857],[-74.9984,20.7008],[-75.1491,20.6831],[-75.3942,20.739],[-75.4978,20.6934],[-75.7089,20.6906],[-75.7839,20.7464],[-75.5785,21.0134],[-75.6359,21.0764],[-75.8218,21.1369],[-75.8734,21.1021],[-76.1168,21.0915],[-76.1378,21.1672],[-76.3876,21.2843],[-76.6536,21.2941],[-76.9626,21.4726],[-77.0699,21.5958],[-77.1531,21.4953],[-77.258,21.4764],[-77.2497,21.6098],[-77.1417,21.6456],[-77.5076,21.8625],[-77.6647,21.7812],[-77.895,21.8769],[-78.0651,22.087],[-78.3014,22.1638],[-78.3815,22.2466],[-78.7818,22.3906],[-78.9825,22.4046],[-79.1487,22.3776],[-79.3418,22.4132],[-79.5118,22.5346],[-79.7002,22.7469],[-79.9879,22.8841],[-80.0246,22.9467],[-80.2796,22.912],[-80.5568,23.0074],[-80.6222,23.0895],[-80.7593,23.097],[-80.9594,23.059],[-81.0781,23.1038],[-81.1849,23.0521],[-81.2722,23.142],[-81.4807,23.1003],[-81.5812,23.1578],[-81.8401,23.1578],[-82.0332,23.2005],[-82.2193,23.1942],[-82.4069,23.1474],[-82.5755,23.054],[-83.2076,23.0027],[-83.3694,22.894],[-83.8728,22.7508],[-84.0211,22.6787],[-84.391,22.3528],[-84.4293,22.2017],[-84.3221,22.048],[-84.5833,22.0075],[-84.9473,21.8603],[-84.7997,21.8321],[-84.66,21.9121],[-84.4735,21.9046],[-84.4662,21.7705],[-84.3052,21.8845],[-84.1422,21.9403],[-83.993,21.9514],[-84.0018,22.0576],[-83.9254,22.1715],[-83.6144,22.1957],[-83.4155,22.1861],[-83.2874,22.3187],[-83.1669,22.3395],[-83.0861,22.4628],[-82.8007,22.6227],[-82.7807,22.6961],[-82.6329,22.6802],[-82.1989,22.6858],[-82.0988,22.6549],[-81.8775,22.6797],[-81.6433,22.5727],[-81.6835,22.4636],[-81.8411,22.4308],[-82.1187,22.4318],[-82.0882,22.3422],[-81.8797,22.2604],[-81.8245,22.1889],[-81.6515,22.213],[-81.3961,22.1707],[-81.2913,22.0976],[-81.1976,22.2125],[-81.1037,22.0959],[-80.9921,22.0543],[-80.5137,22.0563],[-80.4372,22.0412],[-80.2699,21.887],[-80.0673,21.817],[-80.0032,21.7209],[-79.8954,21.76],[-79.8158,21.7112],[-79.6393,21.6877],[-79.4503,21.5955],[-79.2494,21.5519],[-78.7665,21.6397],[-78.649,21.5409],[-78.5633,21.3834],[-78.4947,21.0479],[-78.4039,20.958],[-78.272,20.9011],[-78.0655,20.7117],[-77.4934,20.6775],[-77.3148,20.7091],[-77.1954,20.6365],[-77.2399,20.5631],[-77.1134,20.5124],[-77.1134,20.3685],[-77.1818,20.2949],[-77.4014,20.1981],[-77.6204,20.0203],[-77.7372,19.8557],[-77.3585,19.8645],[-77.189,19.9126],[-76.9589,19.8911],[-76.8664,19.9377],[-76.5244,19.9439],[-76.2482,19.9906],[-75.9801,19.9524],[-75.7218,19.9575],[-75.6047,19.892],[-75.2329,19.9001],[-75.1602,19.9706],[-75.137,19.9716],[-75.095,19.8972]]],[[[-82.568,21.6365],[-82.6902,21.8818],[-82.9895,21.9484],[-83.0752,21.8432],[-83.0735,21.7606],[-82.9692,21.5913],[-83.0785,21.4692],[-82.8356,21.4447],[-82.5946,21.5418],[-82.568,21.6365]]],[[[-77.6342,22.0543],[-77.8085,22.0996],[-77.9018,22.0152],[-77.6951,21.9481],[-77.6342,22.0543]]]]},"properties":{"ADMIN":"Cuba","ADM0_A3":"CUB","NAME_EN":"Cuba","LABEL_X":-77.975855,"LABEL_Y":21.334024,"FCLASS_IN":""}},
{"type":"Feature","geometry":{"type":"Polygon","coordinates":[[[-89.3616,14.4155],[-89.0266,14.3113],[-88.9572,14.1852],[-88.7466,14.0525],[-88.4954,13.9751],[-88.488,13.8653],[-88.2854,13.906],[-88.2351,13.9929],[-88.0875,13.9805],[-88.0236,13.8912],[-87.8329,13.9152],[-87.7126,13.8005],[-87.8172,13.4066],[-87.721,13.359],[-87.6224,13.423],[-87.4358,13.1894],[-87.314,12.9816],[-87.0847,12.9959],[-86.9484,13.0697],[-86.9108,13.2396],[-86.7019,13.3142],[-86.7741,13.6546],[-86.7662,13.7453],[-86.5417,13.7821],[-86.4101,13.749],[-86.2841,13.8457],[-86.0967,14.0441],[-85.8242,13.8477],[-85.6992,13.9615],[-85.4317,14.1328],[-85.3214,14.2813],[-85.1902,14.3096],[-85.2058,14.4072],[-85.0296,14.589],[-85.002,14.7407],[-84.9042,14.817],[-84.7702,14.8051],[-84.6993,14.6747],[-84.4827,14.6195],[-84.0236,14.7583],[-83.8695,14.7771],[-83.3903,15.031],[-83.262,14.9832],[-83.1304,14.997],[-83.2538,15.0446],[-83.408,15.2664],[-83.6234,15.2961],[-83.7745,15.2857],[-83.9051,15.3835],[-84.0825,15.3601],[-84.1242,15.4302],[-84.0245,15.5351],[-84.2946,15.811],[-84.6601,15.7745],[-84.6766,15.8762],[-84.9999,15.9879],[-85.0758,15.9862],[-85.2543,15.8841],[-85.4886,15.8696],[-85.7032,15.9765],[-85.9032,15.9835],[-85.9949,15.9007],[-86.2071,15.874],[-86.3383,15.7814],[-86.4706,15.8042],[-86.8787,15.7641],[-87.1517,15.7969],[-87.3451,15.8503],[-87.5096,15.7987],[-87.6173,15.8946],[-87.7222,15.9229],[-87.9088,15.8681],[-88.1189,15.6959],[-88.2209,15.7257],[-88.399,15.5728],[-88.9734,15.1404],[-89.1728,15.0422],[-89.2277,14.8346],[-89.1445,14.7083],[-89.1604,14.5813],[-89.2457,14.573],[-89.3616,14.4155]]]},"properties":{"ADMIN":"Honduras","ADM0_A3":"HND","NAME_EN":"Honduras","LABEL_X":-86.887604,"LABEL_Y":14.794801,"FCLASS_IN":""}},
{"type":"Feature","geometry":{"type":"MultiPolygon","coordinates":[[[[-78.8287,1.4343],[-78.9578,1.1634],[-79.0718,1.2095],[-79.1473,1.1096],[-79.4565,1.0725],[-79.5718,0.9837],[-79.7656,0.9551],[-79.8622,0.8764],[-80.0758,0.8161],[-80.0903,0.6522],[-80.017,0.5589],[-80.0665,0.0522],[-80.2318,-0.1397],[-80.3712,-0.2228],[-80.4965,-0.3814],[-80.422,-0.5996],[-80.5159,-0.7421],[-80.5472,-0.8885],[-80.6163,-0.9414],[-80.8164,-0.9463],[-80.9162,-1.0655],[-80.7443,-1.3438],[-80.7709,-1.4778],[-80.8495,-1.6158],[-80.733,-1.904],[-80.745,-2.1029],[-80.9512,-2.2376],[-80.9136,-2.3188],[-80.6566,-2.4158],[-80.4679,-2.6179],[-80.3205,-2.7106],[-80.1751,-2.5867],[-79.9235,-2.5739],[-79.8395,-2.377],[-79.7251,-2.5698],[-79.8346,-2.8068],[-79.9532,-3.1974],[-80.0705,-3.2182],[-80.1356,-3.3276],[-80.3407,-3.3935],[-80.2164,-3.6316],[-80.2216,-3.7694],[-80.1653,-3.89],[-80.3046,-4.0052],[-80.4811,-3.9988],[-80.5141,-4.0834],[-80.4696,-4.2132],[-80.3563,-4.2206],[-80.4885,-4.396],[-80.4085,-4.4775],[-80.2397,-4.3698],[-80.205,-4.2982],[-80.0797,-4.309],[-79.7957,-4.4847],[-79.658,-4.4387],[-79.5072,-4.5316],[-79.5279,-4.6181],[-79.4506,-4.8102],[-79.3032,-4.9612],[-79.0093,-4.9601],[-78.9002,-4.8437],[-78.9286,-4.7475],[-78.8531,-4.6523],[-78.6727,-4.551],[-78.6372,-4.4351],[-78.6824,-4.3269],[-78.5018,-3.9537],[-78.3629,-3.4887],[-78.3617,-3.4085],[-78.1964,-3.3637],[-77.9415,-3.0545],[-77.849,-2.9806],[-76.6846,-2.5736],[-76.0912,-2.1289],[-75.56,-1.5026],[-75.4126,-0.9239],[-75.3487,-0.975],[-75.2273,-0.9698],[-75.297,-0.747],[-75.2556,-0.6243],[-75.272,-0.5257],[-75.4342,-0.403],[-75.4848,-0.2477],[-75.4553,-0.1612],[-75.2835,-0.107],[-75.4214,-0.0622],[-75.6467,0.0854],[-75.7897,0.0844],[-75.9271,0.181],[-76.0535,0.3635],[-76.3116,0.4585],[-76.4159,0.3954],[-76.408,0.2545],[-76.5843,0.2226],[-76.7369,0.2729],[-76.8968,0.2453],[-77.1174,0.3576],[-77.2069,0.3342],[-77.4244,0.4083],[-77.4681,0.6509],[-77.6456,0.7163],[-77.7279,0.8433],[-77.848,0.8093],[-77.9085,0.8642],[-78.12,0.9212],[-78.3728,1.0738],[-78.4669,1.1784],[-78.5701,1.1958],[-78.8287,1.4343]]],[[[-80.0599,-2.6628],[-80.2107,-2.7249],[-80.2622,-2.8408],[-80.2659,-3.0185],[-80.131,-3.0209],[-79.9458,-2.7066],[-80.0599,-2.6628]]],[[[-89.3081,-0.6856],[-89.4132,-0.7135],[-89.6314,-0.9167],[-89.4347,-0.9293],[-89.2548,-0.7192],[-89.3081,-0.6856]]],[[[-90.192,-0.5383],[-90.247,-0.4928],[-90.4877,-0.5255],[-90.5445,-0.6816],[-90.3371,-0.777],[-90.1988,-0.6816],[-90.192,-0.5383]]],[[[-91.4011,-0.4529],[-91.3995,-0.3079],[-91.4742,-0.2493],[-91.6686,-0.2849],[-91.6437,-0.4036],[-91.5076,-0.4904],[-91.4011,-0.4529]]],[[[-90.565,-0.2849],[-90.6325,-0.2013],[-90.8104,-0.1513],[-90.8489,-0.2756],[-90.7401,-0.3539],[-90.5868,-0.3637],[-90.565,-0.2849]]],[[[-90.8114,-0.7306],[-90.956,-0.6071],[-90.9623,-0.442],[-91.1846,-0.211],[-91.2093,-0.0107],[-91.3806,0.147],[-91.6044,0.0015],[-91.5455,-0.0479],[-91.4233,-0.0286],[-91.352,-0.3072],[-91.2357,-0.3864],[-91.2089,-0.4846],[-91.0942,-0.5694],[-91.1681,-0.6827],[-91.2348,-0.6619],[-91.4359,-0.7784],[-91.5023,-0.8963],[-91.3997,-1.0185],[-91.1598,-1.0302],[-90.9287,-0.9703],[-90.8114,-0.7306]]]]},"properties":{"ADMIN":"Ecuador","ADM0_A3":"ECU","NAME_EN":"Ecuador","LABEL_X":-78.188375,"LABEL_Y":-1.259076,"FCLASS_IN":""}},
{"type":"Feature","geometry":{"type":"Polygon","coordinates":[[[-78.8287,1.4343],[-78.5701,1.1958],[-78.4669,1.1784],[-78.3728,1.0738],[-78.12,0.9212],[-77.9085,0.8642],[-77.848,0.8093],[-77.7279,0.8433],[-77.6456,0.7163],[-77.4681,0.6509],[-77.4244,0.4083],[-77.2069,0.3342],[-77.1174,0.3576],[-76.8968,0.2453],[-76.7369,0.2729],[-76.5843,0.2226],[-76.408,0.2545],[-76.4159,0.3954],[-76.3116,0.4585],[-76.0535,0.3635],[-75.9271,0.181],[-75.7897,0.0844],[-75.6467,0.0854],[-75.4214,-0.0622],[-75.2835,-0.107],[-75.1417,-0.0435],[-74.9335,-0.2094],[-74.8247,-0.1705],[-74.6866,-0.3534],[-74.6423,-0.3398],[-74.4127,-0.5731],[-74.3782,-0.7365],[-74.3106,-0.8014],[-74.2891,-0.943],[-73.9199,-1.1138],[-73.8808,-1.191],[-73.6366,-1.2552],[-73.4972,-1.478],[-73.531,-1.6737],[-73.3403,-1.7922],[-73.1863,-1.7996],[-73.1687,-1.9593],[-73.1111,-2.0734],[-73.1953,-2.1872],[-73.1589,-2.293],[-73.0564,-2.2999],[-72.9433,-2.419],[-72.8047,-2.3778],[-72.7183,-2.4199],[-72.6443,-2.3341],[-72.3966,-2.4465],[-72.1615,-2.4057],[-72.0894,-2.331],[-71.9663,-2.3285],[-71.7679,-2.1422],[-71.4565,-2.2551],[-71.387,-2.3689],[-71.2199,-2.3415],[-71.1428,-2.2629],[-70.9927,-2.1974],[-70.8742,-2.2296],[-70.7066,-2.3283],[-70.6476,-2.4508],[-70.5786,-2.4055],[-70.457,-2.4927],[-70.3575,-2.4869],[-70.2361,-2.6251],[-70.0506,-2.7151],[-70.7341,-3.782],[-70.5443,-3.8652],[-70.3111,-3.8293],[-70.217,-3.925],[-70.1884,-4.029],[-70.0605,-4.1072],[-69.9649,-4.2365],[-69.9472,-4.2011],[-69.7712,-3.2342],[-69.5657,-2.106],[-69.3995,-1.1827],[-69.45,-0.9968],[-69.5392,-0.9206],[-69.6284,-0.7334],[-69.5842,-0.6446],[-69.6321,-0.5069],[-69.7465,-0.453],[-69.9444,-0.3055],[-70.0738,-0.1249],[-70.0542,0.5881],[-69.8053,0.6069],[-69.6947,0.6687],[-69.6192,0.6507],[-69.5037,0.7296],[-69.3626,0.6409],[-69.2262,0.6148],[-69.1375,0.6501],[-69.2043,0.9437],[-69.3709,1.063],[-69.7626,1.0911],[-69.8522,1.0594],[-69.8488,1.6689],[-69.7464,1.7352],[-69.5803,1.7702],[-69.3524,1.7202],[-68.1633,1.7213],[-68.2608,1.8582],[-68.2008,2.0078],[-68.1012,1.9241],[-67.9982,1.75],[-67.8605,1.7615],[-67.7905,1.8126],[-67.5929,2.0548],[-67.4397,2.1396],[-67.3406,2.0901],[-67.2648,1.9325],[-67.1172,1.7098],[-67.0736,1.5412],[-67.0982,1.2534],[-67.0652,1.1727],[-66.8751,1.2225],[-66.8825,1.326],[-67.0668,1.8941],[-67.1351,2.0033],[-67.2177,2.2845],[-67.1976,2.402],[-67.3254,2.4746],[-67.4852,2.6619],[-67.5756,2.6911],[-67.6266,2.8134],[-67.8386,2.8861],[-67.4522,3.2437],[-67.3958,3.2666],[-67.3046,3.4257],[-67.4039,3.5045],[-67.4714,3.6801],[-67.6318,3.7619],[-67.7402,4.1187],[-67.8049,4.2685],[-67.782,4.3389],[-67.8537,4.5758],[-67.7931,5.0633],[-67.8437,5.2972],[-67.8098,5.3788],[-67.647,5.4834],[-67.6491,5.6561],[-67.6012,5.8206],[-67.4286,6.0385],[-67.4762,6.1784],[-67.574,6.2662],[-67.8391,6.3075],[-67.9241,6.2346],[-68.1465,6.2238],[-68.3042,6.177],[-68.449,6.195],[-68.6353,6.1359],[-68.8291,6.1878],[-69.0611,6.2178],[-69.2461,6.0807],[-69.3113,6.1462],[-69.4436,6.1222],[-70.0966,6.9444],[-70.1578,6.9795],[-70.3191,6.9383],[-70.5209,7.0156],[-70.5786,7.0858],[-70.7033,7.0999],[-70.9034,7.0632],[-70.9613,7.0094],[-71.184,6.9626],[-71.2835,7.0188],[-71.6543,7.0534],[-71.8326,6.9864],[-71.9938,7.0129],[-72.081,7.0666],[-72.1533,7.1926],[-72.2062,7.3819],[-72.4513,7.4402],[-72.4833,7.6494],[-72.4518,7.8328],[-72.4878,7.9492],[-72.3358,8.1039],[-72.396,8.2566],[-72.3868,8.3386],[-72.6754,8.6515],[-72.7831,9.0599],[-72.8267,9.1417],[-72.9364,9.0992],[-73.0097,9.2954],[-73.1762,9.1909],[-73.3778,9.1647],[-73.1784,9.523],[-73.1236,9.5613],[-72.9776,9.8381],[-72.9877,9.9994],[-72.9356,10.1752],[-72.9076,10.4525],[-72.7544,10.6749],[-72.7061,10.8113],[-72.5765,10.9574],[-72.4815,11.1325],[-72.2566,11.1678],[-72.0079,11.6246],[-71.9711,11.6619],[-71.4495,11.7955],[-71.3275,11.85],[-71.2988,11.9202],[-71.1381,12.0158],[-71.1139,12.0944],[-71.2423,12.3277],[-71.5316,12.4472],[-71.6562,12.4653],[-71.8028,12.3237],[-71.8779,12.3448],[-71.9053,12.2077],[-72.0049,12.2629],[-72.1705,12.2343],[-72.1387,12.1046],[-72.2631,11.886],[-72.4521,11.7913],[-72.7597,11.6971],[-72.934,11.5568],[-73.0548,11.494],[-73.2924,11.294],[-73.4025,11.2772],[-73.826,11.2768],[-74.0046,11.3553],[-74.1875,11.317],[-74.2422,11.2003],[-74.2181,11.0791],[-74.2804,10.9897],[-74.3622,10.7757],[-74.4566,10.748],[-74.5028,10.9743],[-74.8444,11.1097],[-75.0236,10.9743],[-75.036,10.9167],[-75.2674,10.7953],[-75.3073,10.7095],[-75.5098,10.5858],[-75.5157,10.319],[-75.6464,10.1935],[-75.5738,10.074],[-75.6578,9.7052],[-75.5764,9.6211],[-75.6206,9.4529],[-75.8119,9.3915],[-75.91,9.4282],[-76.078,9.3438],[-76.1681,9.247],[-76.2563,9.0074],[-76.6732,8.6804],[-76.8937,8.6203],[-76.7701,8.398],[-76.732,8.0793],[-76.7572,7.9236],[-76.9337,7.9646],[-76.8323,8.1365],[-77.0528,8.2763],[-77.1336,8.4084],[-77.2747,8.4958],[-77.3735,8.6647],[-77.4804,8.5262],[-77.4223,8.4564],[-77.3632,8.2721],[-77.2311,8.0987],[-77.2012,7.982],[-77.3216,7.881],[-77.3799,7.7744],[-77.3397,7.7072],[-77.58,7.5284],[-77.6799,7.671],[-77.7705,7.669],[-77.7312,7.5303],[-77.8202,7.4765],[-77.8958,7.2351],[-77.7869,7.1489],[-77.6527,6.9766],[-77.7013,6.9184],[-77.5734,6.801],[-77.5318,6.7121],[-77.4112,6.6938],[-77.343,6.5438],[-77.4151,6.2391],[-77.4844,6.1888],[-77.353,6.0262],[-77.2464,5.7873],[-77.2611,5.7009],[-77.3556,5.6079],[-77.4908,5.5948],[-77.4083,5.4645],[-77.3592,5.2973],[-77.3667,4.9989],[-77.3188,4.7097],[-77.3196,4.5466],[-77.3872,4.3472],[-77.3481,4.2247],[-77.4352,4.1552],[-77.425,4.0046],[-77.1892,4.0673],[-77.3118,3.9084],[-77.1515,3.8004],[-77.2049,3.6212],[-77.3105,3.5502],[-77.3671,3.4021],[-77.4574,3.3561],[-77.5087,3.1946],[-77.6477,3.0739],[-77.6434,2.8981],[-77.8118,2.7485],[-77.7515,2.6273],[-77.9043,2.58],[-77.9498,2.6745],[-78.0961,2.6515],[-78.0867,2.5106],[-78.2775,2.5425],[-78.334,2.647],[-78.4322,2.587],[-78.5857,2.4031],[-78.7032,2.1898],[-78.6707,2.031],[-78.5863,2.0004],[-78.5463,1.8599],[-78.5712,1.7822],[-78.8461,1.8216],[-78.998,1.6079],[-78.8533,1.5434],[-78.8287,1.4343]]]},"properties":{"ADMIN":"Colombia","ADM0_A3":"COL","NAME_EN":"Colombia","LABEL_X":-73.174347,"LABEL_Y":3.373111,"FCLASS_IN":""}},
{"type":"Feature","geometry":{"type":"Polygon","coordinates":[[[-62.6504,-22.2345],[-62.6327,-22.296],[-62.2872,-22.4839],[-62.1708,-22.7173],[-62.0358,-22.8849],[-61.9564,-23.0344],[-61.845,-23.0972],[-61.7443,-23.2348],[-61.6051,-23.2893],[-61.4918,-23.4132],[-61.297,-23.4814],[-61.1099,-23.607],[-61.1188,-23.6664],[-61.0063,-23.8055],[-60.8376,-23.8718],[-60.5936,-23.9122],[-60.328,-24.018],[-60.0337,-24.007],[-59.4597,-24.3585],[-59.341,-24.4876],[-59.0009,-24.6442],[-58.8092,-24.7768],[-58.4734,-24.8513],[-58.312,-24.9936],[-58.2241,-24.9412],[-57.9698,-25.0785],[-57.8905,-25.0787],[-57.7541,-25.1809],[-57.5569,-25.4598],[-57.6231,-25.6154],[-57.7537,-25.6727],[-57.8754,-25.8761],[-57.8727,-26.0103],[-58.0865,-26.1272],[-58.2062,-26.4027],[-58.2479,-26.7582],[-58.4598,-26.9282],[-58.5115,-27.0602],[-58.6533,-27.1563],[-58.5108,-27.2784],[-58.022,-27.2598],[-57.6978,-27.3335],[-57.5357,-27.4072],[-57.3352,-27.4095],[-57.1801,-27.4873],[-56.9044,-27.4187],[-56.7712,-27.5067],[-56.5464,-27.4551],[-56.3675,-27.5806],[-56.2798,-27.3896],[-56.1246,-27.2989],[-55.9131,-27.3278],[-55.7547,-27.4437],[-55.5913,-27.3284],[-55.599,-27.1826],[-55.4619,-27.098],[-55.414,-26.9799],[-55.2806,-26.9343],[-55.1384,-26.9537],[-55.1258,-26.8636],[-54.9753,-26.7878],[-54.9033,-26.6599],[-54.7931,-26.645],[-54.7898,-26.5285],[-54.7065,-26.4418],[-54.6383,-26.197],[-54.6623,-25.9799],[-54.5879,-25.8108],[-54.6431,-25.6879],[-54.6002,-25.5749],[-54.6098,-25.4328],[-54.4297,-25.1306],[-54.4623,-25.0372],[-54.4073,-24.8212],[-54.3213,-24.6284],[-54.3348,-24.5273],[-54.2611,-24.3295],[-54.3346,-24.1489],[-54.2453,-24.0506],[-54.4229,-23.9138],[-54.6126,-23.8112],[-54.8274,-23.887],[-54.9436,-23.9692],[-55.2009,-24.0195],[-55.398,-23.9768],[-55.4453,-23.7354],[-55.5305,-23.6035],[-55.5556,-23.3303],[-55.5352,-23.2291],[-55.6378,-23.0007],[-55.659,-22.8183],[-55.6312,-22.6268],[-55.7413,-22.5372],[-55.7516,-22.4163],[-55.8929,-22.3068],[-56.1968,-22.2793],[-56.3168,-22.2077],[-56.4218,-22.0745],[-56.5113,-22.0914],[-56.6547,-22.2373],[-56.8429,-22.289],[-57.2138,-22.1882],[-57.385,-22.2133],[-57.6141,-22.177],[-57.6545,-22.1045],[-57.8439,-22.1437],[-57.9868,-22.0353],[-57.8956,-21.6884],[-57.939,-21.6237],[-57.9299,-21.4531],[-57.8556,-21.3307],[-57.8254,-20.9986],[-57.9087,-20.8816],[-57.8602,-20.7303],[-57.991,-20.6206],[-57.9894,-20.4331],[-58.083,-20.3762],[-58.1588,-20.1651],[-58.1452,-19.9696],[-58.1753,-19.8214],[-59.0895,-19.2867],[-60.0064,-19.2981],[-60.8339,-19.4679],[-61.7612,-19.6578],[-61.9443,-20.1041],[-62.2773,-20.5798],[-62.2757,-21.0666],[-62.6504,-22.2345]]]},"properties":{"ADMIN":"Paraguay","ADM0_A3":"PRY","NAME_EN":"Paraguay","LABEL_X":-60.146394,"LABEL_Y":-21.674509,"FCLASS_IN":""}},
{"type":"Feature","geometry":{"type":"Polygon","coordinates":[[[-57.6425,-30.1931],[-57.6028,-30.1905],[-57.6117,-30.183],[-57.6425,-30.1931]]]},"properties":{"ADMIN":"Brazilian Island","ADM0_A3":"BRI","NAME_EN":"Brazilian Island","LABEL_X":-57.623042,"LABEL_Y":-30.187555,"FCLASS_IN":""}},
{"type":"Feature","geometry":{"type":"MultiPolygon","coordinates":[[[[-7.4144,37.1928],[-7.4759,37.4942],[-7.5297,37.5672],[-7.4263,37.7506],[-7.3344,37.8119],[-7.2686,37.9492],[-7.1233,38.04],[-7.024,38.0226],[-6.9475,38.1966],[-7.1269,38.1909],[-7.1672,38.2721],[-7.3592,38.4464],[-7.2704,38.7375],[-7.0561,38.8551],[-6.9733,39.014],[-7.0388,39.1091],[-7.1675,39.1135],[-7.3267,39.3413],[-7.3135,39.4574],[-7.5158,39.5938],[-7.5573,39.6798],[-7.0358,39.6893],[-6.8797,40.0092],[-7.0431,40.1814],[-6.7944,40.3564],[-6.8571,40.4421],[-6.8143,40.6472],[-6.8367,40.8402],[-6.9425,41.016],[-6.818,41.0541],[-6.6466,41.2676],[-6.4959,41.2949],[-6.321,41.4196],[-6.2059,41.5703],[-6.3659,41.6636],[-6.5553,41.6749],[-6.5242,41.8674],[-6.6568,41.9331],[-7.1454,41.9875],[-7.2515,41.8637],[-7.5884,41.8242],[-7.722,41.8993],[-8.0486,41.8164],[-8.2317,41.886],[-8.108,42.0109],[-8.2224,42.1536],[-8.3467,42.1017],[-8.6269,42.051],[-8.7508,41.969],[-8.8675,41.8591],[-8.8803,41.7369],[-8.7748,41.4683],[-8.7372,41.2497],[-8.6661,41.1328],[-8.6551,40.9938],[-8.7006,40.778],[-8.6416,40.6942],[-8.7658,40.5825],[-8.8654,40.2755],[-8.8682,40.1248],[-9.0717,39.6804],[-9.0904,39.5793],[-9.2403,39.42],[-9.3529,39.3679],[-9.3509,39.1973],[-9.4366,39.0295],[-9.4227,38.9314],[-9.4917,38.7076],[-9.2527,38.6655],[-9.1838,38.5515],[-9.2004,38.4125],[-8.9058,38.5124],[-8.7951,38.3592],[-8.7744,38.1869],[-8.8675,37.9736],[-8.7972,37.8449],[-8.8265,37.6006],[-8.7979,37.4896],[-8.8814,37.2325],[-8.9856,37.0634],[-8.8789,37.0472],[-8.6268,37.1212],[-8.4388,37.0827],[-8.1792,37.0881],[-7.9814,37.0017],[-7.7866,37.0227],[-7.5118,37.1718],[-7.4144,37.1928]]],[[[-16.7887,32.6867],[-16.75,32.7306],[-16.9197,32.8412],[-17.2521,32.8145],[-17.143,32.7056],[-16.9768,32.6472],[-16.7887,32.6867]]],[[[-25.1978,37.8644],[-25.4585,37.8297],[-25.6807,37.8433],[-25.7043,37.744],[-25.5057,37.7067],[-25.1947,37.7407],[-25.1978,37.8644]]],[[[-28.1095,38.4466],[-28.3745,38.5505],[-28.5489,38.4844],[-28.4595,38.4057],[-28.2419,38.3776],[-28.1095,38.4466]]],[[[-27.0201,38.6937],[-27.1443,38.7961],[-27.3917,38.7589],[-27.3276,38.6663],[-27.0603,38.6414],[-27.0201,38.6937]]]]},"properties":{"ADMIN":"Portugal","ADM0_A3":"PRT","NAME_EN":"Portugal","LABEL_X":-8.271754,"LABEL_Y":39.606675,"FCLASS_IN":""}},
{"type":"Feature","geometry":{"type":"Polygon","coordinates":[[[26.6179,48.259],[26.8049,48.2583],[27.048,48.1222],[27.2124,47.8895],[27.272,47.715],[27.5632,47.4683],[27.5724,47.3752],[27.7228,47.2833],[27.8066,47.1446],[28.037,47.0165],[28.2341,46.6624],[28.2461,46.4279],[28.0861,46.0006],[28.155,45.7618],[28.1409,45.5602],[28.1995,45.4618],[28.2705,45.5215],[28.4809,45.502],[28.474,45.6579],[28.5767,45.7619],[28.7383,45.8376],[28.7576,45.9612],[28.932,45.9932],[29.0154,46.1826],[28.9335,46.259],[28.9458,46.4548],[29.1627,46.5381],[29.2007,46.3571],[29.4751,46.4323],[29.5986,46.3631],[29.7269,46.4558],[29.8478,46.3415],[30.0811,46.3742],[29.9161,46.5188],[29.9526,46.7247],[29.8436,46.8541],[29.5587,46.9457],[29.603,47.0458],[29.5304,47.1237],[29.5566,47.324],[29.3589,47.3527],[29.1174,47.5333],[29.2386,47.756],[29.124,47.976],[28.9504,47.9348],[28.7993,48.1118],[28.4369,48.1499],[28.2945,48.2365],[28.1999,48.2117],[28.0559,48.3215],[27.9264,48.3394],[27.7518,48.452],[27.5038,48.4724],[27.1758,48.3618],[26.8428,48.3937],[26.6179,48.259]]]},"properties":{"ADMIN":"Moldova","ADM0_A3":"MDA","NAME_EN":"Moldova","LABEL_X":28.487904,"LABEL_Y":47.434999,"FCLASS_IN":""}},
{"type":"Feature","geometry":{"type":"Polygon","coordinates":[[[61.2697,35.6185],[61.5387,35.4523],[61.799,35.4175],[62.0338,35.424],[62.219,35.3063],[62.302,35.1475],[62.3993,35.2559],[62.6211,35.2227],[62.9182,35.3882],[63.0802,35.4371],[63.0766,35.6247],[63.1839,35.7123],[63.1253,35.8602],[63.3429,35.8563],[63.6023,35.9627],[63.7659,35.9773],[64.0362,36.0764],[64.1234,36.1461],[64.2661,36.1525],[64.4446,36.25],[64.6059,36.4611],[64.592,36.6211],[64.7788,36.9385],[64.7602,37.0926],[65.0631,37.2332],[65.5014,37.2423],[65.6241,37.3451],[65.6688,37.5206],[65.8552,37.5079],[66.0797,37.4409],[66.2944,37.3312],[66.5196,37.3642],[66.4935,37.5222],[66.5188,37.7827],[66.6458,37.9459],[66.5542,38.0269],[66.3069,38.0804],[66.2311,38.1488],[65.8767,38.273],[65.7402,38.2241],[65.6041,38.2374],[65.2053,38.4496],[64.9777,38.6123],[64.6349,38.7441],[64.3373,38.971],[64.1206,38.9617],[63.7093,39.1909],[63.4776,39.4029],[62.5932,39.8902],[62.4528,40.0092],[62.4397,40.1729],[62.3533,40.4304],[62.1918,40.499],[62.0448,40.715],[61.9708,41.0154],[61.8779,41.125],[61.6544,41.2494],[61.4701,41.2972],[61.2814,41.1573],[61.0997,41.2241],[60.8603,41.253],[60.5381,41.2132],[60.4145,41.2353],[60.0942,41.3895],[60.0717,41.5144],[60.1556,41.6033],[60.0492,41.7535],[60.2411,41.8081],[59.9837,41.949],[59.9745,42.0992],[60.0282,42.1995],[59.8664,42.3042],[59.4782,42.2856],[59.2452,42.3653],[59.122,42.538],[58.8944,42.5478],[58.6123,42.7809],[58.4932,42.6455],[58.2827,42.6889],[58.1457,42.5926],[58.2257,42.4666],[57.9977,42.4934],[57.8505,42.1914],[57.6198,42.1482],[57.3823,42.1636],[57.2078,42.0706],[57.1155,41.9521],[56.9501,41.8661],[56.9605,41.6472],[57.0196,41.4659],[57.1538,41.3724],[57.0102,41.2541],[56.7935,41.2883],[55.9784,41.3217],[55.6355,41.2644],[55.4295,41.2908],[55.2284,41.4728],[54.9507,41.7956],[54.9071,41.9321],[54.7383,42.0482],[54.1953,42.3181],[54.0472,42.3454],[53.4123,42.2582],[52.9787,42.1266],[52.7647,41.9938],[52.4377,41.7489],[52.5952,41.6337],[52.5622,41.5195],[52.8157,41.3887],[52.8989,41.566],[52.9038,41.6898],[52.8215,41.7649],[52.9603,41.9844],[53.1219,42.09],[53.2967,42.0788],[53.6818,42.1439],[53.8967,42.0788],[53.9323,41.8843],[54.0197,41.7315],[54.0414,41.5346],[54.3118,41.3383],[54.6004,41.1923],[54.76,40.965],[54.6399,40.8388],[54.4749,40.8099],[54.3605,40.9171],[54.2733,40.8934],[54.3106,40.7307],[54.1711,40.7297],[54.0108,40.6579],[53.721,40.6257],[53.7246,40.6879],[53.5874,40.8916],[53.5417,40.7616],[53.1074,40.7739],[52.9582,41.0163],[52.8276,40.7115],[52.8631,40.6581],[52.7366,40.4846],[52.699,40.2739],[52.7683,40.1538],[52.7385,40.0536],[52.8841,39.9449],[53.1724,39.9975],[53.29,39.9421],[53.4373,40.0027],[53.5671,39.9495],[53.4299,39.7625],[53.5335,39.6321],[53.7116,39.5434],[53.5772,39.4678],[53.3635,39.5381],[53.1782,39.5157],[53.0887,39.3832],[53.3943,39.317],[53.5813,39.3305],[53.7478,39.0544],[53.8709,39.0284],[53.9775,38.9018],[53.863,38.6794],[53.827,38.5255],[53.8589,38.2065],[53.8071,38.032],[53.8249,37.7449],[53.9137,37.3428],[54.1866,37.3237],[54.6169,37.433],[54.7837,37.5175],[54.7873,37.6519],[54.8566,37.7611],[55.1303,37.9523],[55.4231,38.0759],[55.7087,38.1187],[55.9784,38.0659],[56.2997,38.0802],[56.2971,38.1658],[56.4365,38.2551],[56.5852,38.2346],[56.739,38.2696],[57.0384,38.1873],[57.2183,38.2651],[57.3443,38.0811],[57.3524,37.9675],[57.4963,37.9223],[57.6912,37.9203],[58.1812,37.7749],[58.2068,37.6787],[58.3718,37.6304],[58.5143,37.6915],[58.7043,37.6446],[58.861,37.6681],[59.0456,37.6196],[59.2117,37.5163],[59.3517,37.4938],[59.3704,37.3194],[59.5095,37.1898],[59.7972,37.1122],[60.0192,37.0258],[60.3423,36.6371],[61.0755,36.6478],[61.186,36.5777],[61.1525,36.4063],[61.2228,36.1175],[61.174,36.0065],[61.2474,35.8762],[61.2317,35.6719],[61.2697,35.6185]]]},"properties":{"ADMIN":"Turkmenistan","ADM0_A3":"TKM","NAME_EN":"Turkmenistan","LABEL_X":58.676647,"LABEL_Y":39.855246,"FCLASS_IN":""}},
{"type":"Feature","geometry":{"type":"Polygon","coordinates":[[[35.6118,32.6819],[35.56,32.6327],[35.561,32.3847],[35.5725,32.2376],[35.5228,32.0578],[35.5594,31.7653],[35.4801,31.6411],[35.4581,31.4919],[35.3957,31.2577],[35.4385,31.1037],[35.3853,30.9633],[35.2053,30.6171],[35.14,30.4302],[35.1453,30.1549],[35.0863,30.034],[35.049,29.8423],[34.9556,29.559],[34.9494,29.3517],[36.0164,29.19],[36.0695,29.2],[36.4771,29.4946],[36.7049,29.8312],[36.7562,29.8655],[37.4702,29.9946],[37.6345,30.3128],[37.9811,30.4995],[37.48,31.0073],[36.9595,31.491],[38.4002,31.8554],[38.9633,31.9944],[39.1464,32.1181],[39.292,32.2445],[39.2358,32.3529],[39.0463,32.3085],[38.9786,32.4757],[39.0572,32.4966],[38.7745,33.3717],[38.0567,32.9943],[36.8194,32.3168],[36.3731,32.3864],[36.1774,32.5273],[36.0699,32.5166],[35.8957,32.7133],[35.7402,32.7405],[35.6118,32.6819]]]},"properties":{"ADMIN":"Jordan","ADM0_A3":"JOR","NAME_EN":"Jordan","LABEL_X":36.375991,"LABEL_Y":30.805025,"FCLASS_IN":""}},
{"type":"Feature","geometry":{"type":"Polygon","coordinates":[[[88.1182,27.8609],[87.8259,27.9066],[87.7564,27.8204],[87.5316,27.8368],[87.3868,27.8044],[87.1558,27.8258],[87.0305,27.9381],[86.8931,27.9542],[86.662,28.1068],[86.5442,28.093],[86.4969,27.9379],[86.4388,27.9109],[86.203,28.0026],[85.9803,27.8852],[85.8483,28.1589],[85.6751,28.3064],[85.6118,28.2511],[85.4316,28.2971],[85.2596,28.2669],[85.0802,28.3188],[85.0776,28.4357],[85.168,28.5832],[85.0549,28.6387],[84.9187,28.5357],[84.6778,28.6044],[84.6072,28.6982],[84.4508,28.7339],[84.354,28.8613],[84.2351,28.9],[84.2314,29.026],[84.0991,29.247],[83.9456,29.2918],[83.7197,29.2336],[83.656,29.1608],[83.5171,29.1917],[83.328,29.485],[83.1621,29.6252],[82.8366,29.6598],[82.5418,29.9232],[82.3944,30.0031],[82.1445,30.0694],[82.0888,30.3301],[81.779,30.358],[81.5916,30.4143],[81.4831,30.3319],[81.3875,30.3739],[81.3573,30.1736],[81.1945,30.0045],[81.0978,30.0169],[80.996,30.197],[80.8298,30.1171],[80.6541,29.9706],[80.5713,29.9469],[80.4762,29.8061],[80.369,29.7579],[80.3852,29.6048],[80.2137,29.4169],[80.2787,29.2681],[80.2331,29.1393],[80.1326,29.1102],[80.0364,28.837],[80.2333,28.7327],[80.3498,28.6202],[80.4975,28.6701],[80.6483,28.6198],[80.7817,28.5147],[81.0004,28.397],[81.1463,28.3722],[81.3071,28.1238],[81.6889,27.9632],[81.8557,27.8509],[82.0516,27.9052],[82.4019,27.6772],[82.6521,27.7041],[82.7521,27.495],[83.1328,27.4442],[83.3049,27.3319],[83.361,27.4622],[83.5904,27.4566],[83.848,27.351],[83.8341,27.434],[84.0289,27.4537],[84.0796,27.5095],[84.2894,27.3761],[84.577,27.329],[84.6577,27.2034],[84.6402,27.0284],[84.8019,27.0138],[84.924,26.9557],[85.044,26.8437],[85.162,26.851],[85.2873,26.737],[85.5986,26.8544],[85.6878,26.8119],[85.7129,26.6532],[85.8216,26.5717],[86.0114,26.6544],[86.2029,26.5846],[86.2844,26.612],[86.7136,26.4146],[86.7964,26.4315],[87.0413,26.5802],[87.0833,26.4321],[87.3262,26.3533],[87.3842,26.4186],[87.587,26.378],[87.8707,26.4607],[88.0066,26.3699],[88.0742,26.4539],[88.1691,26.744],[88.0769,26.9918],[87.9707,27.1027],[88.0351,27.3226],[88.0233,27.4949],[88.1597,27.7741],[88.1182,27.8609]]]},"properties":{"ADMIN":"Nepal","ADM0_A3":"NPL","NAME_EN":"Nepal","LABEL_X":83.639914,"LABEL_Y":28.297925,"FCLASS_IN":""}},
{"type":"Feature","geometry":{"type":"Polygon","coordinates":[[[28.9808,-28.909],[28.8857,-28.7972],[28.6995,-28.6885],[28.6665,-28.5972],[28.4034,-28.6189],[28.3172,-28.7001],[28.155,-28.7023],[28.0187,-28.8568],[27.8613,-28.9154],[27.7474,-28.9086],[27.665,-29.0657],[27.4533,-29.2916],[27.4176,-29.3966],[27.2418,-29.549],[27.0149,-29.6256],[27.1988,-29.9785],[27.2659,-30.0333],[27.3662,-30.311],[27.4594,-30.3166],[27.5986,-30.4903],[27.7436,-30.6003],[28.0547,-30.6497],[28.2182,-30.3874],[28.216,-30.2674],[28.3641,-30.1593],[28.5243,-30.1167],[28.6397,-30.1315],[28.86,-30.0664],[29.1442,-29.9197],[29.1058,-29.8256],[29.1613,-29.6669],[29.2786,-29.6136],[29.3038,-29.4668],[29.4359,-29.3424],[29.3118,-29.0898],[29.2084,-29.0689],[28.9808,-28.909]]]},"properties":{"ADMIN":"Lesotho","ADM0_A3":"LSO","NAME_EN":"Lesotho","LABEL_X":28.246639,"LABEL_Y":-29.480158,"FCLASS_IN":""}},
{"type":"Feature","geometry":{"type":"Polygon","coordinates":[[[11.3221,2.1658],[11.3516,2.3006],[11.6712,2.321],[11.7527,2.2819],[12.2026,2.2796],[12.334,2.3096],[12.7499,2.2367],[12.8082,2.264],[13.0835,2.2495],[13.2429,2.2715],[13.2946,2.1611],[14.267,2.1524],[14.4187,2.1353],[14.5621,2.2088],[14.7057,2.1055],[14.8715,2.1017],[14.963,2.0104],[15.0916,1.9844],[15.2337,2.0313],[15.3492,1.9233],[15.4829,1.9758],[15.7646,1.9087],[15.8899,1.7933],[16.159,1.7348],[16.0649,1.979],[16.1044,2.1936],[16.1967,2.2365],[16.0903,2.5105],[16.0626,2.7032],[16.0924,2.8633],[15.914,3.098],[15.7856,3.108],[15.1713,3.759],[15.0849,3.8858],[15.1026,4.1124],[15.0728,4.2659],[15.0006,4.4032],[14.7797,4.545],[14.7173,4.622],[14.6595,4.997],[14.6632,5.1418],[14.5239,5.2797],[14.5973,5.4115],[14.5928,5.6239],[14.6311,5.738],[14.5848,5.9234],[14.4821,5.9096],[14.3977,6.0192],[14.535,6.1901],[14.719,6.2579],[14.9325,6.7103],[15.0422,6.7908],[15.2239,7.2475],[15.4328,7.3897],[15.481,7.5233],[15.549,7.6308],[15.5629,7.7924],[15.4407,7.8394],[15.3453,8.136],[15.1837,8.4791],[15.0313,8.6587],[14.846,8.811],[14.7939,8.8136],[14.3495,9.1684],[14.3213,9.2432],[14.0365,9.5688],[13.9476,9.6378],[14.1198,9.852],[14.1817,9.9782],[14.4405,9.9953],[14.7325,9.9238],[14.8981,9.9605],[15.0612,9.9492],[15.2149,9.9841],[15.383,9.9302],[15.6812,9.9913],[15.5361,10.0805],[15.3014,10.3117],[15.2183,10.4872],[15.1382,10.5217],[15.1499,10.6231],[15.0659,10.7931],[15.0212,11.1825],[15.0606,11.4161],[15.1356,11.5308],[15.0683,11.7001],[15.1109,11.7829],[15.042,11.9024],[15.0406,12.0556],[14.9031,12.1459],[14.9083,12.3269],[14.8308,12.6182],[14.604,12.7608],[14.4906,12.8863],[14.5047,12.969],[14.4182,13.0811],[14.0649,13.078],[14.1774,12.5456],[14.1798,12.3856],[14.5144,12.3235],[14.5485,12.2416],[14.6699,12.1674],[14.6043,12.0304],[14.6234,11.9165],[14.5465,11.7186],[14.6214,11.6298],[14.5938,11.4964],[14.3682,11.383],[14.1655,11.2383],[13.9823,11.2763],[13.7548,11.0167],[13.7444,10.9305],[13.5663,10.679],[13.5013,10.4963],[13.4349,10.1534],[13.248,10.0794],[13.2127,9.8701],[13.2629,9.8017],[13.1955,9.5422],[12.9824,9.4746],[12.862,9.3829],[12.8884,9.2267],[12.8221,9.0968],[12.8057,8.8315],[12.6604,8.6593],[12.558,8.6057],[12.377,8.5951],[12.4039,8.4965],[12.25,8.4188],[12.2377,8.2169],[12.1883,8.1178],[12.1978,7.9752],[12.055,7.7839],[12.025,7.5966],[11.8447,7.3964],[11.7802,7.2411],[11.8813,7.102],[11.6232,6.9323],[11.5381,6.8239],[11.5715,6.7662],[11.5098,6.6123],[11.4167,6.572],[11.3195,6.4373],[11.0971,6.4491],[11.0559,6.7004],[10.8775,6.8161],[10.8319,6.9452],[10.6025,7.0581],[10.496,6.8747],[10.2384,6.871],[10.1195,6.9944],[9.8746,6.7877],[9.7698,6.7737],[9.693,6.5313],[9.5881,6.5027],[9.3274,6.2985],[9.2733,6.2028],[8.9885,5.9373],[8.8559,5.8475],[8.8193,5.7035],[8.8937,5.6218],[8.7989,5.1596],[8.7583,5.1349],[8.6022,4.8813],[8.5942,4.8153],[8.5051,4.5509],[8.5767,4.4919],[8.7017,4.5013],[8.8719,4.6025],[8.919,4.3181],[8.991,4.2175],[8.9712,4.1008],[9.1234,4.0179],[9.4121,3.9022],[9.4769,3.9909],[9.5794,4.013],[9.6648,3.9404],[9.5892,3.8096],[9.6243,3.7502],[9.6421,3.539],[9.7809,3.4368],[9.9031,3.2729],[9.958,3.0822],[9.8778,2.8814],[9.7996,2.3417],[9.8109,2.2649],[9.991,2.1656],[11.3221,2.1658]]]},"properties":{"ADMIN":"Cameroon","ADM0_A3":"CMR","NAME_EN":"Cameroon","LABEL_X":12.473488,"LABEL_Y":4.585041,"FCLASS_IN":""}},
{"type":"Feature","geometry":{"type":"Polygon","coordinates":[[[13.2946,2.1611],[13.2429,2.2715],[13.0835,2.2495],[12.8082,2.264],[12.7499,2.2367],[12.334,2.3096],[12.2026,2.2796],[11.7527,2.2819],[11.6712,2.321],[11.3516,2.3006],[11.3221,2.1658],[11.3317,1.7851],[11.3363,0.9992],[10.0294,1.0035],[9.9086,0.9351],[9.8044,0.9984],[9.6688,1.0582],[9.5615,0.9628],[9.6182,0.8068],[9.625,0.6393],[9.52,0.6835],[9.3088,0.614],[9.3057,0.5443],[9.4114,0.4699],[9.4981,0.291],[9.6797,0.2222],[9.7124,0.1348],[9.4243,0.2082],[9.3071,0.319],[9.3553,0.0162],[9.2674,-0.4124],[9.1008,-0.5997],[9.0046,-0.8051],[8.929,-0.6873],[8.8003,-0.7337],[8.8775,-0.9737],[9.0158,-1.1699],[9.03,-1.2991],[9.158,-1.3952],[9.2853,-1.4158],[9.2998,-1.5774],[9.2443,-1.7858],[9.3597,-1.9147],[9.368,-1.9952],[9.5658,-2.1926],[9.597,-2.3522],[9.9089,-2.4704],[10.1375,-2.5274],[10.0396,-2.6132],[9.8425,-2.5006],[9.7251,-2.4814],[9.9024,-2.7004],[10.4526,-3.1333],[10.6354,-3.3137],[10.6464,-3.4519],[10.9846,-3.7146],[11.0213,-3.8578],[11.114,-3.9369],[11.2125,-3.6973],[11.414,-3.5876],[11.4826,-3.5093],[11.5698,-3.545],[11.6492,-3.6733],[11.8197,-3.7104],[11.8985,-3.6224],[11.8278,-3.5481],[11.9444,-3.3032],[11.6875,-3.171],[11.7637,-2.9826],[11.6368,-2.8333],[11.5375,-2.7977],[11.6103,-2.6789],[11.5582,-2.3494],[11.6697,-2.3527],[11.7561,-2.4151],[11.9384,-2.3291],[12.0623,-2.415],[12.4593,-2.3299],[12.4702,-2.1563],[12.4231,-1.8976],[12.4995,-1.9179],[12.5832,-1.8265],[12.8046,-1.9191],[13.0107,-2.2878],[13.361,-2.4288],[13.4454,-2.4271],[13.5934,-2.3268],[13.7707,-2.1191],[13.8639,-2.3215],[13.885,-2.4885],[14.0809,-2.4999],[14.227,-2.3231],[14.1512,-2.259],[14.2384,-2.1202],[14.2522,-1.9676],[14.3707,-1.9213],[14.403,-1.6709],[14.3738,-1.6041],[14.4821,-1.3886],[14.4658,-1.2244],[14.3918,-1.0233],[14.4571,-0.8561],[14.499,-0.6309],[14.4665,-0.5527],[14.2927,-0.4364],[14.1597,-0.4551],[14.1214,-0.3022],[14.0588,-0.2588],[13.8312,-0.2054],[13.9211,-0.053],[13.8712,0.1964],[13.9452,0.3504],[14.0404,0.4138],[14.076,0.5395],[14.2318,0.5426],[14.4476,0.8162],[14.4681,0.9132],[14.2747,1.1556],[14.2522,1.3308],[14.1839,1.3808],[13.7947,1.4344],[13.5434,1.2835],[13.4139,1.2955],[13.2502,1.2218],[13.2395,1.428],[13.1296,1.5925],[13.2069,1.9936],[13.2811,2.045],[13.2946,2.1611]]]},"properties":{"ADMIN":"Gabon","ADM0_A3":"GAB","NAME_EN":"Gabon","LABEL_X":11.835939,"LABEL_Y":-0.437739,"FCLASS_IN":""}},
{"type":"Feature","geometry":{"type":"Polygon","coordinates":[[[3.5964,11.6958],[3.667,11.7597],[3.6039,11.9056],[3.6536,11.9868],[3.624,12.0942],[3.6515,12.269],[3.6457,12.5285],[3.9291,12.7504],[4.0888,12.9962],[4.1237,13.2336],[4.1258,13.473],[4.2485,13.4941],[4.4058,13.6412],[4.5067,13.6947],[4.8569,13.7741],[4.9251,13.7331],[5.2735,13.7525],[5.3741,13.8553],[5.5543,13.8734],[6.1204,13.6541],[6.2298,13.6792],[6.3689,13.6263],[6.6725,13.3212],[6.7787,13.1303],[6.9066,13.0069],[7.0901,13.0064],[7.1982,13.1174],[7.392,13.1125],[7.7556,13.3271],[7.824,13.3453],[8.0775,13.31],[8.2457,13.2118],[8.3978,13.0754],[8.5335,13.0646],[8.6793,12.9236],[8.9428,12.8472],[9.2694,12.8098],[9.6407,12.8225],[9.9301,13.146],[10.1615,13.2672],[10.675,13.3751],[10.953,13.3619],[11.44,13.3644],[11.8528,13.2454],[12.0576,13.1168],[12.2014,13.1254],[12.2772,13.0845],[12.4727,13.0642],[12.5611,13.2428],[12.6831,13.2889],[12.8838,13.496],[13.0549,13.5484],[13.2281,13.548],[13.36,13.7144],[13.6073,13.7041],[13.4492,14.3801],[13.4823,14.4836],[13.6243,14.5213],[13.6483,14.6494],[13.7644,14.7191],[13.7605,14.8664],[13.8339,15.0196],[14.369,15.7496],[15.0258,16.4325],[15.4524,16.8762],[15.472,16.9167],[15.5911,18.2651],[15.6516,18.9494],[15.736,19.9035],[15.963,20.3192],[15.954,20.3746],[15.5442,20.799],[15.6093,20.9507],[15.301,21.4013],[15.1804,21.5073],[15.172,21.9934],[14.9799,22.9957],[14.2317,22.6179],[14.2016,22.6232],[13.5996,23.119],[13.4823,23.1797],[12.8512,23.3205],[11.9689,23.5174],[11.0844,22.9958],[10.4038,22.5946],[9.7233,22.1934],[8.6345,21.5515],[7.4827,20.8726],[7.0205,20.4954],[6.61,20.1429],[5.8376,19.4786],[5.7493,19.4337],[5.0828,19.306],[4.2286,19.1422],[4.2319,18.1531],[4.2356,16.9959],[4.182,16.8096],[4.184,16.4161],[4.0606,16.2983],[3.9712,16.0861],[3.9832,15.984],[3.9035,15.8863],[3.8712,15.7148],[3.6922,15.6315],[3.5265,15.496],[3.5071,15.354],[3.073,15.4272],[3.0002,15.3391],[2.0814,15.3086],[1.3315,15.2836],[1.2709,15.2599],[0.9737,14.9913],[0.6701,14.9397],[0.5148,14.9936],[0.2185,14.911],[0.2197,14.7312],[0.1529,14.5467],[0.1886,14.4477],[0.3888,14.2516],[0.3392,14.1258],[0.5041,13.8454],[0.6005,13.7687],[0.6207,13.68],[0.7534,13.6841],[0.7953,13.626],[0.951,13.5832],[1.0482,13.4419],[0.9835,13.3684],[0.9718,13.0673],[1.114,12.9962],[1.5359,12.6475],[1.8261,12.6042],[1.9717,12.7242],[2.109,12.7056],[2.2032,12.5833],[2.245,12.4242],[2.0693,12.3833],[2.0709,12.3069],[2.3381,11.9401],[2.3902,11.8965],[2.4056,12.0467],[2.3612,12.2189],[2.6286,12.3008],[2.8443,12.3992],[3.2551,12.0188],[3.2927,11.9187],[3.5035,11.83],[3.5964,11.6958]]]},"properties":{"ADMIN":"Niger","ADM0_A3":"NER","NAME_EN":"Niger","LABEL_X":9.504356,"LABEL_Y":17.446195,"FCLASS_IN":""}},
{"type":"Feature","geometry":{"type":"Polygon","coordinates":[[[2.3902,11.8965],[2.3381,11.9401],[2.0709,12.3069],[2.0693,12.3833],[2.245,12.4242],[2.2032,12.5833],[2.109,12.7056],[1.9717,12.7242],[1.8261,12.6042],[1.5359,12.6475],[1.114,12.9962],[0.9718,13.0673],[0.9835,13.3684],[1.0482,13.4419],[0.951,13.5832],[0.7953,13.626],[0.7534,13.6841],[0.6207,13.68],[0.6005,13.7687],[0.5041,13.8454],[0.3392,14.1258],[0.3888,14.2516],[0.1886,14.4477],[0.1529,14.5467],[0.2197,14.7312],[0.2185,14.911],[-0.2367,15.0656],[-0.3977,15.0021],[-0.4679,15.0799],[-0.7529,15.0697],[-1.0433,14.8179],[-1.3503,14.715],[-1.6969,14.4961],[-1.967,14.4837],[-2.005,14.4442],[-2.0234,14.1986],[-2.1519,14.1561],[-2.4617,14.2809],[-2.5974,14.2223],[-2.6932,14.1232],[-2.8409,14.043],[-2.9281,13.7996],[-2.8952,13.6516],[-3.0675,13.6068],[-3.1251,13.6773],[-3.2597,13.6583],[-3.284,13.5422],[-3.2486,13.2928],[-3.4265,13.2742],[-3.4616,13.1658],[-3.5969,13.1994],[-3.7986,13.3471],[-3.984,13.3965],[-4.1043,13.3827],[-4.1471,13.2996],[-4.3511,13.1183],[-4.2293,12.949],[-4.2119,12.8192],[-4.2972,12.7121],[-4.402,12.7366],[-4.4825,12.6463],[-4.3869,12.5302],[-4.4516,12.4353],[-4.4061,12.3075],[-4.5855,12.1972],[-4.6537,12.0691],[-4.8068,11.9963],[-4.9537,12.0051],[-5.1678,11.9437],[-5.2682,11.8431],[-5.3078,11.629],[-5.2339,11.576],[-5.2183,11.4222],[-5.3223,11.1355],[-5.4898,11.0821],[-5.4956,10.9962],[-5.4314,10.8447],[-5.4826,10.6842],[-5.4681,10.5878],[-5.5226,10.4255],[-5.4025,10.3006],[-5.2176,10.3199],[-5.1118,10.2787],[-5.0483,10.0854],[-4.9745,10.0555],[-4.9661,9.901],[-4.8385,9.8695],[-4.7055,9.7021],[-4.604,9.7272],[-4.5017,9.655],[-4.3225,9.6089],[-4.2703,9.7439],[-4.1331,9.8204],[-4.0599,9.7963],[-3.8897,9.8945],[-3.6617,9.9489],[-3.6063,9.9182],[-3.3892,9.9132],[-3.2779,9.8435],[-3.1369,9.8295],[-3.0946,9.7339],[-2.99,9.7084],[-2.9102,9.5427],[-2.7637,9.3919],[-2.6892,9.4887],[-2.7611,9.5662],[-2.7953,9.72],[-2.7368,9.8326],[-2.8332,10.306],[-2.8146,10.3937],[-2.9325,10.6343],[-2.8642,10.8643],[-2.7507,10.9858],[-1.5987,10.9971],[-1.5624,11.0266],[-1.3553,10.9967],[-0.5165,10.9886],[-0.4059,11.1015],[-0.1661,11.135],[0.4866,11.0032],[0.4876,10.9332],[0.6753,10.9885],[0.9015,10.9927],[1.035,11.0493],[1.1306,11.2476],[1.2684,11.2479],[1.4338,11.4594],[1.5693,11.4533],[1.6016,11.3887],[1.8798,11.4449],[2.0108,11.4269],[2.2911,11.6748],[2.3902,11.8965]]]},"properties":{"ADMIN":"Burkina Faso","ADM0_A3":"BFA","NAME_EN":"Burkina Faso","LABEL_X":-1.36388,"LABEL_Y":12.673048,"FCLASS_IN":""}},
{"type":"Feature","geometry":{"type":"Polygon","coordinates":[[[-0.1661,11.135],[0.0162,11.0626],[-0.0881,10.6335],[0.0203,10.588],[0.177,10.3977],[0.2831,10.3968],[0.3666,10.3045],[0.3498,10.0288],[0.3702,9.947],[0.3224,9.7607],[0.3546,9.5711],[0.2302,9.5757],[0.2314,9.419],[0.4304,9.4892],[0.5376,9.3776],[0.5047,9.1872],[0.4313,9.0276],[0.5056,8.8663],[0.4735,8.7935],[0.3659,8.7743],[0.4435,8.6069],[0.6163,8.4888],[0.7052,8.2828],[0.5738,8.2039],[0.6123,7.6994],[0.4994,7.5624],[0.5006,7.455],[0.6457,7.3236],[0.5977,7.1589],[0.598,7.0312],[0.4946,6.9731],[0.5193,6.8322],[0.7146,6.5839],[0.7668,6.4194],[1.1854,6.1005],[1.4295,6.182],[1.6196,6.2139],[1.7824,6.2773],[1.7441,6.4257],[1.566,6.6781],[1.6257,6.9968],[1.6213,7.9966],[1.6076,8.4219],[1.6012,9.0495],[1.5673,9.1367],[1.4253,9.2845],[1.3513,9.5951],[1.331,9.9965],[0.7688,10.3671],[0.7813,10.693],[0.8629,10.7961],[0.9015,10.9927],[0.6753,10.9885],[0.4876,10.9332],[0.4866,11.0032],[-0.1661,11.135]]]},"properties":{"ADMIN":"Togo","ADM0_A3":"TGO","NAME_EN":"Togo","LABEL_X":1.058113,"LABEL_Y":8.80722,"FCLASS_IN":""}},
{"type":"Feature","geometry":{"type":"Polygon","coordinates":[[[-0.1661,11.135],[-0.4059,11.1015],[-0.5165,10.9886],[-1.3553,10.9967],[-1.5624,11.0266],[-1.5987,10.9971],[-2.7507,10.9858],[-2.8642,10.8643],[-2.9325,10.6343],[-2.8146,10.3937],[-2.8332,10.306],[-2.7368,9.8326],[-2.7953,9.72],[-2.7611,9.5662],[-2.6892,9.4887],[-2.6598,9.2729],[-2.7748,9.055],[-2.6608,9.0149],[-2.6194,8.9236],[-2.5063,8.2093],[-2.6194,8.1231],[-2.84,7.8202],[-2.9415,7.5772],[-2.9905,7.2707],[-3.0459,7.0712],[-3.1096,7.0464],[-3.2249,6.8494],[-3.2104,6.716],[-3.2625,6.6171],[-3.1836,6.2639],[-3.1181,6.1635],[-3.0878,5.9967],[-3.02,5.8184],[-3.0298,5.7043],[-2.9695,5.6214],[-2.8775,5.6368],[-2.7818,5.5789],[-2.7327,5.3557],[-2.7896,5.3469],[-2.7809,5.1509],[-2.8437,5.1491],[-2.9763,5.0846],[-3.1153,5.1078],[-3.1196,5.0913],[-2.965,5.0453],[-2.6904,5.0102],[-2.3566,4.9196],[-2.0906,4.7371],[-1.9814,4.7524],[-1.9121,4.8209],[-1.7486,4.8772],[-1.5695,5.0188],[-1.2336,5.1007],[-1.0498,5.1987],[-0.7995,5.2148],[-0.6378,5.3409],[-0.5074,5.3688],[-0.3716,5.4927],[0.0345,5.6284],[0.1574,5.7246],[0.322,5.7792],[0.7235,5.7554],[0.9144,5.7771],[0.9953,5.8393],[1.0988,6.047],[1.1854,6.1005],[0.7668,6.4194],[0.7146,6.5839],[0.5193,6.8322],[0.4946,6.9731],[0.598,7.0312],[0.5977,7.1589],[0.6457,7.3236],[0.5006,7.455],[0.4994,7.5624],[0.6123,7.6994],[0.5738,8.2039],[0.7052,8.2828],[0.6163,8.4888],[0.4435,8.6069],[0.3659,8.7743],[0.4735,8.7935],[0.5056,8.8663],[0.4313,9.0276],[0.5047,9.1872],[0.5376,9.3776],[0.4304,9.4892],[0.2314,9.419],[0.2302,9.5757],[0.3546,9.5711],[0.3224,9.7607],[0.3702,9.947],[0.3498,10.0288],[0.3666,10.3045],[0.2831,10.3968],[0.177,10.3977],[0.0203,10.588],[-0.0881,10.6335],[0.0162,11.0626],[-0.1661,11.135]]]},"properties":{"ADMIN":"Ghana","ADM0_A3":"GHA","NAME_EN":"Ghana","LABEL_X":-1.036941,"LABEL_Y":7.717639,"FCLASS_IN":""}},
{"type":"Feature","geometry":{"type":"MultiPolygon","coordinates":[[[[-13.7283,12.6734],[-14.4373,12.6763],[-15.1951,12.6794],[-15.677,12.4393],[-16.2329,12.4529],[-16.382,12.3738],[-16.7284,12.3325],[-16.6615,12.3323],[-16.4719,12.1863],[-16.3653,12.1923],[-16.3318,12.0046],[-16.1343,11.8889],[-15.9816,11.9213],[-15.9696,11.7683],[-15.8304,11.7484],[-15.585,11.8513],[-15.5514,11.7331],[-15.3961,11.5321],[-15.5071,11.3579],[-15.4139,11.3364],[-15.4095,11.1896],[-15.2066,11.1251],[-15.1172,10.9843],[-15.021,10.9675],[-14.8631,11.2186],[-14.8282,11.3348],[-14.6868,11.5107],[-14.5209,11.5129],[-14.2787,11.6651],[-14.0151,11.6371],[-13.8735,11.6945],[-13.7299,11.7098],[-13.7239,12.0028],[-13.9649,12.1479],[-13.84,12.2771],[-13.7118,12.2675],[-13.6634,12.4758],[-13.7251,12.5581],[-13.7283,12.6734]]],[[[-16.1655,11.8712],[-16.0294,11.7692],[-15.9949,11.8991],[-16.1655,11.8712]]]]},"properties":{"ADMIN":"Guinea-Bissau","ADM0_A3":"GNB","NAME_EN":"Guinea-Bissau","LABEL_X":-14.52413,"LABEL_Y":12.163712,"FCLASS_IN":""}},
{"type":"Feature","geometry":{"type":"Polygon","coordinates":[[[-5.3584,36.1411],[-5.3502,36.1193],[-5.3391,36.1238],[-5.3388,36.1411],[-5.3584,36.1411]]]},"properties":{"ADMIN":"Gibraltar","ADM0_A3":"GIB","NAME_EN":"Gibraltar","LABEL_X":-5.3467,"LABEL_Y":36.129426,"FCLASS_IN":""}},
{"type":"Feature","geometry":{"type":"MultiPolygon","coordinates":[[[[-122.753,48.9925],[-122.7725,48.8865],[-122.6496,48.7637],[-122.5299,48.7686],[-122.4403,48.5807],[-122.5338,48.3747],[-122.3918,48.3098],[-122.3623,48.1225],[-122.2073,48.0144],[-122.3204,47.9421],[-122.4061,47.7779],[-122.4135,47.6417],[-122.3236,47.3725],[-122.7225,47.0893],[-122.7987,47.205],[-122.5859,47.3364],[-122.5079,47.5203],[-122.6284,47.6929],[-122.4684,47.7565],[-122.5883,47.9044],[-122.6781,47.9357],[-122.792,48.0829],[-122.9991,48.0917],[-123.1118,48.149],[-123.2469,48.1153],[-123.7003,48.1649],[-124.0502,48.1773],[-124.5749,48.3704],[-124.7346,48.1704],[-124.6381,47.9079],[-124.4228,47.7419],[-124.3178,47.3574],[-124.2117,47.2266],[-124.1719,47.0419],[-124.0129,46.9837],[-124.0934,46.7432],[-123.913,46.7278],[-123.8981,46.4416],[-124.0638,46.3563],[-123.9252,46.2515],[-123.693,46.3052],[-123.6141,46.1865],[-123.8669,46.1599],[-123.9368,46.0818],[-123.9811,45.7603],[-123.9207,45.6627],[-123.9711,45.452],[-123.9711,45.1537],[-124.0652,44.8233],[-124.0632,44.6095],[-124.151,43.8817],[-124.277,43.4215],[-124.3765,43.3402],[-124.4449,43.03],[-124.5477,42.8454],[-124.4145,42.6624],[-124.3944,42.5666],[-124.4328,42.3293],[-124.3596,42.113],[-124.217,42.0062],[-124.2188,41.85],[-124.0622,41.4359],[-124.1243,41.1818],[-124.1104,41.0153],[-124.2138,40.7014],[-124.2739,40.7],[-124.4092,40.4438],[-124.3635,40.2615],[-124.1158,40.1071],[-123.854,39.8335],[-123.7698,39.5446],[-123.8249,39.3473],[-123.6891,39.0279],[-123.7252,38.9604],[-123.6483,38.8495],[-123.4336,38.6868],[-123.2527,38.5107],[-123.1287,38.4493],[-122.9745,38.2662],[-122.9211,38.0349],[-122.5284,37.8164],[-122.4874,38.1048],[-122.3965,38.1532],[-122.227,38.0584],[-122.395,37.9703],[-122.1463,37.579],[-122.3585,37.5928],[-122.4188,37.8111],[-122.5152,37.7811],[-122.5205,37.5314],[-122.4003,37.3597],[-122.4045,37.1945],[-122.1536,36.9771],[-121.9372,36.9783],[-121.7898,36.8062],[-121.8143,36.6832],[-121.9463,36.4919],[-121.8956,36.3139],[-121.49,35.9822],[-121.4632,35.8867],[-121.3372,35.7865],[-121.2691,35.6642],[-121.1694,35.6369],[-121.0054,35.4607],[-120.8711,35.4053],[-120.8977,35.2498],[-120.6449,35.1394],[-120.6728,34.9075],[-120.6156,34.858],[-120.6031,34.7048],[-120.6478,34.5857],[-120.4727,34.4503],[-120.1334,34.4727],[-119.8786,34.4066],[-119.6172,34.4205],[-119.453,34.3684],[-119.2693,34.255],[-119.2171,34.1455],[-118.9368,34.0432],[-118.7834,34.0218],[-118.5441,34.0389],[-118.3914,33.8359],[-118.0905,33.731],[-117.9785,33.636],[-117.7765,33.5294],[-117.5088,33.3352],[-117.3222,33.1085],[-117.2536,32.8851],[-117.2575,32.7017],[-117.1664,32.6695],[-117.1251,32.5317],[-115.7941,32.632],[-114.7243,32.7128],[-114.8221,32.5002],[-113.9617,32.2341],[-113.1432,31.981],[-112.3247,31.728],[-111.0671,31.3336],[-111.0063,31.3272],[-109.9663,31.3272],[-109.2401,31.3273],[-108.2148,31.3274],[-108.2151,31.7778],[-107.1541,31.7752],[-106.5172,31.7738],[-106.3585,31.7175],[-106.2863,31.5801],[-106.1643,31.4478],[-106.0047,31.3969],[-105.7682,31.18],[-105.5909,31.0714],[-105.556,31.0026],[-105.3638,30.8504],[-105.2293,30.8102],[-105.0085,30.677],[-104.8866,30.5519],[-104.8524,30.4389],[-104.6816,30.1929],[-104.6805,29.9423],[-104.5703,29.7875],[-104.5308,29.6679],[-104.349,29.5376],[-104.2672,29.5266],[-104.0573,29.339],[-103.7942,29.2776],[-103.6731,29.1736],[-103.3015,29.0024],[-103.148,28.9851],[-102.9884,29.1771],[-102.8969,29.2203],[-102.8831,29.3438],[-102.7797,29.5923],[-102.6835,29.7437],[-102.4061,29.7773],[-102.3022,29.8894],[-102.1093,29.8021],[-101.9722,29.8182],[-101.4093,29.7658],[-101.3644,29.6767],[-101.219,29.6103],[-101.1636,29.5013],[-100.8161,29.2708],[-100.669,29.1162],[-100.6243,28.9247],[-100.5191,28.805],[-100.3971,28.5927],[-100.2843,28.2965],[-100.0749,28.1544],[-100.0006,28.0204],[-99.8788,27.9018],[-99.8634,27.8047],[-99.7004,27.6592],[-99.5072,27.5738],[-99.4976,27.3388],[-99.432,27.2076],[-99.4617,27.057],[-99.2483,26.8271],[-99.1649,26.5404],[-99.0855,26.4076],[-98.7959,26.3683],[-98.6406,26.2418],[-98.5816,26.2623],[-98.3693,26.194],[-98.2227,26.0754],[-97.802,26.0637],[-97.6796,26.0346],[-97.4254,25.8549],[-97.2531,25.9635],[-97.1393,25.9658],[-97.2362,25.9842],[-97.3105,26.1233],[-97.3519,26.3538],[-97.4479,26.4202],[-97.4249,26.5349],[-97.4884,26.7751],[-97.5548,26.8251],[-97.5502,27.0092],[-97.446,27.1327],[-97.5211,27.2322],[-97.4224,27.3278],[-97.2628,27.6793],[-97.3856,27.8301],[-97.2672,27.8794],[-97.1841,27.8366],[-97.025,28.0414],[-97.1573,28.1339],[-96.8802,28.1506],[-96.7823,28.2416],[-96.7775,28.4374],[-96.6537,28.3195],[-96.4038,28.4349],[-96.5819,28.5789],[-96.5595,28.6543],[-96.3458,28.6353],[-96.2049,28.5867],[-95.8174,28.7325],[-95.6019,28.7639],[-95.3794,28.8806],[-95.1589,29.0457],[-95.1592,29.1524],[-95.0652,29.2042],[-94.8888,29.376],[-95.0239,29.5422],[-95.0155,29.7203],[-94.8761,29.6658],[-94.8265,29.7681],[-94.6927,29.6963],[-94.7552,29.5243],[-94.6543,29.4519],[-94.0601,29.6818],[-93.8758,29.675],[-93.9327,29.7762],[-93.8541,29.9866],[-93.7819,29.8565],[-93.8882,29.8072],[-93.831,29.7001],[-93.7394,29.7372],[-93.4534,29.7704],[-93.1996,29.7728],[-93.0268,29.7329],[-92.6831,29.6041],[-92.2765,29.5338],[-92.1074,29.6204],[-92.1341,29.7568],[-91.9844,29.832],[-91.8779,29.7593],[-91.6847,29.7531],[-91.569,29.6471],[-91.5343,29.534],[-91.3209,29.4966],[-91.2198,29.4044],[-91.328,29.2949],[-91.2286,29.2386],[-90.7059,29.1195],[-90.562,29.3007],[-90.3937,29.2983],[-90.2511,29.2474],[-90.2292,29.0867],[-90.0802,29.1747],[-90.095,29.2838],[-90.0363,29.3659],[-90.0804,29.5373],[-89.9077,29.477],[-89.7577,29.3432],[-89.4825,29.2431],[-89.3837,29.0878],[-89.1881,29.0305],[-89.0232,29.1474],[-89.202,29.3529],[-89.3423,29.3461],[-89.6684,29.5218],[-89.6391,29.6203],[-89.4568,29.8293],[-89.4273,30.0587],[-89.5712,29.9885],[-89.6865,29.8826],[-89.8389,29.9953],[-89.7888,30.0989],[-89.8804,30.1549],[-90.037,30.0403],[-90.1684,30.0245],[-90.3391,30.0661],[-90.433,30.1433],[-90.405,30.2202],[-90.2224,30.3876],[-90.0585,30.3603],[-89.9691,30.2647],[-89.7703,30.2397],[-89.7084,30.1753],[-89.4425,30.1898],[-89.3302,30.3029],[-89.0134,30.3774],[-88.9276,30.4422],[-88.7421,30.3541],[-88.4706,30.3239],[-88.3553,30.4038],[-88.1201,30.3383],[-88.0526,30.6544],[-87.9425,30.6597],[-87.9166,30.4233],[-87.7762,30.3131],[-87.7865,30.2368],[-87.3288,30.3197],[-87.1568,30.4745],[-87.0153,30.5211],[-86.9402,30.4565],[-86.6801,30.4223],[-86.4846,30.48],[-86.286,30.4975],[-86.3648,30.3808],[-86.066,30.3061],[-85.8645,30.2163],[-85.7086,30.247],[-85.6709,30.123],[-85.3565,29.8887],[-85.3079,29.6934],[-84.8866,29.73],[-84.5084,29.9221],[-84.349,29.902],[-84.391,30.0245],[-84.2696,30.0927],[-84.024,30.1066],[-83.6806,29.9213],[-83.5277,29.716],[-83.4089,29.6673],[-83.4048,29.5317],[-83.2157,29.4106],[-83.0239,29.1748],[-82.8492,29.1822],[-82.7551,29.0102],[-82.6444,28.9004],[-82.6642,28.4479],[-82.7873,28.1938],[-82.7673,28.1059],[-82.8424,27.8285],[-82.6378,27.7011],[-82.596,27.9831],[-82.3982,27.796],[-82.6608,27.5203],[-82.5736,27.3951],[-82.5618,27.2763],[-82.3138,26.8494],[-82.1981,26.8031],[-82.1445,26.9404],[-82.057,26.8658],[-82.0821,26.6802],[-82.0391,26.5279],[-81.8559,26.4489],[-81.8009,26.0986],[-81.6644,25.9814],[-81.3961,25.8516],[-81.3217,25.7827],[-81.1492,25.3954],[-81.1771,25.2278],[-81.0865,25.1214],[-80.855,25.1862],[-80.7109,25.1452],[-80.5806,25.2414],[-80.4269,25.2217],[-80.3143,25.3712],[-80.3424,25.4936],[-80.3069,25.6182],[-80.1293,25.8879],[-80.0536,26.5567],[-80.0382,26.8112],[-80.0756,26.9732],[-80.177,27.1507],[-80.3454,27.5146],[-80.381,27.6661],[-80.7383,28.3735],[-80.8481,28.7906],[-80.7493,28.7241],[-80.7659,28.6123],[-80.6094,28.6102],[-80.9221,29.0683],[-81.1783,29.5855],[-81.2558,29.7895],[-81.4477,30.508],[-81.4286,30.6817],[-81.4993,30.7043],[-81.4993,30.9682],[-81.2699,31.2748],[-81.3639,31.4158],[-81.3009,31.5708],[-81.1963,31.7176],[-81.0609,31.7882],[-80.8357,32.0029],[-80.8876,32.0694],[-80.4411,32.3661],[-80.4093,32.4811],[-80.0051,32.6116],[-79.851,32.7586],[-79.6074,32.9162],[-79.5848,33.0138],[-79.387,33.0173],[-79.203,33.1929],[-79.1331,33.4174],[-78.938,33.6421],[-78.7633,33.7786],[-78.559,33.869],[-78.2525,33.9251],[-78.0323,33.8923],[-77.9111,33.9582],[-77.8327,34.207],[-77.6683,34.3762],[-77.5359,34.4686],[-77.2536,34.5944],[-77.2015,34.6507],[-76.8961,34.7392],[-76.6582,34.7219],[-76.5039,34.7665],[-76.3357,34.8995],[-76.3776,34.9658],[-76.5482,34.9993],[-76.5605,35.1244],[-76.4425,35.404],[-76.1504,35.3472],[-75.8972,35.579],[-75.7538,35.6118],[-75.7218,35.8292],[-75.8529,35.98],[-75.99,35.8869],[-76.0483,35.9837],[-76.1954,35.9936],[-76.3873,35.9384],[-76.7298,35.9453],[-76.687,36.0561],[-76.5244,36.0135],[-76.4117,36.083],[-76.1954,36.1035],[-76.0204,36.1915],[-75.8597,36.1616],[-75.9164,36.4027],[-75.9279,36.7062],[-75.9889,36.912],[-76.2689,36.9614],[-76.2982,37.1446],[-76.3785,37.2723],[-76.2445,37.4495],[-76.3565,37.5218],[-76.317,37.7322],[-76.2479,37.9035],[-76.5306,38.0251],[-76.6146,38.1504],[-76.3205,38.1388],[-76.4194,38.3217],[-76.3961,38.3913],[-76.512,38.5277],[-76.5517,38.7756],[-76.3985,39.0144],[-76.4492,39.195],[-76.4245,39.3237],[-76.175,39.3162],[-76.2727,39.1516],[-76.1305,39.1178],[-76.1544,38.8953],[-76.3403,38.7284],[-76.1454,38.665],[-76.319,38.4739],[-76.2211,38.3439],[-76.0287,38.2418],[-75.9066,38.271],[-75.8144,38.1352],[-75.8863,37.9879],[-75.7863,37.9759],[-75.7081,37.8332],[-75.9217,37.6105],[-75.8938,37.5627],[-76.0106,37.3164],[-75.8873,37.357],[-75.4923,37.8311],[-75.4343,37.9618],[-75.2904,38.1108],[-75.2427,38.227],[-75.1543,38.2409],[-75.0577,38.5527],[-75.0843,38.796],[-75.1663,38.7944],[-75.3938,39.0556],[-75.3594,39.3379],[-75.1593,39.1986],[-75.0267,39.2107],[-74.8873,39.1468],[-74.9676,38.9358],[-74.8751,38.9445],[-74.7457,39.0545],[-74.6544,39.2014],[-74.3588,39.5502],[-74.1676,39.6994],[-74.1037,40.014],[-74.0575,40.0121],[-73.9724,40.3277],[-74.0323,40.4216],[-74.2827,40.4973],[-74.2096,40.6342],[-74.096,40.6548],[-73.9268,40.8048],[-73.8199,40.8391],[-73.6346,41.0071],[-73.1701,41.1696],[-72.7794,41.2702],[-72.288,41.2829],[-71.8981,41.3465],[-71.829,41.317],[-71.4977,41.3663],[-71.4261,41.4687],[-71.4428,41.5747],[-71.3556,41.7463],[-71.2069,41.6462],[-71.1859,41.4687],[-70.6583,41.722],[-70.6587,41.5213],[-70.4284,41.6319],[-69.9389,41.6742],[-70.0702,41.7735],[-70.2747,41.7152],[-70.5331,41.8162],[-70.631,42.0925],[-70.7838,42.2597],[-71.0384,42.3079],[-70.8614,42.5469],[-70.6473,42.6045],[-70.8196,42.7187],[-70.8153,42.8703],[-70.5195,43.3395],[-70.3824,43.3937],[-70.3564,43.527],[-70.2049,43.5611],[-70.2391,43.7001],[-69.9858,43.8628],[-69.7873,43.7375],[-69.6494,43.8976],[-69.4788,43.8803],[-69.3701,44.0215],[-69.2634,43.9299],[-69.1188,44.0409],[-68.999,44.2948],[-68.9866,44.4212],[-68.8276,44.4791],[-68.7562,44.3345],[-68.526,44.2948],[-68.563,44.4006],[-68.2698,44.4861],[-68.1115,44.4801],[-68.0975,44.3857],[-67.8996,44.4221],[-67.8066,44.5754],[-67.575,44.5535],[-67.2244,44.6442],[-66.9773,44.8155],[-67.176,45.1787],[-67.3563,45.1659],[-67.475,45.2824],[-67.4288,45.387],[-67.4932,45.4931],[-67.45,45.6108],[-67.6603,45.6374],[-67.8001,45.6998],[-67.7728,45.8281],[-67.7897,46.229],[-67.8052,47.0356],[-67.9624,47.1977],[-68.197,47.3414],[-68.5397,47.2999],[-68.9062,47.1902],[-69.0402,47.2491],[-69.0697,47.4319],[-69.2676,47.4398],[-70.0078,46.7041],[-70.0743,46.4195],[-70.1884,46.3584],[-70.3114,46.0719],[-70.2625,45.923],[-70.4172,45.7938],[-70.4074,45.7315],[-70.6868,45.5727],[-70.8338,45.3931],[-71.0165,45.3431],[-71.1417,45.2523],[-71.2934,45.2923],[-71.3949,45.2415],[-71.5041,45.0137],[-72.302,45.0098],[-73.3992,45.0044],[-74.713,44.9993],[-74.8685,45.0101],[-75.2702,44.8638],[-75.6997,44.5817],[-75.8703,44.4086],[-76.0673,44.348],[-76.2066,44.2174],[-76.4546,44.0842],[-76.7972,43.6453],[-76.8415,43.6255],[-77.534,43.6279],[-78.6881,43.6318],[-79.1743,43.4645],[-79.0538,43.2604],[-79.032,43.0134],[-78.9153,42.9476],[-79.0194,42.8027],[-80.2466,42.3655],[-81.2767,42.2087],[-82.4249,41.6768],[-82.7111,41.6802],[-83.0684,41.8477],[-83.157,42.0004],[-83.1285,42.24],[-83.0404,42.3319],[-82.8001,42.418],[-82.5113,42.6467],[-82.4111,43.0513],[-82.1536,43.5496],[-82.1476,43.6113],[-82.2918,44.2422],[-82.5321,45.2935],[-82.5888,45.3718],[-83.484,45.7719],[-83.6369,45.7739],[-83.4659,45.9931],[-83.6139,46.1156],[-83.8393,46.1192],[-83.9473,46.0606],[-84.0868,46.2012],[-84.1588,46.4333],[-84.1104,46.5265],[-84.4232,46.5116],[-84.5894,46.4751],[-84.7733,46.6334],[-84.8787,46.8979],[-86.6371,47.6241],[-87.4093,47.93],[-88.3473,48.2987],[-88.6427,48.2566],[-89.3404,47.9842],[-89.9803,48.0101],[-90.1786,48.1164],[-90.5316,48.0846],[-90.7865,48.1005],[-90.9232,48.2271],[-91.2764,48.0648],[-91.4279,48.0364],[-91.6925,48.0979],[-91.765,48.1873],[-91.9573,48.2283],[-92.0434,48.3346],[-92.3031,48.3109],[-92.3846,48.2324],[-92.5269,48.4456],[-92.6486,48.5363],[-92.9797,48.6177],[-93.2577,48.6303],[-93.4918,48.5423],[-93.7568,48.5165],[-93.8749,48.6362],[-94.2322,48.652],[-94.3116,48.7139],[-94.5929,48.7264],[-94.7109,48.8075],[-94.7112,48.9146],[-94.8273,49.2929],[-95.1606,49.3695],[-95.1771,48.9927],[-96.2762,48.9927],[-98.0346,48.9927],[-99.7931,48.9927],[-100.6723,48.9927],[-101.9912,48.9927],[-103.5299,48.9926],[-105.0575,48.9926],[-105.9477,48.9926],[-107.2666,48.9926],[-108.3656,48.9926],[-109.2449,48.9926],[-110.5637,48.9926],[-112.3222,48.9926],[-113.641,48.9925],[-114.5203,48.9925],[-115.6194,48.9925],[-117.158,48.9925],[-118.2571,48.9925],[-119.356,48.9925],[-120.675,48.9925],[-121.3343,48.9925],[-122.753,48.9925]]],[[[-141.0056,69.6509],[-141.4129,69.6504],[-141.6533,69.7622],[-142.2709,69.856],[-142.6008,70.0131],[-143.2357,70.1182],[-144.3861,70.044],[-144.5902,69.9828],[-144.9416,69.978],[-145.5997,70.0808],[-145.8802,70.175],[-146.8488,70.1934],[-147.1237,70.1675],[-147.8061,70.2365],[-147.7987,70.2904],[-148.2574,70.3545],[-148.3814,70.3125],[-149.3445,70.5101],[-149.8897,70.5128],[-150.1191,70.4429],[-150.5131,70.5039],[-151.1777,70.4487],[-151.9797,70.4487],[-151.7604,70.5667],[-152.4562,70.5559],[-152.5141,70.6889],[-152.2192,70.818],[-152.5458,70.8875],[-153.3024,70.9287],[-153.8935,70.8984],[-154.131,70.7913],[-154.5388,70.8262],[-154.7129,70.9056],[-154.5971,71.0005],[-155.1093,71.1504],[-155.1967,71.0414],[-155.5179,70.9521],[-155.5424,70.8664],[-155.9198,70.8254],[-156.0872,70.927],[-155.5937,71.0697],[-155.6247,71.1835],[-155.9993,71.1945],[-156.8172,71.3063],[-157.2312,71.0714],[-157.5591,70.9514],[-158.043,70.8369],[-159.3568,70.7602],[-159.6682,70.805],[-159.9479,70.6364],[-160.2162,70.579],[-160.8607,70.3473],[-161.3422,70.2588],[-162.015,70.2773],[-162.4615,70.0596],[-162.5378,69.9567],[-162.9498,69.7905],[-163.1558,69.3594],[-163.6225,69.1192],[-163.9645,69.0031],[-164.3464,68.9294],[-165.0441,68.8815],[-165.6647,68.8616],[-166.2368,68.8748],[-166.24,68.5643],[-166.5482,68.3588],[-166.1035,68.2399],[-165.9281,68.1369],[-165.4372,68.0602],[-164.856,67.8496],[-164.6936,67.8246],[-164.1515,67.6196],[-163.81,67.3352],[-163.6883,67.1032],[-162.9373,67.0293],[-162.7333,67.0488],[-162.4355,66.991],[-161.8352,67.055],[-161.7307,66.9536],[-161.8806,66.8148],[-161.8683,66.7063],[-161.5626,66.5664],[-161.3137,66.5353],[-161.1361,66.6519],[-160.881,66.6724],[-160.2192,66.532],[-160.2491,66.4023],[-160.7848,66.3745],[-161.061,66.4862],[-161.6072,66.4539],[-161.8708,66.5322],[-162.0808,66.6662],[-162.015,66.7724],[-162.3271,66.9604],[-162.6387,66.8996],[-162.4405,66.7308],[-162.2645,66.7227],[-161.9325,66.5563],[-161.7446,66.4055],[-161.5107,66.4077],[-161.1357,66.3432],[-161.1143,66.2069],[-161.5712,66.258],[-161.6853,66.1386],[-161.9156,66.0424],[-162.1794,66.0759],[-162.6547,66.0385],[-162.7648,66.1039],[-163.1217,66.0704],[-163.6805,66.0786],[-163.8905,66.1676],[-163.8956,66.3993],[-163.7591,66.5048],[-163.9864,66.6123],[-164.7181,66.5563],[-164.9506,66.4602],[-165.3057,66.437],[-165.7664,66.3236],[-165.89,66.241],[-165.755,66.1053],[-166.2875,66.1796],[-166.725,66.0613],[-167.0599,65.8776],[-167.3459,65.8986],[-167.8227,65.7203],[-168.081,65.5915],[-167.3986,65.4011],[-166.9383,65.3851],[-166.3101,65.3122],[-166.2516,65.2581],[-166.7495,65.062],[-166.6845,64.9822],[-166.3902,64.8985],[-166.4835,64.7296],[-166.1897,64.5852],[-165.4462,64.5119],[-165.0355,64.4483],[-164.3419,64.59],[-163.5366,64.5645],[-163.135,64.4125],[-163.053,64.51],[-162.6072,64.5068],[-162.0809,64.7211],[-161.7164,64.7949],[-161.4222,64.7744],[-161.1826,64.9395],[-160.8847,64.8101],[-160.8032,64.6434],[-161.035,64.5078],[-161.457,64.5211],[-160.9735,64.2505],[-160.9288,64.0482],[-160.767,63.8241],[-160.7916,63.7465],[-161.1863,63.5056],[-161.5734,63.4554],[-162.087,63.4523],[-162.2373,63.5463],[-162.5965,63.2767],[-162.8063,63.2195],[-163.094,63.0574],[-163.3505,63.0308],[-163.6025,63.1056],[-163.7673,63.2248],[-164.1454,63.2622],[-164.5791,63.1406],[-164.4416,63.0319],[-164.7235,63.0129],[-164.8832,62.8415],[-164.8132,62.6202],[-164.8679,62.538],[-165.133,62.5157],[-165.7056,62.1166],[-165.7391,61.9651],[-165.6091,61.8513],[-166.1028,61.8211],[-165.9112,61.7042],[-166.1999,61.5945],[-165.777,61.5158],[-165.9213,61.3994],[-165.8287,61.313],[-165.6237,61.2805],[-165.6217,61.1435],[-165.3737,61.0716],[-165.2115,61.1496],[-165.0587,61.0629],[-165.129,60.9235],[-164.628,60.9323],[-164.5644,60.8547],[-164.0071,60.8622],[-163.7659,60.8895],[-163.4243,60.7647],[-163.4643,60.6766],[-163.7944,60.5842],[-163.8069,60.7349],[-163.9556,60.7799],[-164.2184,60.6902],[-164.2708,60.7879],[-164.6691,60.8258],[-165.0314,60.787],[-164.9992,60.7114],[-165.3143,60.5809],[-164.989,60.3414],[-164.4853,60.1837],[-164.4127,60.0918],[-164.2006,60.0343],[-164.0983,59.8337],[-163.6149,59.8008],[-163.0876,59.8591],[-162.5258,59.9975],[-162.3749,60.1763],[-162.1088,59.9652],[-162.0818,59.8779],[-161.7139,59.5014],[-161.9466,59.3878],[-162.0295,59.2301],[-161.9741,59.1314],[-161.614,59.0808],[-161.7995,58.984],[-161.7174,58.7548],[-161.9128,58.6319],[-161.5624,58.602],[-161.3575,58.7262],[-160.6672,58.9476],[-160.3522,59.0707],[-160.2572,58.9119],[-160.0458,58.8826],[-159.9115,58.7758],[-159.7252,58.9104],[-159.385,58.7558],[-159.0513,58.4247],[-158.8297,58.4048],[-158.77,58.5185],[-158.8894,58.7063],[-158.7939,58.8164],[-158.4083,58.7701],[-158.3159,58.6466],[-158.1537,58.614],[-157.5682,58.7479],[-157.4752,58.7996],[-157.0845,58.8867],[-157.0619,58.7262],[-157.5027,58.4637],[-157.529,58.256],[-157.6055,58.1052],[-157.7088,57.7299],[-157.7097,57.5687],[-157.9407,57.4975],[-158.0797,57.3966],[-158.3124,57.3149],[-158.6821,57.022],[-158.6815,56.7866],[-158.945,56.8429],[-159.4564,56.6293],[-159.7457,56.5793],[-160.1887,56.3869],[-160.3687,56.2768],[-160.5681,56.0076],[-160.5207,55.9352],[-160.6887,55.8623],[-160.8204,55.7392],[-161.1242,55.9612],[-161.4577,55.9539],[-161.8263,55.8799],[-162.227,55.6979],[-162.6533,55.3615],[-162.962,55.169],[-163.0517,55.2143],[-163.3345,55.1195],[-163.2176,55.0454],[-163.0411,55.0994],[-162.8776,54.939],[-162.6455,54.9984],[-162.5833,55.3011],[-162.4165,55.0979],[-162.2748,55.0196],[-161.9566,55.1257],[-161.8945,55.2424],[-161.7164,55.3933],[-161.7084,55.5271],[-161.6208,55.613],[-161.3887,55.5722],[-161.5184,55.3834],[-161.2792,55.3549],[-161.025,55.4274],[-160.9245,55.5191],[-160.7826,55.4471],[-160.4775,55.4946],[-160.4352,55.5768],[-160.1641,55.6571],[-159.8304,55.8527],[-159.6252,55.8127],[-159.0993,55.9283],[-158.9283,55.9208],[-158.8594,56.0129],[-158.4836,56.0324],[-158.3183,56.1747],[-158.3454,56.3256],[-158.6328,56.2982],[-158.3551,56.4711],[-158.068,56.5119],[-157.8771,56.4782],[-157.9134,56.6539],[-157.4042,56.7737],[-157.1894,56.7763],[-156.7675,57.0118],[-156.5742,56.9832],[-156.4884,57.1138],[-156.346,57.1778],[-156.392,57.3148],[-156.3389,57.4154],[-155.8162,57.5725],[-155.3944,57.7257],[-155.3347,57.8265],[-155.0687,57.8974],[-155.0231,58.0256],[-154.5831,58.025],[-154.4432,58.1445],[-154.2803,58.133],[-154.1657,58.2168],[-154.3001,58.3204],[-154.0002,58.3856],[-153.8994,58.6167],[-153.6907,58.6216],[-153.4388,58.7336],[-153.3316,58.9338],[-153.7115,59.0707],[-154.1984,59.077],[-154.0764,59.3812],[-153.7247,59.4661],[-153.5732,59.6422],[-153.3172,59.6388],[-153.0553,59.7102],[-153.0212,59.8889],[-152.7379,59.9084],[-152.5903,60.0922],[-152.6984,60.1701],[-152.416,60.2978],[-152.3401,60.4761],[-152.0514,60.6732],[-151.8407,60.7511],[-151.7469,60.9168],[-151.5668,60.9945],[-151.1548,61.0644],[-151.0609,61.1633],[-150.6336,61.2987],[-150.4506,61.2526],[-149.9838,61.2463],[-150.0673,61.1557],[-149.618,60.9946],[-150.0438,60.9168],[-150.2253,60.9372],[-150.4525,61.0342],[-151.0715,60.7853],[-151.4173,60.7182],[-151.2828,60.5371],[-151.4654,60.1877],[-151.706,60.0417],[-151.8829,59.7865],[-151.7469,59.6828],[-151.4726,59.6357],[-151.1091,59.7865],[-151.2733,59.56],[-151.4404,59.4936],[-151.6518,59.4859],[-151.894,59.4128],[-151.9772,59.2794],[-151.7415,59.1671],[-151.5681,59.1758],[-151.3968,59.2583],[-151.0925,59.2851],[-150.6531,59.4239],[-150.5533,59.5357],[-150.3262,59.476],[-149.9165,59.7176],[-149.8072,59.7176],[-149.7386,59.8909],[-149.5769,59.8976],[-149.3411,60.0224],[-148.926,59.9715],[-148.5618,59.9571],[-148.402,59.9914],[-148.1413,60.2322],[-148.2762,60.2796],[-147.9419,60.4431],[-148.0836,60.6049],[-148.2063,60.6206],[-148.2646,60.7608],[-148.5864,60.8305],[-148.3065,60.8957],[-148.1724,61.0233],[-147.9381,60.9088],[-147.3646,60.8913],[-147.1007,61.0153],[-146.8155,61.0318],[-146.6835,60.8798],[-146.5115,60.8186],[-146.4823,60.687],[-146.2225,60.7558],[-145.6918,60.6567],[-145.6813,60.6081],[-145.9388,60.4561],[-145.5726,60.4511],[-145.3891,60.3625],[-145.2359,60.3681],[-145.0195,60.5264],[-144.7908,60.4649],[-144.9145,60.3812],[-144.5711,60.1906],[-144.3476,60.2011],[-143.9186,59.997],[-143.6096,60.0495],[-143.1958,60.0677],[-142.7985,60.1124],[-141.9691,60.0281],[-141.7327,59.9631],[-141.3859,60.0348],[-141.2616,60.0118],[-141.2742,59.8492],[-140.8631,59.7456],[-140.3227,59.7012],[-139.6211,59.8903],[-139.4734,59.7176],[-139.6576,59.5755],[-139.857,59.5463],[-139.2059,59.3198],[-138.9817,59.2748],[-138.1849,59.0256],[-137.9844,58.92],[-137.931,58.803],[-137.5543,58.6208],[-137.5185,58.5648],[-137.1314,58.4013],[-136.9794,58.4069],[-136.5984,58.223],[-136.0267,58.3881],[-136.2691,58.7641],[-136.0603,58.8259],[-135.8411,58.5284],[-135.8867,58.3794],[-135.6275,58.4263],[-135.4159,58.395],[-135.3096,58.2521],[-135.1456,58.2168],[-135.0528,58.3093],[-135.2262,58.6123],[-135.231,58.7717],[-135.3858,58.9543],[-135.3607,59.1138],[-135.2296,59.1259],[-135.1436,58.8339],[-134.827,58.511],[-134.7673,58.4003],[-134.498,58.3539],[-134.2416,58.2143],[-134.0677,58.2789],[-134.0597,58.0722],[-133.8612,57.9567],[-133.5729,57.7161],[-133.6588,57.6209],[-133.4974,57.5316],[-133.3915,57.3352],[-133.552,57.1815],[-133.093,57.0865],[-132.7677,56.9697],[-132.8604,56.9189],[-132.6732,56.8028],[-132.4795,56.7428],[-132.4769,56.6045],[-132.2033,56.4713],[-132.161,56.3802],[-131.9713,56.3564],[-131.8138,56.196],[-131.963,56.1574],[-131.9435,56.0069],[-132.086,55.8458],[-132.2615,55.7397],[-132.1716,55.5885],[-131.9614,55.501],[-131.8277,55.6679],[-131.7359,55.8867],[-131.4144,56.0102],[-131.1652,55.9406],[-130.8899,55.7153],[-130.8732,55.342],[-131.0576,55.1987],[-130.9497,55.0738],[-130.9342,54.8244],[-130.5803,54.8064],[-130.3654,54.9073],[-130.0782,55.2338],[-129.9892,55.284],[-130.147,55.5472],[-130.1737,55.7495],[-130.0196,55.908],[-130.0715,56.0841],[-130.404,56.1219],[-130.4955,56.2324],[-130.6458,56.2619],[-130.8391,56.3725],[-131.1005,56.4077],[-131.5859,56.595],[-131.7991,56.5877],[-131.8716,56.7935],[-132.1074,56.8588],[-132.0319,57.0284],[-132.3412,57.0804],[-132.231,57.1968],[-132.5524,57.4991],[-133.1656,58.1473],[-133.3746,58.291],[-133.4631,58.4622],[-133.8712,58.7359],[-134.2222,58.8427],[-134.3994,58.975],[-134.398,59.052],[-134.7055,59.2401],[-134.9324,59.2706],[-135.0958,59.4189],[-135.0162,59.5434],[-135.4828,59.7925],[-135.9238,59.6667],[-136.2585,59.6216],[-136.275,59.4864],[-136.4676,59.4616],[-136.4665,59.2878],[-136.6135,59.1542],[-136.8408,59.1482],[-137.2819,58.9871],[-137.4231,58.9077],[-137.6114,59.2393],[-138.5992,59.7538],[-138.6921,59.8869],[-139.0038,59.9772],[-139.1821,60.0734],[-139.1016,60.3466],[-139.6283,60.3341],[-140.0158,60.1874],[-140.4241,60.2932],[-140.5337,60.2185],[-141.0012,60.3211],[-141.0017,61.3416],[-141.0023,62.6536],[-141.0026,63.3825],[-141.0031,64.5487],[-141.0036,65.5692],[-141.0042,66.8811],[-141.0047,67.7558],[-141.005,68.4847],[-141.0056,69.6509]]],[[[-132.703,54.7012],[-132.7225,54.7766],[-132.9425,54.9482],[-132.9971,55.0643],[-133.2169,55.0991],[-133.0371,54.8774],[-132.8562,54.7447],[-132.703,54.7012]]],[[[-130.9619,55.5851],[-130.9383,55.6515],[-131.1796,55.9235],[-131.2803,55.9652],[-131.5788,55.9072],[-131.6706,55.8395],[-131.7074,55.6296],[-131.6505,55.5503],[-131.8103,55.4766],[-131.6615,55.3432],[-131.192,55.1857],[-131.0652,55.2611],[-130.9619,55.5851]]],[[[-133.6073,56.0785],[-133.7949,55.9436],[-133.631,55.9186],[-133.4703,56.0173],[-133.2995,56.012],[-133.3927,56.1605],[-133.6073,56.0785]]],[[[-132.5484,56.3044],[-132.6814,56.2292],[-132.6454,56.0581],[-132.4491,56.0648],[-132.3034,55.9154],[-132.1226,55.9455],[-132.0922,56.1064],[-132.5484,56.3044]]],[[[-131.9767,54.8315],[-131.9943,55.2681],[-132.0907,55.2768],[-132.4013,55.5168],[-132.3467,55.6431],[-132.4627,55.7768],[-132.7364,55.9966],[-132.9185,56.0659],[-133.0628,56.0523],[-133.0539,56.2344],[-133.1821,56.3323],[-133.5868,56.3529],[-133.6122,56.2123],[-133.2855,56.1674],[-133.2367,55.9003],[-133.1479,55.8184],[-133.3852,55.7093],[-133.2513,55.5848],[-133.0631,55.6235],[-133.213,55.2792],[-132.9596,55.2766],[-132.6086,55.1192],[-132.5794,54.9544],[-132.2648,54.8445],[-132.2976,54.7445],[-132.004,54.6938],[-131.9767,54.8315]]],[[[-132.6129,56.4006],[-132.703,56.4621],[-132.9242,56.452],[-133.0489,56.3628],[-132.8689,56.2435],[-132.6472,56.2824],[-132.6129,56.4006]]],[[[-132.004,56.3392],[-132.1239,56.3432],[-132.3392,56.4832],[-132.3529,56.2778],[-132.0723,56.1195],[-131.9283,56.1946],[-132.004,56.3392]]],[[[-132.9596,56.788],[-132.8909,56.6294],[-132.9375,56.5176],[-132.7917,56.4969],[-132.5334,56.6003],[-132.8163,56.7973],[-132.9596,56.788]]],[[[-133.8847,56.4901],[-133.7057,56.6042],[-133.8012,56.777],[-134.1759,56.922],[-134.4086,56.8429],[-134.3576,56.6766],[-134.2469,56.5634],[-134.0674,56.4776],[-134.282,56.3628],[-134.2001,56.1505],[-133.9491,56.0924],[-133.8956,56.22],[-133.9813,56.2839],[-133.8452,56.4344],[-133.8847,56.4901]]],[[[-133.9127,57.0827],[-134.0182,57.0176],[-133.6966,56.832],[-133.6594,56.4642],[-133.1479,56.4621],[-132.9339,56.6416],[-132.9911,56.8084],[-132.9804,56.935],[-133.1091,56.9987],[-133.3882,56.9971],[-133.5829,57.05],[-133.9127,57.0827]]],[[[-152.9079,57.1647],[-153.2605,57.2056],[-153.4116,57.079],[-153.3256,57.022],[-152.9079,57.1647]]],[[[-135.6016,57.1716],[-135.6152,57.2845],[-135.8241,57.3323],[-135.7621,57.1142],[-135.6016,57.1716]]],[[[-134.6215,56.7438],[-134.8083,57.1814],[-134.9948,57.3978],[-135.3812,57.5536],[-135.6732,57.3497],[-135.3103,57.0473],[-135.2945,56.8922],[-135.3675,56.8289],[-135.1547,56.7459],[-135.0528,56.5378],[-134.75,56.2174],[-134.6264,56.2615],[-134.6215,56.7438]]],[[[-152.1609,57.6271],[-152.4678,57.6572],[-152.459,57.7681],[-152.3291,57.8258],[-152.4863,57.9107],[-153.2025,57.9462],[-153.1919,57.8052],[-153.5744,57.8395],[-153.7238,57.9021],[-153.9246,57.8105],[-153.9255,57.7296],[-153.754,57.562],[-153.8114,57.4123],[-154.0559,57.6551],[-154.2393,57.6733],[-154.6147,57.5266],[-154.81,57.3466],[-154.6015,57.2589],[-154.535,57.1746],[-154.5286,56.9916],[-154.238,56.8996],[-154.1583,56.9692],[-153.8771,56.9766],[-154.1301,56.7865],[-153.9625,56.7482],[-153.5598,56.9865],[-153.6108,57.0238],[-153.2533,57.2367],[-153.0963,57.2182],[-152.6922,57.2833],[-152.591,57.4509],[-152.3303,57.4459],[-152.1609,57.6271]]],[[[-135.848,57.3944],[-135.7074,57.3665],[-135.5463,57.4661],[-135.628,57.706],[-135.0569,57.4666],[-134.8139,57.4975],[-134.9139,57.7558],[-135.1975,57.7097],[-135.3724,57.8052],[-134.9425,57.8066],[-134.9248,58.0275],[-135.3893,58.1411],[-135.8135,58.2744],[-135.9823,58.1676],[-136.4053,58.1339],[-136.2969,58.0106],[-136.3948,57.8857],[-136.1428,57.6448],[-135.9468,57.5163],[-135.848,57.3944]]],[[[-134.354,57.0927],[-134.1274,57.2646],[-133.865,57.3551],[-133.9379,57.6186],[-134.2087,57.8399],[-134.3122,57.9794],[-134.1693,58.0778],[-134.1864,58.1684],[-134.6932,58.1684],[-134.7978,58.1128],[-134.6536,57.5982],[-134.4639,57.3944],[-134.6215,57.2299],[-134.6229,57.1108],[-134.5018,57.029],[-134.354,57.0927]]],[[[-151.966,58.3328],[-152.0951,58.3676],[-152.4769,58.3615],[-152.6506,58.4836],[-152.7933,58.2868],[-153.0417,58.3056],[-153.2296,58.1689],[-153.0144,58.0455],[-152.8049,57.9915],[-152.7081,58.0521],[-152.3311,58.165],[-152.13,58.1662],[-151.9722,58.2373],[-151.966,58.3328]]],[[[-160.9476,58.7376],[-161.0617,58.7005],[-161.0741,58.5469],[-160.8979,58.5703],[-160.6859,58.8108],[-160.9476,58.7376]]],[[[-147.1072,60.2862],[-147.2956,60.2322],[-147.3802,60.1396],[-147.7031,59.9975],[-147.8861,59.8576],[-147.8402,59.7865],[-147.4903,59.9392],[-147.2338,60.1331],[-147.0105,60.2337],[-147.1072,60.2862]]],[[[-91.8021,29.4901],[-91.7202,29.5817],[-91.9293,29.6471],[-92.0205,29.5688],[-91.8021,29.4901]]],[[[-120.0441,34.0373],[-120.2176,34.0105],[-120.1099,33.8931],[-119.9996,33.9415],[-120.0441,34.0373]]],[[[-119.5294,34.0252],[-119.6332,34.0136],[-119.8564,34.0706],[-119.8508,33.9674],[-119.7195,33.9591],[-119.5294,34.0252]]],[[[-71.9189,41.0649],[-72.109,41.0014],[-72.1554,41.055],[-72.3672,40.9946],[-72.4571,40.9103],[-72.6061,40.9899],[-72.7811,40.9651],[-73.1131,40.9735],[-73.2246,40.9083],[-73.4857,40.9456],[-73.9086,40.7887],[-74.0358,40.6389],[-73.9881,40.5694],[-73.8296,40.6488],[-73.7073,40.5828],[-73.2333,40.7145],[-72.9468,40.7419],[-72.727,40.8078],[-72.6053,40.8013],[-71.9295,41.0378],[-71.9189,41.0649]]],[[[-122.3594,47.9766],[-122.5466,48.017],[-122.594,48.3079],[-122.7441,48.2059],[-122.6002,48.1301],[-122.5303,47.9674],[-122.3594,47.9766]]],[[[-177.8003,51.7957],[-177.9523,51.9248],[-178.2138,51.876],[-177.9548,51.7291],[-177.8003,51.7957]]],[[[-176.4372,51.7883],[-176.6415,51.8572],[-176.9151,51.7919],[-176.8822,51.7204],[-176.5881,51.6859],[-176.4372,51.7883]]],[[[-173.1234,52.108],[-173.8388,52.1196],[-173.836,52.0434],[-173.3765,52.0388],[-173.1234,52.108]]],[[[-172.4072,52.3854],[-172.558,52.3507],[-172.5294,52.2502],[-172.3109,52.3165],[-172.4072,52.3854]]],[[[-174.052,52.2408],[-173.9919,52.3126],[-174.1903,52.4179],[-174.3468,52.3643],[-174.2283,52.2675],[-174.3309,52.2023],[-174.5591,52.1793],[-174.9746,52.0583],[-174.7153,52.0165],[-174.3738,52.1117],[-174.1002,52.1409],[-174.052,52.2408]]],[[[-167.8575,53.3928],[-167.7948,53.502],[-168.0083,53.5703],[-168.1998,53.5402],[-168.4066,53.4095],[-168.3608,53.2713],[-168.6057,53.2751],[-168.7595,53.1867],[-168.7513,52.9602],[-168.4899,53.0421],[-168.2876,53.243],[-167.8575,53.3928]]],[[[-166.2943,53.728],[-166.4404,53.7545],[-166.4558,53.8961],[-166.7539,54.016],[-167.0216,53.9612],[-167.1634,53.8574],[-166.9465,53.7158],[-167.1554,53.6226],[-167.1586,53.4771],[-167.3215,53.4164],[-167.4746,53.434],[-167.7185,53.3813],[-167.85,53.3096],[-167.6651,53.2419],[-167.3913,53.3444],[-166.8768,53.4815],[-166.6564,53.5024],[-166.5472,53.6259],[-166.2943,53.728]]],[[[-165.7391,54.1252],[-165.8796,54.2134],[-166.0712,54.1852],[-166.0408,54.0364],[-165.7391,54.1252]]],[[[-154.8996,19.567],[-155.0871,19.8604],[-155.3323,20.0467],[-155.5864,20.1229],[-155.738,20.2438],[-155.8672,20.2631],[-155.8826,20.1049],[-155.8241,20.0201],[-155.926,19.8688],[-156.0602,19.7312],[-155.9822,19.6077],[-155.8855,19.3342],[-155.9199,19.1386],[-155.8781,19.0291],[-155.6829,18.9329],[-155.6185,18.9555],[-155.5028,19.1377],[-155.2911,19.2595],[-155.203,19.2556],[-154.9823,19.3392],[-154.8172,19.4797],[-154.8996,19.567]]],[[[-156.8484,20.8768],[-156.9904,20.9275],[-156.9824,20.7594],[-156.9137,20.7347],[-156.8035,20.8126],[-156.8484,20.8768]]],[[[-156.0017,20.8004],[-156.1193,20.8361],[-156.2983,20.9527],[-156.4817,20.9044],[-156.5979,21.0327],[-156.696,20.9158],[-156.6202,20.8071],[-156.4643,20.7814],[-156.4077,20.5872],[-156.3026,20.5812],[-156.0031,20.6859],[-156.0017,20.8004]]],[[[-156.749,21.171],[-156.897,21.1652],[-157.2598,21.2219],[-157.2731,21.0873],[-157.0724,21.0994],[-156.8696,21.0534],[-156.7556,21.0955],[-156.749,21.171]]],[[[-157.7068,21.352],[-157.8421,21.461],[-157.8364,21.534],[-157.9624,21.705],[-158.1211,21.5859],[-158.2363,21.5849],[-158.2276,21.483],[-158.0943,21.2936],[-157.9052,21.3056],[-157.795,21.2547],[-157.7068,21.352]]],[[[-159.3013,22.151],[-159.3997,22.2355],[-159.5896,22.221],[-159.7165,22.1575],[-159.7851,22.0573],[-159.7598,21.9785],[-159.61,21.8997],[-159.4373,21.8688],[-159.3341,21.9581],[-159.3013,22.151]]],[[[179.7809,51.967],[179.6434,52.0303],[179.4861,51.9739],[179.6421,51.8742],[179.7809,51.967]]],[[[173.3766,52.8305],[173.3013,52.9256],[173.1272,52.9949],[172.9694,52.9744],[172.6604,53.0086],[172.6404,52.8688],[172.9443,52.7498],[173.0894,52.8305],[173.3766,52.8305]]],[[[-163.0738,54.6876],[-163.1442,54.7703],[-163.373,54.7927],[-163.4232,54.912],[-163.5716,55.057],[-163.9167,55.0364],[-164.314,54.893],[-164.5474,54.8828],[-164.7007,54.6783],[-164.9582,54.5852],[-164.8453,54.4235],[-164.6526,54.392],[-164.4056,54.436],[-164.3297,54.5348],[-164.1327,54.6232],[-163.7899,54.6379],[-163.6225,54.6118],[-163.4307,54.6801],[-163.0738,54.6876]]],[[[-160.4974,55.1946],[-160.696,55.4069],[-160.8536,55.3319],[-160.8474,55.2071],[-160.6271,55.1537],[-160.4974,55.1946]]],[[[-165.5821,59.951],[-165.7329,60.1763],[-165.6844,60.2998],[-165.9882,60.3206],[-166.1854,60.4022],[-166.4592,60.3872],[-166.7923,60.2923],[-166.874,60.2106],[-167.2881,60.2387],[-167.4361,60.1954],[-167.1898,60.0278],[-166.6134,59.8564],[-166.244,59.8078],[-165.5821,59.951]]],[[[-168.7407,63.281],[-169.0076,63.3493],[-169.5495,63.3629],[-170.0386,63.5319],[-170.0825,63.6152],[-170.2974,63.6955],[-170.6626,63.6725],[-170.937,63.5717],[-171.5043,63.6533],[-171.7206,63.7527],[-171.8529,63.5212],[-171.7356,63.3759],[-171.4393,63.3198],[-171.0839,63.4449],[-170.8561,63.4604],[-170.4443,63.3592],[-170.1134,63.2028],[-169.8175,63.1268],[-169.7162,63.0248],[-169.2873,63.1933],[-168.8118,63.1701],[-168.7407,63.281]]],[[[-68.2448,44.4245],[-68.355,44.4233],[-68.4141,44.2586],[-68.1765,44.3283],[-68.2448,44.4245]]]]},"properties":{"ADMIN":"United States of America","ADM0_A3":"USA","NAME_EN":"United States of America","LABEL_X":-97.482602,"LABEL_Y":39.538479,"FCLASS_IN":""}},
{"type":"Feature","geometry":{"type":"MultiPolygon","coordinates":[[[[-122.753,48.9925],[-121.3343,48.9925],[-120.675,48.9925],[-119.356,48.9925],[-118.2571,48.9925],[-117.158,48.9925],[-115.6194,48.9925],[-114.5203,48.9925],[-113.641,48.9925],[-112.3222,48.9926],[-110.5637,48.9926],[-109.2449,48.9926],[-108.3656,48.9926],[-107.2666,48.9926],[-105.9477,48.9926],[-105.0575,48.9926],[-103.5299,48.9926],[-101.9912,48.9927],[-100.6723,48.9927],[-99.7931,48.9927],[-98.0346,48.9927],[-96.2762,48.9927],[-95.1771,48.9927],[-95.1606,49.3695],[-94.8273,49.2929],[-94.7112,48.9146],[-94.7109,48.8075],[-94.5929,48.7264],[-94.3116,48.7139],[-94.2322,48.652],[-93.8749,48.6362],[-93.7568,48.5165],[-93.4918,48.5423],[-93.2577,48.6303],[-92.9797,48.6177],[-92.6486,48.5363],[-92.5269,48.4456],[-92.3846,48.2324],[-92.3031,48.3109],[-92.0434,48.3346],[-91.9573,48.2283],[-91.765,48.1873],[-91.6925,48.0979],[-91.4279,48.0364],[-91.2764,48.0648],[-90.9232,48.2271],[-90.7865,48.1005],[-90.5316,48.0846],[-90.1786,48.1164],[-89.9803,48.0101],[-89.3404,47.9842],[-88.6427,48.2566],[-88.3473,48.2987],[-87.4093,47.93],[-86.6371,47.6241],[-84.8787,46.8979],[-84.7733,46.6334],[-84.5894,46.4751],[-84.4232,46.5116],[-84.1104,46.5265],[-84.1588,46.4333],[-84.0868,46.2012],[-83.9473,46.0606],[-83.8393,46.1192],[-83.6139,46.1156],[-83.4659,45.9931],[-83.6369,45.7739],[-83.484,45.7719],[-82.5888,45.3718],[-82.5321,45.2935],[-82.2918,44.2422],[-82.1476,43.6113],[-82.1536,43.5496],[-82.4111,43.0513],[-82.5113,42.6467],[-82.8001,42.418],[-83.0404,42.3319],[-83.1285,42.24],[-83.157,42.0004],[-83.0684,41.8477],[-82.7111,41.6802],[-82.4249,41.6768],[-81.2767,42.2087],[-80.2466,42.3655],[-79.0194,42.8027],[-78.9153,42.9476],[-79.032,43.0134],[-79.0538,43.2604],[-79.1743,43.4645],[-78.6881,43.6318],[-77.534,43.6279],[-76.8415,43.6255],[-76.7972,43.6453],[-76.4546,44.0842],[-76.2066,44.2174],[-76.0673,44.348],[-75.8703,44.4086],[-75.6997,44.5817],[-75.2702,44.8638],[-74.8685,45.0101],[-74.713,44.9993],[-74.4936,45.1462],[-73.9615,45.3542],[-74.0777,45.4567],[-73.9095,45.5347],[-73.7554,45.6764],[-73.4954,45.7279],[-73.2899,45.8751],[-73.1586,46.0749],[-73.022,46.1096],[-72.9945,46.2108],[-72.6025,46.3013],[-72.4623,46.4023],[-72.258,46.4709],[-72.2279,46.5534],[-72.0554,46.5943],[-71.8805,46.6907],[-71.694,46.6744],[-71.354,46.739],[-70.9569,47.0207],[-70.715,47.1176],[-70.4971,47.4293],[-70.2369,47.4956],[-70.1996,47.5955],[-69.932,47.7731],[-69.736,48.1225],[-70.0277,48.2529],[-70.163,48.2451],[-70.4775,48.3564],[-70.7445,48.3553],[-70.7472,48.4276],[-70.3692,48.3741],[-70.1444,48.2734],[-69.9851,48.2784],[-69.7983,48.1567],[-69.6545,48.1629],[-69.4466,48.2962],[-69.1444,48.6005],[-69.0696,48.7562],[-68.7838,48.9108],[-68.6435,48.9177],[-68.6346,49.017],[-68.3719,49.1403],[-68.1811,49.1245],[-68.1224,49.2713],[-67.3763,49.3392],[-67.2451,49.4588],[-67.2309,49.6116],[-67.1315,49.8313],[-67.0449,49.8283],[-66.9509,49.9864],[-66.7459,50.0537],[-66.5431,50.2161],[-66.1619,50.1958],[-65.9292,50.2928],[-65.7372,50.2574],[-65.2583,50.3223],[-64.8883,50.2745],[-64.47,50.3223],[-64.2475,50.2707],[-63.9892,50.307],[-63.7222,50.3043],[-63.4422,50.2229],[-63.1767,50.2901],[-62.8524,50.2943],[-61.8458,50.2198],[-61.7179,50.1],[-61.3114,50.1993],[-61.1659,50.1854],[-60.8356,50.2563],[-60.5404,50.226],[-60.0637,50.254],[-59.8507,50.3136],[-59.8031,50.4457],[-59.5815,50.4841],[-59.4099,50.6666],[-58.9933,50.7908],[-58.9477,51.0416],[-58.7164,51.1065],[-58.6565,51.2109],[-58.4537,51.3166],[-58.234,51.2769],[-57.9777,51.3297],[-57.7485,51.4631],[-57.6706,51.4349],[-57.25,51.5083],[-57.1898,51.4188],[-56.9665,51.4252],[-56.3379,51.7821],[-56.2109,51.7972],[-55.9342,51.9252],[-55.8874,52.0069],[-55.6848,52.1117],[-55.7059,52.2203],[-55.8201,52.3082],[-55.6476,52.4432],[-55.7406,52.4929],[-56.0004,52.5151],[-55.9333,52.6379],[-56.0594,52.7657],[-55.8116,52.8304],[-55.9557,53.0222],[-55.7469,53.1457],[-55.8245,53.1932],[-55.8121,53.3301],[-56.0349,53.4337],[-56.0362,53.5804],[-56.6327,53.6603],[-56.6313,53.7416],[-56.9835,53.7275],[-57.1331,53.621],[-57.3297,53.5846],[-57.4571,53.6486],[-57.1527,53.7399],[-57.3569,54.1395],[-58.0116,54.2397],[-58.2285,54.2357],[-58.4155,54.1404],[-58.2203,54.0638],[-58.8531,53.942],[-59.0707,53.7963],[-59.0768,53.687],[-59.3678,53.6524],[-59.5111,53.5554],[-59.8607,53.4997],[-60.1047,53.3376],[-60.3452,53.3824],[-60.0417,53.4802],[-60.1116,53.5466],[-60.1083,53.7577],[-59.7913,53.848],[-59.5316,53.8216],[-59.2165,53.9307],[-58.9745,53.9715],[-58.4681,54.2336],[-58.251,54.2543],[-58.1861,54.3586],[-57.6783,54.3774],[-57.391,54.5019],[-57.4498,54.6494],[-57.6676,54.6334],[-57.847,54.7387],[-58.1385,54.7394],[-58.2035,54.7974],[-58.6815,54.8185],[-58.8841,54.8978],[-59.0259,55.0199],[-59.008,55.1537],[-59.2523,55.2159],[-59.43,55.142],[-59.862,55.1409],[-59.9392,55.2354],[-60.2871,55.2334],[-60.4189,55.4277],[-60.3548,55.5751],[-60.4896,55.8105],[-60.6066,55.733],[-60.7816,55.8597],[-61.0659,55.8496],[-61.0712,55.9283],[-61.3454,55.9693],[-61.3728,56.2288],[-61.547,56.2004],[-61.8302,56.3769],[-61.7566,56.4858],[-61.8689,56.6373],[-61.6949,56.7296],[-61.8092,56.7885],[-61.5018,56.9789],[-61.3448,56.9897],[-61.3819,57.1211],[-61.5267,57.1612],[-61.8651,57.1706],[-61.817,57.3774],[-62.2892,57.5236],[-61.8899,57.625],[-62.0072,57.7814],[-62.1405,57.8332],[-62.305,58.0312],[-62.6614,58.1758],[-62.5786,58.5042],[-62.7843,58.498],[-63.0097,58.4287],[-63.1756,58.5035],[-62.8465,58.6693],[-62.9269,58.8232],[-63.4422,59.1206],[-63.3733,59.2167],[-63.5316,59.3477],[-63.8059,59.3749],[-63.7281,59.5091],[-64.1479,59.6828],[-64.1264,59.9075],[-64.2205,60.0466],[-64.4515,60.0661],[-64.4166,60.2597],[-64.6275,60.3467],[-64.8488,60.3657],[-65.1177,60.0084],[-65.1378,59.9002],[-65.4177,59.8153],[-65.5463,59.7313],[-65.4067,59.4174],[-65.7427,59.2679],[-65.6425,59.0733],[-65.9822,58.9172],[-66.1086,58.7791],[-66.3912,58.8513],[-66.6288,58.5929],[-66.6151,58.498],[-66.9466,58.4984],[-67.0642,58.3929],[-67.649,58.2518],[-67.9241,58.4117],[-67.8898,58.4987],[-68.1369,58.5234],[-68.3502,58.6215],[-68.3616,58.7835],[-68.7869,58.9225],[-69.2563,58.8992],[-69.834,58.6041],[-70.0345,58.8126],[-69.7198,58.8673],[-69.5653,58.8065],[-69.4516,58.8952],[-69.5281,59.186],[-69.2434,59.2282],[-69.2548,59.3248],[-69.4455,59.3613],[-69.6271,59.3067],[-69.6715,59.457],[-69.568,59.6026],[-69.6577,59.7033],[-69.5898,59.8761],[-69.7698,59.9711],[-69.611,60.1011],[-69.6024,60.2247],[-69.7533,60.333],[-69.688,60.5565],[-69.7198,60.684],[-69.3813,60.7999],[-69.5366,61.0797],[-69.9159,60.81],[-70.0648,60.8581],[-70.1102,61.0601],[-70.3251,61.1004],[-70.6037,61.0328],[-70.9394,61.0738],[-71.2315,61.1675],[-71.395,61.1495],[-71.6964,61.2774],[-71.6719,61.3755],[-71.8553,61.4238],[-71.6915,61.5393],[-71.652,61.6498],[-71.9568,61.7112],[-72.2323,61.8813],[-72.6052,61.9437],[-72.6214,62.1019],[-73.0622,62.1876],[-73.2095,62.3128],[-73.5714,62.3948],[-73.6707,62.4821],[-73.8722,62.4648],[-73.982,62.3767],[-74.2784,62.3235],[-74.4169,62.2525],[-75.0061,62.269],[-75.3277,62.3175],[-75.8297,62.3133],[-76.5957,62.4581],[-76.7577,62.5108],[-77.4908,62.5883],[-78.1549,62.2973],[-78.165,62.1669],[-78.0848,61.888],[-77.9398,61.6936],[-77.7084,61.6163],[-77.6077,61.4647],[-77.7853,61.4547],[-77.7515,61.232],[-77.8124,61.0881],[-78.1655,60.8684],[-77.6068,60.7591],[-77.8293,60.6433],[-77.5917,60.5026],[-77.7423,60.4258],[-77.4697,60.2172],[-77.556,60.0528],[-77.2831,60.0266],[-77.4629,59.6766],[-77.7162,59.6214],[-77.8812,59.4849],[-77.7707,59.4085],[-77.8192,59.293],[-78.1066,59.2099],[-78.1314,59.1079],[-78.2853,59.0528],[-78.3047,58.9599],[-78.56,58.9446],[-78.4737,58.7202],[-78.5488,58.6089],[-78.3126,58.5731],[-78.0315,58.3881],[-77.6007,58.2713],[-77.0793,57.9615],[-76.8087,57.6755],[-76.8056,57.6135],[-76.5893,57.2713],[-76.5037,56.7838],[-76.5452,56.295],[-76.6587,56.073],[-77.0445,55.783],[-77.1129,55.6754],[-77.7816,55.2735],[-78.3922,55.0275],[-78.8749,54.9077],[-78.9674,54.852],[-79.4845,54.7564],[-79.6763,54.6938],[-79.5294,54.5772],[-79.464,54.3102],[-79.3559,54.1986],[-79.1294,54.1075],[-79.0135,53.8459],[-79.0563,53.6203],[-78.9326,53.5551],[-78.9917,53.4536],[-78.9017,53.201],[-78.9774,53.07],[-78.89,52.9221],[-78.7831,52.8715],[-78.7856,52.6591],[-78.5215,52.4809],[-78.4996,52.3558],[-78.5913,52.1061],[-78.7472,51.9769],[-78.8926,51.9468],[-78.8406,51.8423],[-79.015,51.7961],[-78.9293,51.6605],[-78.7924,51.6108],[-78.7938,51.4745],[-78.8822,51.4033],[-79.346,51.6618],[-79.5602,51.5555],[-79.5191,51.4835],[-79.7008,51.3854],[-79.7445,51.1235],[-80.1083,51.2961],[-80.4298,51.3572],[-80.5949,51.7114],[-80.9791,52.0018],[-81.3906,52.1278],[-81.5815,52.3165],[-81.5638,52.4562],[-81.9182,52.6804],[-81.9881,52.7984],[-82.3012,52.9676],[-82.2381,53.2214],[-82.1185,53.2773],[-82.2192,53.6044],[-82.126,53.8122],[-82.2426,54.065],[-82.4309,54.2282],[-82.421,54.3839],[-82.2014,54.8339],[-82.2786,55.0455],[-82.4585,55.1412],[-82.8151,55.1468],[-82.9203,55.2205],[-83.2395,55.2236],[-83.7676,55.2813],[-83.9291,55.3265],[-84.6131,55.2452],[-85.1266,55.3026],[-85.152,55.3604],[-85.4392,55.4284],[-85.6826,55.5866],[-85.9043,55.662],[-86.2893,55.7256],[-86.8749,55.9113],[-87.3163,55.9623],[-87.6223,56.0956],[-87.9796,56.4429],[-88.3114,56.538],[-88.644,56.6934],[-88.9208,56.8531],[-89.0561,56.8455],[-89.3938,56.9282],[-89.827,56.976],[-90.5855,57.2299],[-91.0311,57.2646],[-92.2235,57.0215],[-92.2787,57.0654],[-92.6658,57.0006],[-92.4568,57.223],[-92.4569,57.449],[-92.757,57.8659],[-92.8078,58.0758],[-92.963,58.2599],[-93.1285,58.5284],[-93.1895,58.7597],[-93.7174,58.7922],[-94.1456,58.7698],[-94.3995,58.7125],[-94.4853,58.8201],[-94.8074,59.0181],[-94.7722,59.298],[-94.7184,59.3667],[-94.8219,59.6503],[-94.7754,59.7778],[-94.817,59.9629],[-94.7029,60.1057],[-94.7118,60.2657],[-94.6156,60.3923],[-94.6802,60.4746],[-94.52,60.5468],[-94.3516,60.8581],[-94.2423,60.9034],[-94.0068,61.2378],[-93.8336,61.3283],[-93.985,61.458],[-93.838,61.5617],[-93.3029,61.7519],[-93.5021,61.8558],[-92.9407,62.1016],[-93.0736,62.178],[-92.5934,62.2394],[-92.7183,62.4647],[-92.2609,62.5626],[-91.9835,62.5316],[-91.8975,62.6397],[-92.2036,62.6668],[-92.4539,62.7939],[-91.9794,62.8474],[-91.442,62.7869],[-91.0311,62.9514],[-90.8257,62.9383],[-90.6436,63.0689],[-90.6954,63.2748],[-91.0174,63.4711],[-91.3155,63.5015],[-91.5867,63.5823],[-91.7784,63.7144],[-92.1275,63.7112],[-92.6349,63.7839],[-93.2172,63.911],[-93.5331,63.8496],[-93.7659,63.9935],[-93.4789,64.0339],[-93.0684,63.9324],[-92.7862,63.901],[-92.3738,63.7791],[-91.7489,63.7482],[-91.371,63.7017],[-90.9745,63.5787],[-90.7432,63.5754],[-90.1684,63.6577],[-89.9691,63.8222],[-90.1157,63.964],[-89.8127,63.9602],[-89.5644,64.0256],[-89.1774,64.0385],[-88.7346,63.9724],[-88.0443,64.1843],[-87.7643,64.5224],[-87.6,64.5582],[-86.9382,65.142],[-87.0469,65.238],[-87.3728,65.2752],[-87.7509,65.2675],[-89.0399,65.3282],[-89.3938,65.5012],[-89.4914,65.6158],[-89.8375,65.8309],[-89.688,65.9468],[-88.9701,65.6965],[-88.5846,65.6452],[-88.5503,65.5831],[-88.2055,65.4051],[-87.9275,65.3334],[-87.3808,65.3297],[-87.0786,65.4021],[-87.1044,65.4705],[-86.8259,65.5616],[-86.4747,65.734],[-86.4125,65.9045],[-85.9744,66.0356],[-85.8567,66.1628],[-86.3437,66.2894],[-86.6206,66.3144],[-86.791,66.4289],[-86.6205,66.5069],[-85.7516,66.5177],[-85.4161,66.567],[-85.2678,66.2869],[-84.3817,66.19],[-84.3978,66.3043],[-84.2038,66.3242],[-83.9712,66.2041],[-83.6908,66.1992],[-83.9632,66.4779],[-84.211,66.5945],[-84.1379,66.7122],[-83.8478,66.5456],[-83.6781,66.5253],[-83.5686,66.3714],[-83.3694,66.3503],[-83.0274,66.4952],[-82.6335,66.5633],[-82.3732,66.7276],[-82.1844,66.7686],[-81.9549,66.9768],[-81.5274,66.996],[-81.4184,67.0945],[-81.2379,67.4605],[-81.4572,67.6284],[-82.0882,67.8995],[-82.1094,68.1118],[-82.3148,68.1466],[-82.3697,68.3563],[-82.5892,68.4954],[-82.0166,68.4339],[-81.6295,68.5128],[-81.2665,68.6387],[-81.233,68.7739],[-81.3652,68.8617],[-81.7025,68.9075],[-81.3629,69.1013],[-81.3372,69.1876],[-81.753,69.2679],[-82.2373,69.2352],[-82.2816,69.4194],[-82.618,69.57],[-82.5755,69.6741],[-83.7541,69.7117],[-84.3398,69.8597],[-84.6947,69.8537],[-85.3332,69.7914],[-85.5441,69.6535],[-85.534,69.4633],[-85.3468,69.2009],[-85.22,69.1328],[-84.7672,69.088],[-84.921,68.9389],[-85.145,68.8348],[-85.2248,68.7213],[-85.6681,68.727],[-85.7342,68.6387],[-85.7172,68.3983],[-85.8905,68.1846],[-85.9017,68.0544],[-86.3907,67.8098],[-86.5293,67.6872],[-86.5019,67.3794],[-86.779,67.4186],[-86.9605,67.3674],[-86.9607,67.2552],[-87.3278,67.1733],[-87.4838,67.3631],[-88.153,67.6804],[-88.3736,67.9758],[-88.2833,68.126],[-88.4068,68.2769],[-87.9438,68.2009],[-87.7922,68.3312],[-88.0226,68.8087],[-88.2497,68.9316],[-88.7286,69.0839],[-88.942,69.2336],[-89.3317,69.2495],[-89.6722,69.0445],[-89.688,68.8175],[-89.9449,68.6158],[-89.8376,68.5363],[-90.0002,68.3793],[-90.3583,68.3724],[-90.6035,68.4408],[-90.4899,68.5915],[-90.4465,68.8863],[-90.6706,69.0882],[-91.0336,69.2195],[-90.8052,69.2563],[-90.7978,69.3662],[-90.4762,69.4481],[-90.6544,69.5369],[-91.11,69.5133],[-91.426,69.6684],[-91.8027,69.5133],[-92.1027,69.5581],[-92.4714,69.6976],[-92.8684,69.702],[-92.2647,69.8752],[-91.9429,70.0241],[-92.1117,70.0886],[-92.4739,70.0986],[-92.2662,70.2131],[-91.9955,70.123],[-91.5452,70.145],[-91.7232,70.3558],[-91.9907,70.3251],[-92.2499,70.6254],[-92.6145,70.6889],[-92.9077,70.902],[-92.8587,71.1498],[-92.9906,71.3571],[-93.2156,71.4691],[-93.8205,71.6553],[-94.0541,71.7892],[-94.5399,71.7713],[-94.4044,71.9459],[-94.5487,72.0021],[-95.2252,71.9495],[-95.302,71.7205],[-95.4921,71.723],[-95.9445,71.5522],[-95.4647,71.484],[-95.4722,71.3605],[-95.6583,71.2915],[-95.9859,71.4151],[-96.2117,71.3868],[-96.5615,71.1271],[-96.4875,71.0285],[-96.6164,70.8258],[-96.1903,70.6247],[-96.5615,70.3153],[-96.4863,70.097],[-95.9759,69.7862],[-95.6503,69.7839],[-95.4105,69.6859],[-94.8751,69.5716],[-94.561,69.6406],[-94.3222,69.453],[-93.9304,69.4354],[-93.558,69.5307],[-93.4344,69.3568],[-93.7034,69.2254],[-94.0266,69.3662],[-94.2379,69.3365],[-94.324,69.1558],[-94.1352,69.1328],[-94.5505,68.8907],[-94.6361,68.756],[-94.4125,68.723],[-94.1099,68.7591],[-93.8967,69.0176],[-93.6349,68.9621],[-93.5772,68.8622],[-93.7305,68.6118],[-94.203,68.3738],[-94.3409,68.2443],[-94.861,68.0309],[-95.2335,68.0697],[-95.582,67.8995],[-95.5455,67.8083],[-95.6957,67.7115],[-95.4632,67.6393],[-95.2556,67.2623],[-95.5219,67.2196],[-95.735,67.3765],[-96.0751,67.2258],[-96.4652,67.5495],[-96.1711,67.7003],[-96.2164,67.7803],[-96.0094,68.2523],[-96.3981,68.1714],[-96.5627,68.0405],[-96.795,68.072],[-96.4895,68.218],[-97.0099,68.35],[-97.2604,68.4687],[-97.8563,68.5438],[-97.793,68.4095],[-98.1924,68.3077],[-98.5444,68.3397],[-98.449,68.0709],[-98.1715,67.8757],[-97.6409,68.0094],[-97.1201,67.7794],[-97.0611,67.6804],[-97.5903,67.603],[-98.0921,67.7603],[-98.2411,67.9138],[-98.5223,68.0456],[-98.727,67.9578],[-98.361,67.8113],[-98.9154,67.7116],[-99.2529,67.7235],[-99.4237,67.7941],[-100.1664,67.8449],[-100.717,67.847],[-100.9569,67.7492],[-101.2524,67.7697],[-101.5294,67.6804],[-101.9391,67.7858],[-102.2421,67.7251],[-102.7626,67.8151],[-102.9484,67.9268],[-103.3661,68.0185],[-103.5284,68.133],[-103.8786,68.0233],[-104.4839,68.0339],[-104.6757,68.1397],[-104.602,68.2353],[-105.0951,68.2695],[-105.536,68.4499],[-105.4092,68.5306],[-105.4696,68.722],[-105.7508,68.8659],[-106.1975,68.9444],[-107.2926,68.7014],[-108.2808,68.6216],[-108.8151,68.2742],[-108.4022,68.2689],[-108.3376,68.1551],[-107.7296,68.2072],[-107.8473,68.3332],[-107.1311,68.3007],[-107.009,68.3713],[-106.5732,68.4202],[-106.522,68.5267],[-105.8791,68.6393],[-105.6976,68.4888],[-106.276,68.3869],[-106.4944,68.2458],[-106.8134,68.208],[-106.9261,68.1265],[-107.4287,68.0427],[-107.8795,68.093],[-107.9186,68.0055],[-107.6593,67.9467],[-107.9416,67.8543],[-107.9896,67.6933],[-107.5858,67.5012],[-107.6567,67.3725],[-107.527,67.2123],[-107.2464,67.0842],[-107.4844,66.9194],[-107.7587,67.0089],[-107.6587,66.7077],[-107.7001,66.621],[-108.215,67.0274],[-107.8797,67.0534],[-107.9925,67.2825],[-108.444,67.434],[-108.5991,67.6253],[-108.9294,67.5318],[-109.0746,67.722],[-109.4519,67.7443],[-109.6984,67.8101],[-109.9712,67.9673],[-110.4208,67.9484],[-111.019,67.7681],[-111.292,67.8261],[-111.535,67.7692],[-111.8798,67.7641],[-112.421,67.6824],[-113.042,67.6736],[-113.3158,67.7109],[-113.8588,67.6962],[-114.3979,67.7419],[-114.7892,67.817],[-115.1182,67.8039],[-115.5338,67.9344],[-115.2491,68.0429],[-115.1795,68.1418],[-114.8961,68.1514],[-114.837,68.2626],[-114.0568,68.3042],[-114.0568,68.4408],[-114.201,68.5719],[-114.5226,68.7172],[-114.9878,68.8674],[-115.5878,68.9752],[-116.1605,68.9841],[-116.2081,68.8312],[-118.0409,69.0246],[-118.4769,69.1295],[-118.6664,69.2255],[-120.2786,69.4078],[-120.8074,69.6235],[-121.4278,69.7668],[-122.036,69.8187],[-122.4811,69.8021],[-122.951,69.8386],[-123.1573,69.7702],[-123.1005,69.6754],[-123.1776,69.4959],[-123.3553,69.5028],[-123.5447,69.377],[-124.4385,69.3696],[-124.4291,69.4735],[-124.0718,69.6658],[-124.5067,69.7362],[-124.5069,69.9163],[-124.3839,70.1402],[-124.9877,70.0456],[-124.8971,69.9422],[-125.0323,69.7473],[-125.3701,69.6945],[-125.4159,69.6032],[-125.151,69.4543],[-125.4488,69.3192],[-125.9386,69.414],[-126.2452,69.5253],[-126.7018,69.7674],[-126.8668,70.0017],[-127.1365,70.2529],[-127.4452,70.4059],[-127.9283,70.5671],[-128.1959,70.447],[-128.0324,70.2937],[-128.1111,70.1887],[-128.3702,70.0974],[-128.3104,69.9894],[-128.9941,69.6794],[-129.1737,69.8323],[-129.702,69.789],[-130.3382,69.7023],[-130.4574,69.5792],[-130.7502,69.4543],[-131.1611,69.4959],[-131.5952,69.4743],[-131.8804,69.2847],[-132.3728,69.1493],[-132.8622,69.0733],[-132.8326,68.9211],[-132.5502,68.9201],[-132.5142,68.8053],[-132.9403,68.8633],[-133.451,68.7912],[-133.2094,68.9479],[-133.2027,69.0379],[-132.9079,69.1308],[-132.7712,69.2563],[-132.1143,69.3615],[-131.9836,69.5369],[-131.0858,69.6331],[-130.9412,69.5659],[-130.5712,69.7596],[-129.5998,69.9912],[-129.4065,70.1212],[-129.6535,70.2221],[-129.9317,70.0761],[-130.3245,70.1402],[-130.9429,70.0788],[-131.2567,69.9422],[-131.6201,69.8764],[-132.1389,69.6879],[-132.5484,69.743],[-132.8873,69.6611],[-132.9698,69.517],[-133.1958,69.414],[-133.6319,69.3992],[-133.704,69.3393],[-134.0922,69.3448],[-133.7884,69.4914],[-134.1209,69.5443],[-134.4101,69.6569],[-134.6413,69.4822],[-135.1554,69.4797],[-135.2843,69.4145],[-135.8379,69.3091],[-135.9678,69.2222],[-135.9906,69.0159],[-135.8685,68.9069],[-135.6282,68.8933],[-135.6357,68.7629],[-136.0676,68.8853],[-136.5006,68.9159],[-136.663,68.8758],[-137.1912,68.9479],[-138.0955,69.1401],[-138.3124,69.2295],[-138.6367,69.2837],[-139.1438,69.5137],[-139.918,69.6213],[-140.2227,69.5991],[-141.0056,69.6509],[-141.005,68.4847],[-141.0047,67.7558],[-141.0042,66.8811],[-141.0036,65.5692],[-141.0031,64.5487],[-141.0026,63.3825],[-141.0023,62.6536],[-141.0017,61.3416],[-141.0012,60.3211],[-140.5337,60.2185],[-140.4241,60.2932],[-140.0158,60.1874],[-139.6283,60.3341],[-139.1016,60.3466],[-139.1821,60.0734],[-139.0038,59.9772],[-138.6921,59.8869],[-138.5992,59.7538],[-137.6114,59.2393],[-137.4231,58.9077],[-137.2819,58.9871],[-136.8408,59.1482],[-136.6135,59.1542],[-136.4665,59.2878],[-136.4676,59.4616],[-136.275,59.4864],[-136.2585,59.6216],[-135.9238,59.6667],[-135.4828,59.7925],[-135.0162,59.5434],[-135.0958,59.4189],[-134.9324,59.2706],[-134.7055,59.2401],[-134.398,59.052],[-134.3994,58.975],[-134.2222,58.8427],[-133.8712,58.7359],[-133.4631,58.4622],[-133.3746,58.291],[-133.1656,58.1473],[-132.5524,57.4991],[-132.231,57.1968],[-132.3412,57.0804],[-132.0319,57.0284],[-132.1074,56.8588],[-131.8716,56.7935],[-131.7991,56.5877],[-131.5859,56.595],[-131.1005,56.4077],[-130.8391,56.3725],[-130.6458,56.2619],[-130.4955,56.2324],[-130.404,56.1219],[-130.0715,56.0841],[-130.0196,55.908],[-130.1306,55.7363],[-130.0998,55.5872],[-129.9579,55.2735],[-130.1674,55.0854],[-130.0638,55.0029],[-130.2015,54.7285],[-130.3724,54.6643],[-130.4312,54.5678],[-130.4582,54.3486],[-130.2722,54.3581],[-130.2773,54.2077],[-130.1122,54.1593],[-130.1047,53.9471],[-129.335,53.3969],[-129.242,53.4474],[-129.2283,53.6327],[-128.8616,53.8302],[-128.7889,53.7809],[-128.7755,53.5556],[-128.8806,53.4477],[-128.8755,53.3062],[-128.5467,53.136],[-128.4779,52.8683],[-128.1256,52.7528],[-128.243,52.5588],[-128.0924,52.5133],[-128.0159,52.3467],[-127.8005,52.2563],[-127.4951,52.3588],[-127.4525,52.4118],[-127.225,52.4561],[-127.159,52.3555],[-127.2836,52.2377],[-127.6381,52.0837],[-127.6849,51.95],[-127.8496,51.9201],[-127.8737,51.6734],[-127.6643,51.3981],[-127.7895,51.2334],[-127.777,51.1672],[-127.429,50.9431],[-127.0218,50.8219],[-126.8586,50.9431],[-126.4887,50.8167],[-126.1789,50.8532],[-126.0187,50.666],[-126.2215,50.6426],[-126.2423,50.501],[-125.9546,50.4757],[-125.8363,50.5277],[-125.7033,50.4379],[-125.391,50.4973],[-125.1278,50.437],[-125.0617,50.3276],[-124.7054,50.3223],[-124.6052,50.2329],[-124.7322,49.9543],[-124.4037,49.7673],[-124.171,49.781],[-124.0201,49.7326],[-124.0611,49.6308],[-123.9638,49.5211],[-123.5546,49.39],[-123.4895,49.515],[-123.2486,49.5978],[-123.2469,49.2746],[-123.212,49.13],[-123.0905,48.9925],[-123.0353,48.9925],[-122.9513,49.083],[-122.753,48.9925]]],[[[-67.176,45.1787],[-67.0864,45.0976],[-66.7458,45.0645],[-66.491,45.1556],[-66.4288,45.0837],[-66.1894,45.1778],[-66.1285,45.2791],[-65.9094,45.2103],[-65.545,45.3296],[-65.3151,45.4592],[-64.9945,45.5591],[-64.8828,45.6336],[-64.7563,45.6278],[-64.5854,45.8259],[-64.4195,45.7912],[-64.4291,45.7099],[-64.6488,45.5591],[-64.8331,45.484],[-64.9357,45.3512],[-64.7174,45.3246],[-64.5762,45.4156],[-64.3881,45.3673],[-64.066,45.413],[-63.593,45.3952],[-63.8253,45.2796],[-64.1151,45.2161],[-64.2235,45.1084],[-64.5107,45.2286],[-64.8632,45.1396],[-65.2317,44.9552],[-65.7859,44.6964],[-65.8479,44.5565],[-66.1137,44.3434],[-66.2103,44.1057],[-66.1488,44.0025],[-66.1701,43.8944],[-66.1217,43.7436],[-65.9634,43.7373],[-65.7716,43.6688],[-65.7781,43.5682],[-65.6677,43.5001],[-65.4626,43.5276],[-65.2504,43.6734],[-65.0344,43.7123],[-64.8857,43.8389],[-64.8157,43.9541],[-64.5609,44.08],[-64.3397,44.3326],[-64.3539,44.4561],[-63.943,44.6205],[-63.9294,44.5113],[-63.7159,44.4561],[-63.5233,44.5181],[-63.5876,44.6642],[-63.2813,44.6435],[-63.0243,44.6968],[-62.5515,44.8676],[-61.8824,45.0342],[-61.8097,45.1009],[-61.6396,45.0873],[-61.5679,45.1471],[-61.3891,45.1636],[-61.3318,45.2307],[-61.0712,45.2239],[-60.9712,45.3139],[-61.1369,45.3542],[-61.2673,45.4434],[-61.4705,45.6831],[-61.6198,45.6143],[-61.8942,45.7037],[-61.9243,45.8891],[-62.4704,45.6145],[-62.7386,45.7625],[-63.0705,45.7784],[-63.1898,45.7364],[-63.4476,45.8214],[-63.8059,45.8887],[-63.9049,45.9803],[-63.8131,46.1403],[-64.0226,46.1853],[-64.1513,46.1663],[-64.2533,46.2344],[-64.514,46.2394],[-64.6277,46.3336],[-64.6134,46.4193],[-64.7198,46.5763],[-64.7136,46.6872],[-64.8649,46.7832],[-64.9058,46.8869],[-64.8065,46.9854],[-64.8254,47.0891],[-65.3315,47.1006],[-64.9596,47.2943],[-64.8678,47.4857],[-64.8922,47.5615],[-64.6849,47.7227],[-64.8263,47.8155],[-65.0257,47.8496],[-65.2093,47.8197],[-65.4774,47.6837],[-65.6288,47.6706],[-65.8179,47.9074],[-66.262,48.0058],[-66.2706,48.1165],[-66.0956,48.0972],[-65.953,48.1954],[-65.7838,48.1156],[-65.2856,48.0126],[-64.7794,48.204],[-64.7047,48.3237],[-64.3291,48.4196],[-64.1995,48.5207],[-64.1622,48.6296],[-64.2782,48.7258],[-64.2212,48.8944],[-64.6134,49.123],[-64.9635,49.2193],[-65.5658,49.2665],[-65.8828,49.2247],[-66.2193,49.2079],[-66.6221,49.1226],[-67.4252,48.8736],[-67.5468,48.8624],[-67.962,48.7016],[-68.2056,48.6419],[-68.7261,48.3764],[-68.8061,48.3724],[-69.0544,48.2324],[-69.324,48.0306],[-69.4455,47.9919],[-69.5502,47.8439],[-69.8022,47.6224],[-70.0311,47.4696],[-70.0761,47.369],[-70.1949,47.3153],[-70.3882,47.1159],[-70.5349,47.0106],[-71.1579,46.8408],[-71.3025,46.7452],[-71.7142,46.6322],[-71.8457,46.6683],[-72.0074,46.5714],[-72.1899,46.5262],[-72.2743,46.4206],[-72.496,46.3605],[-72.731,46.1766],[-72.9326,46.1444],[-73.1398,46.0583],[-73.2593,45.8541],[-73.4128,45.7515],[-73.5573,45.4143],[-73.6874,45.4312],[-74.0485,45.2325],[-74.1456,45.234],[-74.3996,45.1448],[-74.4735,45.0671],[-74.713,44.9993],[-73.3992,45.0044],[-72.302,45.0098],[-71.5041,45.0137],[-71.3949,45.2415],[-71.2934,45.2923],[-71.1417,45.2523],[-71.0165,45.3431],[-70.8338,45.3931],[-70.6868,45.5727],[-70.4074,45.7315],[-70.4172,45.7938],[-70.2625,45.923],[-70.3114,46.0719],[-70.1884,46.3584],[-70.0743,46.4195],[-70.0078,46.7041],[-69.2676,47.4398],[-69.0697,47.4319],[-69.0402,47.2491],[-68.9062,47.1902],[-68.5397,47.2999],[-68.197,47.3414],[-67.9624,47.1977],[-67.8052,47.0356],[-67.7897,46.229],[-67.7728,45.8281],[-67.8001,45.6998],[-67.6603,45.6374],[-67.45,45.6108],[-67.4932,45.4931],[-67.4288,45.387],[-67.475,45.2824],[-67.3563,45.1659],[-67.176,45.1787]]],[[[-54.2768,49.5756],[-54.0165,49.6678],[-54.092,49.7505],[-54.3075,49.6718],[-54.2768,49.5756]]],[[[-52.6288,47.5267],[-52.7042,47.756],[-52.7984,47.7882],[-52.8612,47.6084],[-53.1138,47.4306],[-53.2436,47.5926],[-53.0536,47.9326],[-52.8658,48.124],[-53.2765,48.0164],[-53.4987,47.7464],[-53.6051,47.5394],[-53.8468,47.7068],[-53.6216,48.005],[-53.684,48.0804],[-53.9052,48.0851],[-53.9413,48.1767],[-53.6395,48.1693],[-53.1874,48.3553],[-53.0585,48.4359],[-52.9829,48.6042],[-53.1431,48.6365],[-53.2591,48.5266],[-53.4142,48.6238],[-53.5215,48.4622],[-53.7745,48.5508],[-53.7042,48.661],[-53.8779,48.748],[-53.9239,48.9177],[-53.609,49.0437],[-53.4537,49.2422],[-53.6791,49.3668],[-54.0411,49.4809],[-54.4794,49.4005],[-54.5447,49.5291],[-54.7429,49.3198],[-55.2229,49.2646],[-55.1557,49.5493],[-55.5824,49.4724],[-55.6448,49.3903],[-55.9386,49.6097],[-55.7226,49.9312],[-56.1488,50.1557],[-56.317,50.0393],[-56.7253,49.6903],[-56.8021,49.8015],[-56.7388,50.0268],[-56.5234,50.1964],[-56.4278,50.3757],[-55.8731,50.9173],[-55.7433,51.0701],[-55.7191,51.1843],[-56.0184,51.2182],[-55.9669,51.3466],[-55.6174,51.3044],[-55.4919,51.3884],[-55.4085,51.5794],[-55.5141,51.6039],[-55.8431,51.5556],[-55.8928,51.6278],[-56.1062,51.529],[-56.7202,51.3193],[-56.7952,51.1378],[-56.9799,50.9878],[-56.9772,50.8815],[-57.2996,50.6495],[-57.4569,50.4831],[-57.6102,50.1657],[-57.9398,49.7053],[-57.9261,49.5893],[-58.1859,49.4427],[-58.2295,49.2685],[-58.1007,49.1828],[-58.1362,49.0949],[-58.4433,49.0568],[-58.6666,48.7258],[-58.7032,48.5545],[-58.5362,48.4536],[-59.0018,48.1225],[-59.2417,48.0155],[-59.3988,47.8803],[-59.2829,47.7594],[-59.3011,47.6142],[-59.1116,47.5608],[-58.7672,47.596],[-58.5704,47.6427],[-58.0978,47.6952],[-57.8473,47.6524],[-57.3297,47.6328],[-57.1207,47.5676],[-56.9839,47.587],[-56.7775,47.5334],[-56.672,47.6267],[-56.3898,47.6064],[-56.235,47.632],[-55.9685,47.7598],[-55.8631,47.5986],[-56.0455,47.5358],[-55.7742,47.4577],[-55.4378,47.4714],[-55.3759,47.6865],[-55.0722,47.5974],[-54.9479,47.5104],[-55.184,47.4604],[-55.3013,47.2676],[-55.4872,47.1403],[-55.8699,47.0751],[-55.98,46.9704],[-55.8513,46.871],[-55.5892,46.9029],[-55.4178,46.8666],[-55.2509,46.9189],[-55.0951,47.0599],[-54.9892,47.2803],[-54.8661,47.3796],[-54.6029,47.41],[-54.4584,47.4994],[-54.141,47.8358],[-54.0133,47.8072],[-53.8859,47.5275],[-53.9106,47.3727],[-54.1505,47.0053],[-54.1885,46.8284],[-54.0504,46.8081],[-53.8185,46.9626],[-53.5726,47.1621],[-53.5118,47.123],[-53.6434,46.9854],[-53.5987,46.906],[-53.6229,46.6558],[-53.5547,46.6184],[-53.3739,46.7348],[-53.2113,46.6353],[-53.0669,46.6656],[-52.9413,46.7913],[-52.8545,47.0264],[-52.8688,47.1015],[-52.7856,47.3115],[-52.6288,47.5267]]],[[[-127.9187,51.522],[-128.0099,51.7237],[-128.1566,51.6279],[-128.086,51.4869],[-127.9187,51.522]]],[[[-128.1383,51.864],[-128.036,51.8436],[-127.9534,51.9875],[-128.1593,52.0348],[-128.2222,51.9542],[-128.1383,51.864]]],[[[-127.2408,52.4264],[-127.4145,52.3926],[-127.5116,52.3129],[-127.8202,52.1957],[-127.8883,51.9534],[-127.6981,52.0041],[-127.6422,52.1381],[-127.277,52.2894],[-127.2408,52.4264]]],[[[-128.563,52.6114],[-128.7349,52.5151],[-128.4721,52.4883],[-128.563,52.6114]]],[[[-128.9301,52.6144],[-129.257,52.8281],[-129.292,52.7626],[-129.0602,52.5241],[-128.9301,52.6144]]],[[[-131.1127,52.1719],[-131.1426,52.3162],[-131.3322,52.2972],[-131.4144,52.4537],[-131.6608,52.5424],[-131.7296,52.7007],[-131.8336,52.7261],[-131.8524,52.8672],[-131.6189,52.9202],[-131.613,53.0563],[-131.904,53.2407],[-132.0655,53.1613],[-132.3731,53.1327],[-132.5044,53.0404],[-132.3423,52.9425],[-132.1338,52.7547],[-131.8826,52.5762],[-131.6829,52.4897],[-131.38,52.2029],[-131.1127,52.1719]]],[[[-128.8038,52.7007],[-128.7554,52.6039],[-128.6056,52.6112],[-128.5323,52.8466],[-128.5387,53.0197],[-128.6347,53.1632],[-128.905,53.2934],[-129.0781,53.3028],[-129.0906,53.0886],[-129.1898,53.0233],[-129.057,52.741],[-128.8038,52.7007]]],[[[-129.2935,53.1079],[-129.1342,53.1202],[-129.1839,53.3137],[-129.3239,53.2209],[-129.2935,53.1079]]],[[[-128.9136,53.4064],[-129.0217,53.5321],[-129.1482,53.3637],[-128.9136,53.4064]]],[[[-129.7429,53.2353],[-129.974,53.458],[-130.2613,53.5806],[-130.4961,53.6392],[-130.5305,53.5598],[-130.3145,53.3928],[-130.0862,53.3123],[-129.9394,53.1689],[-129.7429,53.2353]]],[[[-129.1662,53.3854],[-129.0939,53.5089],[-128.9805,53.5847],[-128.8843,53.5762],[-128.8422,53.716],[-129.16,53.627],[-129.1662,53.3854]]],[[[-130.4064,53.687],[-130.3319,53.624],[-130.0917,53.5703],[-130.1383,53.7028],[-130.2909,53.7553],[-130.4064,53.687]]],[[[-130.2528,53.8925],[-130.2024,53.7303],[-130.0985,53.7081],[-130.0303,53.5816],[-129.9331,53.6003],[-129.7969,53.3785],[-129.5675,53.2153],[-129.3365,53.3606],[-129.6748,53.5927],[-129.831,53.7354],[-130.1962,53.9166],[-130.2528,53.8925]]],[[[-132.5794,53.2072],[-132.4005,53.1479],[-132.2244,53.2307],[-132.0079,53.2536],[-131.9078,53.3581],[-131.9426,53.5216],[-131.8705,53.7829],[-131.6933,53.9919],[-131.7092,54.1184],[-131.9164,54.0401],[-132.1304,54.0337],[-132.2967,54.1123],[-132.5447,54.0402],[-132.649,54.1413],[-133.0405,54.1645],[-133.0381,54.0439],[-133.1444,53.8969],[-132.8911,53.6197],[-132.9289,53.5225],[-132.5179,53.4127],[-132.7576,53.3171],[-132.5794,53.2072]]],[[[-57.8714,54.8179],[-57.9413,54.9256],[-58.2252,54.853],[-58.1571,54.7639],[-57.8714,54.8179]]],[[[-61.6298,56.8463],[-61.6471,56.7438],[-61.4535,56.626],[-61.3728,56.6921],[-61.3523,56.8599],[-61.4621,56.9555],[-61.6298,56.8463]]],[[[-69.102,59.1313],[-69.3542,59.1406],[-69.2315,58.9807],[-69.102,59.1313]]],[[[-104.4901,68.5159],[-104.6813,68.5786],[-105.0622,68.5495],[-104.6552,68.398],[-104.4901,68.5159]]],[[[-101.694,68.7703],[-101.9796,68.826],[-102.2904,68.6636],[-101.8292,68.5784],[-101.694,68.7703]]],[[[-100.2068,68.8039],[-100.2286,68.9289],[-100.4041,69.0297],[-100.6313,68.9957],[-100.6224,68.7724],[-100.3635,68.7221],[-100.2068,68.8039]]],[[[-96.5549,69.4792],[-96.1512,69.366],[-96.1483,69.5627],[-96.6369,69.5581],[-96.5549,69.4792]]],[[[-95.9445,69.4208],[-95.78,69.4687],[-95.413,69.3863],[-95.3808,69.5233],[-95.6295,69.6198],[-95.9232,69.5915],[-95.9445,69.4208]]],[[[-95.2149,68.8622],[-95.571,68.8351],[-95.8455,68.8906],[-95.952,69.1396],[-96.2198,69.314],[-96.5342,69.4283],[-96.8934,69.4977],[-97.2248,69.6823],[-97.9252,69.8959],[-98.2193,69.7976],[-98.3693,69.5683],[-98.5961,69.5581],[-98.6079,69.4427],[-98.4111,69.3525],[-98.7128,69.2021],[-99.0067,69.1391],[-99.3093,69.1588],[-99.5915,69.0411],[-99.4172,68.8904],[-99.1822,68.8314],[-98.8634,68.8344],[-98.5224,68.7503],[-98.2684,68.7403],[-97.7606,68.6521],[-97.562,68.5643],[-97.1593,68.5181],[-97.0368,68.5538],[-96.5205,68.4476],[-96.2959,68.4801],[-95.8074,68.7294],[-95.439,68.7396],[-95.2149,68.8622]]],[[[-100.8722,69.8078],[-100.9957,70.175],[-101.5823,70.1325],[-101.6928,70.3087],[-101.9528,70.2697],[-102.4093,70.4255],[-103.1252,70.5761],[-103.5377,70.5995],[-104.024,70.7845],[-104.1052,70.8981],[-104.5912,71.0732],[-104.4591,71.2128],[-104.497,71.3258],[-104.2824,71.364],[-104.3803,71.6],[-105.0389,72.114],[-104.9596,72.1784],[-105.2769,72.44],[-105.1959,72.484],[-105.4565,72.703],[-105.3325,72.7511],[-105.8293,73.0513],[-106.234,73.0872],[-106.8234,73.3096],[-107.1724,73.195],[-107.662,73.3284],[-108.0133,73.3549],[-108.0535,73.238],[-108.2983,73.1338],[-108.1566,73.0525],[-108.1425,72.8884],[-107.8754,72.5733],[-107.8933,72.4735],[-107.7178,72.3027],[-107.7792,72.1413],[-107.6183,72.019],[-107.2516,71.9017],[-107.6684,71.7082],[-107.9919,71.6834],[-108.2869,71.7987],[-108.1883,71.9495],[-108.4166,71.9905],[-108.4135,72.1271],[-108.6631,72.361],[-108.6334,72.5656],[-108.8678,72.6059],[-109.1833,72.767],[-109.3762,72.7713],[-110.0764,72.9958],[-110.7037,73.0091],[-110.4835,72.8392],[-110.2303,72.8243],[-110.1707,72.6894],[-109.7877,72.5044],[-110.7291,72.5713],[-111.0863,72.4083],[-111.4071,72.4262],[-111.6647,72.2921],[-111.9043,72.3467],[-111.2893,72.566],[-111.2196,72.7241],[-112.0773,72.898],[-113.015,73.016],[-113.1925,72.9933],[-113.604,72.7775],[-114.3218,72.5918],[-114.3561,72.7463],[-114.0231,72.7978],[-113.962,73.1229],[-114.2651,73.3357],[-114.5843,73.3846],[-115.5704,73.2018],[-117.3693,72.9178],[-117.8673,72.7015],[-118.1898,72.6354],[-118.5934,72.4287],[-118.1249,72.3095],[-118.1278,72.2272],[-118.6782,72.1423],[-119.0543,71.9353],[-119.1376,71.7744],[-119.0509,71.6268],[-118.0763,71.665],[-118.3088,71.4322],[-118.162,71.379],[-117.5513,71.3742],[-116.1849,71.5003],[-115.9039,71.3935],[-116.8063,71.2909],[-117.4749,71.1855],[-117.798,71.1704],[-118.3865,71.0222],[-118.1868,70.8394],[-117.709,70.6951],[-117.5854,70.6064],[-116.9886,70.6025],[-116.2334,70.6397],[-116.0386,70.5792],[-115.5809,70.5801],[-114.1831,70.6678],[-113.9884,70.7162],[-113.5614,70.6431],[-113.2071,70.6479],[-112.9259,70.5654],[-112.144,70.4939],[-111.8088,70.3521],[-111.9374,70.2637],[-112.2609,70.3093],[-112.5863,70.2],[-113.4769,70.2836],[-113.6427,70.2624],[-114.1847,70.3157],[-116.0327,70.2203],[-116.9651,70.1291],[-117.442,69.9894],[-117.2521,69.7641],[-116.6196,69.5717],[-116.6327,69.4618],[-115.9748,69.3002],[-115.189,69.2427],[-114.3973,69.2882],[-113.584,69.2012],[-113.5692,69.057],[-113.6555,68.8005],[-113.3505,68.5915],[-112.749,68.4631],[-112.5833,68.5097],[-111.5312,68.5438],[-111.251,68.5197],[-110.6051,68.6169],[-109.6246,68.6417],[-108.9516,68.7424],[-108.5648,68.876],[-108.5395,68.947],[-107.9412,68.9411],[-107.3348,69.0256],[-106.9264,69.239],[-106.5839,69.5036],[-106.3198,69.4047],[-106.204,69.1499],[-105.8859,69.1765],[-105.4579,69.1011],[-104.9171,69.0479],[-105.2548,68.9511],[-105.123,68.8964],[-104.5936,68.8645],[-104.4468,68.9416],[-103.3832,68.7823],[-102.5231,68.8655],[-102.3861,68.9274],[-101.9645,68.9696],[-101.7684,69.123],[-101.9489,69.2612],[-102.2358,69.2631],[-101.9391,69.4206],[-102.0548,69.4844],[-102.4642,69.4807],[-102.5474,69.4135],[-103.0371,69.3662],[-103.0411,69.5153],[-102.5096,69.5642],[-102.5823,69.7435],[-102.0248,69.8086],[-101.7068,69.6912],[-100.9643,69.6645],[-100.8722,69.8078]]],[[[-72.949,66.7346],[-73.3321,66.6634],[-73.4556,66.5506],[-74.082,66.3002],[-74.3454,66.2258],[-74.4204,66.0834],[-74.0123,65.8551],[-73.7178,65.7746],[-73.496,65.494],[-73.6737,65.4596],[-73.8804,65.5357],[-74.1793,65.5285],[-74.5029,65.3435],[-74.8722,65.3981],[-75.2154,65.2541],[-75.7154,65.3088],[-75.8002,65.2509],[-75.4072,65.0623],[-75.3731,64.8358],[-75.599,64.8706],[-75.4141,64.9804],[-75.4523,65.0786],[-75.7573,65.2138],[-76.6769,65.4111],[-77.0895,65.416],[-77.4357,65.4596],[-77.5141,65.3261],[-77.3128,65.2001],[-77.9636,65.0519],[-78.144,64.9573],[-78.0731,64.8159],[-78.1879,64.753],[-78.1848,64.5867],[-77.7578,64.343],[-77.6623,64.3773],[-77.1332,64.3011],[-76.689,64.1916],[-76.7279,64.2961],[-75.8621,64.3776],[-75.7069,64.5793],[-75.2382,64.4551],[-74.7131,64.382],[-74.5364,64.4317],[-74.6463,64.5347],[-74.5507,64.631],[-74.0839,64.6409],[-74.0026,64.5826],[-74.1144,64.341],[-73.9958,64.3293],[-73.8916,64.5542],[-73.4523,64.5915],[-73.4819,64.4051],[-73.3863,64.2815],[-73.1301,64.2917],[-73.0847,64.199],[-72.8753,64.0942],[-72.5981,63.8671],[-72.3199,63.7807],[-72.3176,63.6789],[-71.9315,63.6869],[-71.8276,63.7796],[-71.5656,63.6908],[-71.5832,63.5925],[-71.2772,63.5661],[-71.6862,63.4244],[-71.7665,63.2841],[-71.6885,63.1738],[-71.3726,63.0485],[-71.0289,63.0786],[-70.8297,62.8968],[-70.4932,62.8666],[-70.2403,62.7541],[-69.6269,62.791],[-69.5868,62.6577],[-69.4451,62.5535],[-69.0272,62.3798],[-68.5537,62.2497],[-67.9809,62.2119],[-67.6741,62.1575],[-67.4006,62.1498],[-66.7735,62.0172],[-66.5552,61.9074],[-66.2745,61.8581],[-65.9504,61.8969],[-66.1285,62.0886],[-65.93,62.1978],[-66.302,62.3511],[-66.5515,62.5607],[-66.982,62.7031],[-67.198,62.8769],[-67.7987,63.0889],[-68.1469,63.1606],[-68.4034,63.3759],[-68.7603,63.5548],[-68.9282,63.7607],[-68.4962,63.7403],[-68.4003,63.664],[-68.1204,63.6024],[-67.8689,63.4637],[-67.6897,63.6329],[-67.5007,63.4428],[-67.2398,63.3214],[-67.0124,63.2878],[-66.6979,63.0385],[-66.5192,63.0773],[-66.1907,62.9514],[-66.0535,62.9998],[-65.6659,62.9123],[-65.6038,62.8251],[-65.2724,62.7878],[-65.3502,62.7071],[-65.1696,62.5684],[-64.9625,62.6627],[-65.2037,62.8956],[-64.8871,62.8694],[-64.765,63.0551],[-65.0993,63.5495],[-64.9317,63.5714],[-64.7717,63.3288],[-64.4844,63.2878],[-64.5594,63.5622],[-64.5048,63.6441],[-64.6761,63.7403],[-64.9295,63.7777],[-64.8953,63.8974],[-64.663,64.0278],[-65.0767,64.0834],[-65.3074,64.1934],[-65.081,64.4792],[-65.7261,64.5152],[-65.5865,64.6491],[-65.5828,64.7568],[-65.824,64.8828],[-66.0126,64.7545],[-66.2086,64.897],[-66.6494,64.9699],[-66.9675,65.0866],[-66.9359,65.216],[-67.1688,65.2685],[-67.0603,65.4534],[-67.4331,65.5036],[-67.2731,65.6452],[-67.4549,65.6789],[-67.927,65.6201],[-67.9249,65.7568],[-68.0955,65.796],[-68.1368,65.9266],[-67.81,65.8784],[-67.1701,65.9326],[-67.2936,66.1113],[-67.7529,66.2547],[-67.8524,66.4134],[-67.5748,66.4192],[-67.3032,66.2807],[-66.9613,66.5408],[-66.7307,66.3736],[-66.4718,66.3441],[-66.1478,66.1407],[-65.9591,66.1147],[-65.8994,65.9537],[-65.3931,65.9822],[-64.9636,66.0759],[-64.9097,66.0053],[-65.3533,65.9141],[-65.5031,65.7668],[-65.2935,65.5605],[-65.1147,65.5043],[-65.0725,65.3883],[-64.9021,65.282],[-64.1785,65.1767],[-63.8851,65.0861],[-63.6551,64.9184],[-63.4052,65.0328],[-63.4975,65.3708],[-63.3666,65.5383],[-63.1601,65.6492],[-62.5942,65.664],[-62.5103,65.7933],[-62.3064,65.8289],[-62.4289,65.9787],[-61.9542,66.0198],[-62.5385,66.2274],[-62.2196,66.3972],[-61.9346,66.2895],[-61.4923,66.3674],[-61.5763,66.5505],[-61.2705,66.6048],[-61.3011,66.6777],[-61.6056,66.8716],[-62.0041,67.0368],[-62.284,66.9461],[-62.905,66.973],[-63.3491,66.8907],[-63.2504,67.1323],[-62.9769,67.2219],[-63.1636,67.3376],[-63.4121,67.2177],[-63.8885,67.2416],[-63.9416,67.361],[-64.2278,67.6142],[-64.2897,67.7294],[-64.607,67.8318],[-64.8161,67.7829],[-65.0456,67.8518],[-64.7196,67.9852],[-64.9648,68.0524],[-65.1815,67.9672],[-65.7586,67.9684],[-65.8089,67.8653],[-66.2141,68.0051],[-66.3135,68.1291],[-66.766,68.2421],[-67.064,68.4749],[-67.6641,68.5647],[-67.9312,68.5282],[-68.3605,68.63],[-68.5472,68.7531],[-68.4006,68.8454],[-68.1332,68.8372],[-68.043,68.9722],[-67.7355,69.0401],[-68.116,69.1328],[-68.0825,69.2197],[-67.678,69.1772],[-66.6688,69.1846],[-66.788,69.34],[-67.2276,69.4643],[-68.0051,69.462],[-68.5875,69.591],[-68.3492,69.6331],[-68.0131,69.7761],[-67.7472,69.7826],[-67.3469,69.7166],[-67.1155,69.7287],[-67.2495,69.9634],[-67.8085,70.2637],[-68.157,70.3183],[-68.3231,70.2234],[-68.3369,70.0688],[-68.5474,70.0576],[-68.6633,69.9419],[-68.9282,69.9553],[-68.6436,70.147],[-68.7065,70.2094],[-69.2089,70.1929],[-69.4702,70.2481],[-68.72,70.3223],[-68.4586,70.373],[-68.2978,70.4969],[-68.3623,70.5843],[-69.0978,70.7231],[-69.203,70.7794],[-69.5903,70.7734],[-69.915,70.8799],[-70.6174,70.7299],[-70.713,70.8397],[-70.5164,70.9371],[-70.7872,71.1146],[-71.1509,71.0377],[-71.3228,70.8872],[-71.9531,70.7913],[-72.3373,70.7578],[-72.1642,70.8304],[-72.3563,70.8787],[-72.0451,71.0848],[-71.445,71.0735],[-71.1171,71.2705],[-71.5819,71.5151],[-72.4726,71.6473],[-72.639,71.5455],[-72.831,71.499],[-72.7551,71.4356],[-72.9946,71.4077],[-72.97,71.2873],[-73.2539,71.33],[-73.6879,71.5932],[-73.5964,71.7639],[-73.9059,71.7756],[-74.6346,71.6551],[-74.7424,71.7336],[-74.2627,71.8198],[-74.118,71.9672],[-74.2368,72.0761],[-75.0632,72.1282],[-74.9417,72.2574],[-75.1984,72.4976],[-75.7351,72.5826],[-76.652,72.6387],[-76.8891,72.7435],[-77.601,72.7558],[-77.9771,72.6984],[-78.5351,72.5146],[-78.5696,72.3557],[-78.9433,72.1959],[-79.2834,72.3944],[-79.546,72.2921],[-79.753,72.4014],[-80.049,72.3979],[-80.4829,72.1807],[-80.3967,72.0501],[-80.7594,71.9836],[-80.8316,72.2607],[-80.5124,72.3815],[-80.5585,72.6276],[-80.2689,72.7252],[-80.6403,72.9279],[-80.5499,73.0948],[-80.6428,73.1698],[-81.1335,73.2471],[-81.2291,73.5397],[-81.5284,73.7162],[-82.8311,73.7367],[-84.0075,73.505],[-84.8367,73.3891],[-85.193,73.2313],[-85.0304,73.1365],[-85.4636,73.1119],[-85.6523,72.8712],[-85.7025,72.6347],[-85.3443,72.4129],[-84.7822,72.3621],[-85.0358,72.2547],[-85.5009,72.2144],[-85.5718,72.0578],[-85.7473,71.9486],[-85.4378,71.8148],[-85.2579,71.6684],[-84.8916,71.633],[-84.7132,71.682],[-84.5283,71.4731],[-84.7005,71.4328],[-84.8568,71.1597],[-85.5432,71.1806],[-85.2025,71.2658],[-84.8581,71.2761],[-84.9597,71.4288],[-85.4969,71.5144],[-86.1276,71.7943],[-86.4082,72.0058],[-86.4604,72.2034],[-86.2534,72.3946],[-86.3261,72.5036],[-86.6802,72.6462],[-86.6986,72.8161],[-86.2829,73.0872],[-86.0303,73.3024],[-85.5772,73.5124],[-84.952,73.6677],[-85.1057,73.812],[-86.0186,73.8549],[-86.7142,73.8474],[-87.7645,73.7167],[-88.4138,73.5255],[-89.0512,73.2517],[-89.3119,73.0463],[-89.3209,72.8823],[-89.7532,72.6108],[-89.963,72.2574],[-89.7617,72.1256],[-89.9925,72.0716],[-90.1047,71.9163],[-89.7979,71.7646],[-89.9766,71.6579],[-89.963,71.4151],[-89.8134,71.329],[-88.6158,71.237],[-88.067,71.2128],[-87.2283,71.0111],[-87.3586,70.9496],[-87.893,70.9353],[-88.3249,70.9584],[-88.6424,71.0546],[-89.1263,71.0316],[-89.4491,70.908],[-89.076,70.6999],[-88.9072,70.5449],[-88.6941,70.465],[-88.1413,70.3959],[-87.8525,70.238],[-87.425,70.3153],[-87.0314,70.4685],[-86.8582,70.3251],[-86.6392,70.3251],[-86.2697,70.1135],[-85.7829,69.9952],[-84.952,70.0666],[-84.6948,70.0066],[-83.6728,69.9464],[-83.0516,70.0105],[-82.4415,69.8441],[-82.1258,69.8181],[-81.8575,69.8649],[-81.8762,69.9709],[-81.6,69.9774],[-80.9512,69.7362],[-80.7799,69.756],[-81.1932,70.0008],[-81.0715,70.0993],[-79.8352,69.9534],[-79.6809,69.8486],[-78.8881,69.8938],[-78.6651,70.0138],[-78.7669,70.1914],[-79.128,70.3092],[-79.5651,70.3902],[-79.1562,70.4971],[-78.7447,70.4561],[-78.3891,70.2164],[-77.8916,70.2637],[-77.6826,70.1837],[-77.6827,69.8249],[-77.4909,69.8627],[-76.8733,69.8187],[-76.8735,69.6872],[-77.0384,69.6058],[-76.6296,69.546],[-76.3913,69.4053],[-76.2172,69.4174],[-75.6874,69.2871],[-75.5717,69.157],[-75.9899,69.0109],[-76.4225,69.0599],[-76.6381,69.0159],[-76.5338,68.8814],[-76.6732,68.7658],[-76.3256,68.6985],[-75.4967,68.9342],[-74.8789,68.8255],[-74.3725,68.5438],[-73.8852,68.5549],[-74.0982,68.694],[-73.8883,68.714],[-73.7215,68.6158],[-73.9474,68.4135],[-73.728,68.3137],[-73.2003,68.2753],[-72.9884,68.1733],[-72.8574,67.8605],[-72.6189,67.7955],[-72.6728,67.7026],[-72.4361,67.5315],[-72.3698,67.3308],[-72.1933,67.2757],[-72.3509,67.1195],[-72.8035,67.043],[-73.0055,66.7792],[-72.949,66.7346]]],[[[-115.3236,73.5087],[-115.6464,73.6765],[-115.923,73.73],[-116.867,74.0876],[-117.4165,74.2325],[-118.066,74.2807],[-118.7254,74.2208],[-119.6622,74.225],[-120.1566,74.279],[-120.9347,74.4236],[-121.1324,74.51],[-121.5808,74.5559],[-122.6232,74.4631],[-123.3035,74.4494],[-124.7557,74.3486],[-124.5456,74.2651],[-124.4658,74.0742],[-124.1453,73.8511],[-123.7738,73.7656],[-124.0561,73.6619],[-124.0679,73.5397],[-124.4453,73.4193],[-124.6719,73.1828],[-124.8599,73.0903],[-124.4904,72.9251],[-125.0384,72.8325],[-124.9455,72.703],[-125.0607,72.5656],[-125.2992,72.4891],[-125.7521,72.1477],[-125.7904,71.9492],[-125.2323,71.9413],[-124.6617,71.8046],[-124.0646,71.7004],[-123.6235,71.4622],[-123.4357,71.2486],[-123.0999,71.0846],[-122.7978,71.0878],[-122.6295,71.175],[-122.1561,71.2612],[-121.7006,71.4681],[-121.4232,71.3803],[-120.6352,71.4914],[-120.3834,71.7015],[-120.434,71.9643],[-120.1977,72.085],[-120.1967,72.217],[-119.7728,72.2296],[-119.3402,72.3467],[-119.1639,72.6298],[-118.0421,72.8859],[-117.3902,73.0555],[-117.2155,73.0661],[-116.4591,73.2612],[-115.7538,73.3575],[-115.3236,73.5087]]],[[[-126.6587,49.7878],[-126.7685,49.8834],[-126.9696,49.8335],[-126.9125,49.6916],[-126.6794,49.5918],[-126.6177,49.6308],[-126.6587,49.7878]]],[[[-126.6177,50.6723],[-126.2881,50.6546],[-126.1859,50.7416],[-126.3979,50.8083],[-126.6177,50.6723]]],[[[-123.3212,48.4958],[-123.39,48.6204],[-123.5409,48.6365],[-123.5938,48.837],[-123.7799,48.9859],[-123.8134,49.1186],[-123.9549,49.2292],[-124.1592,49.3105],[-124.5451,49.3772],[-124.7947,49.4726],[-124.9095,49.6213],[-124.8821,49.7249],[-125.1783,49.925],[-125.3501,50.1249],[-125.4362,50.3136],[-125.5892,50.3707],[-125.7403,50.3564],[-126.1173,50.4554],[-126.4598,50.4748],[-127.1986,50.6213],[-127.5052,50.7733],[-127.8825,50.8669],[-128.077,50.8703],[-128.4068,50.7805],[-128.3198,50.6098],[-128.0602,50.4526],[-127.5937,50.5587],[-127.5912,50.4857],[-127.9155,50.4663],[-127.7753,50.2329],[-127.8968,50.143],[-127.7847,50.085],[-127.4879,50.1304],[-127.1419,49.8666],[-126.6497,49.898],[-126.6052,49.7321],[-126.4525,49.6363],[-126.5626,49.5874],[-126.5727,49.4143],[-126.0765,49.3837],[-125.956,49.2329],[-125.8369,49.2731],[-125.6986,49.1811],[-125.7358,49.053],[-125.4894,48.9186],[-125.3663,48.9874],[-124.9676,48.9879],[-125.007,48.9002],[-125.1852,48.801],[-125.094,48.73],[-124.6654,48.5732],[-124.3891,48.518],[-123.8908,48.3669],[-123.5546,48.3279],[-123.3212,48.4958]]],[[[-64.4774,60.3339],[-64.6413,60.4923],[-64.7503,60.3738],[-64.4774,60.3339]]],[[[-67.8808,60.4968],[-67.9991,60.5859],[-68.2413,60.5856],[-68.439,60.2593],[-68.321,60.1971],[-67.9601,60.3326],[-67.8808,60.4968]]],[[[-64.8406,61.3515],[-64.6966,61.458],[-64.717,61.6635],[-65.0466,61.6977],[-65.4292,61.6623],[-65.4858,61.5993],[-64.9772,61.3791],[-64.8406,61.3515]]],[[[-65.2412,61.9204],[-65.1473,61.7839],[-64.8279,61.7612],[-64.9604,61.8842],[-65.2412,61.9204]]],[[[-79.2825,62.2699],[-79.5586,62.4204],[-79.8308,62.4108],[-80.215,62.1377],[-80.2856,61.9304],[-80.1804,61.7743],[-79.7502,61.5859],[-79.5485,61.7595],[-79.2695,62.1452],[-79.2825,62.2699]]],[[[-64.3806,62.5275],[-64.8417,62.5561],[-64.923,62.4195],[-64.5941,62.3698],[-64.3806,62.5275]]],[[[-70.2406,62.6156],[-70.4925,62.767],[-70.7886,62.8415],[-70.9596,62.8032],[-70.6822,62.5473],[-70.362,62.5269],[-70.2406,62.6156]]],[[[-82.1913,62.9862],[-82.4205,62.928],[-82.7394,62.9384],[-83.1189,62.8472],[-83.2965,62.9309],[-83.5198,62.8264],[-83.5528,62.6997],[-83.7132,62.5684],[-83.907,62.4914],[-83.91,62.3952],[-83.7515,62.31],[-83.673,62.1451],[-83.2806,62.2525],[-83.1346,62.1766],[-82.7467,62.3105],[-82.4247,62.4722],[-82.296,62.5852],[-81.9569,62.6977],[-81.8624,62.9248],[-82.1913,62.9862]]],[[[-77.538,63.2878],[-77.7033,63.4382],[-78.1864,63.4932],[-78.5443,63.4492],[-78.5317,63.3902],[-77.9408,63.0871],[-77.6448,63.1432],[-77.538,63.2878]]],[[[-64.0864,63.335],[-64.2242,63.3948],[-64.3549,63.6689],[-64.4979,63.6168],[-64.2589,63.3272],[-64.0864,63.335]]],[[[-76.6889,63.4858],[-76.7093,63.5678],[-77.1203,63.685],[-77.397,63.6934],[-77.4183,63.5906],[-76.9821,63.4073],[-76.702,63.3697],[-76.6889,63.4858]]],[[[-80.1833,63.7676],[-80.8888,64.1226],[-81.0585,64.0265],[-81.4565,64.0378],[-81.9713,63.9938],[-81.9101,64.0687],[-81.6272,64.1236],[-81.7135,64.2542],[-81.7713,64.512],[-82.1225,64.692],[-82.366,64.768],[-82.7145,64.781],[-82.8838,64.8797],[-83.2084,64.9477],[-83.3977,65.1366],[-84.0985,65.2095],[-84.1523,65.3322],[-84.5774,65.4894],[-84.848,65.2135],[-85.0767,65.4564],[-85.3165,65.5415],[-85.0524,65.6142],[-85.201,65.8093],[-85.4883,65.7966],[-85.6098,65.9105],[-85.9389,65.7632],[-86.0284,65.665],[-86.1739,65.2865],[-86.1593,64.9394],[-86.3529,64.6508],[-86.4058,64.4385],[-86.3648,64.3088],[-86.1929,64.1034],[-86.8959,63.9302],[-87.2238,63.6601],[-87.0644,63.5548],[-86.8682,63.5618],[-86.6612,63.6577],[-86.2854,63.6461],[-85.7936,63.7134],[-85.617,63.6749],[-85.6352,63.2431],[-85.5098,63.1292],[-85.2739,63.1234],[-84.9544,63.1938],[-84.5902,63.3151],[-84.4053,63.5548],[-84.2843,63.6268],[-84.0639,63.6207],[-83.7839,63.7685],[-83.6338,63.771],[-83.6046,63.9304],[-83.6853,64.0141],[-83.5394,64.1107],[-83.0137,64.1916],[-82.9796,64.1171],[-83.1383,64.0067],[-82.5339,63.973],[-82.3558,63.853],[-82.5177,63.7966],[-82.4818,63.6852],[-82.0746,63.6918],[-81.636,63.5752],[-81.0189,63.4503],[-80.5977,63.6369],[-80.4664,63.7273],[-80.1833,63.7676]]],[[[-85.0011,66.0076],[-85.1861,65.9468],[-85.1127,65.7621],[-84.7132,65.5552],[-84.5741,65.6356],[-84.715,65.8353],[-85.0011,66.0076]]],[[[-84.4735,66.0902],[-84.1246,65.9067],[-84.1427,65.7668],[-83.8697,65.7829],[-83.802,65.6862],[-83.4727,65.7277],[-83.802,65.8227],[-83.6927,65.9257],[-84.0688,66.0629],[-84.4735,66.0902]]],[[[-73.3583,67.8381],[-73.4129,67.9684],[-74.277,68.0776],[-74.756,68.0634],[-74.6402,67.8567],[-74.4023,67.7789],[-73.4095,67.776],[-73.3583,67.8381]]],[[[-86.5771,68.2906],[-86.7477,68.287],[-86.9857,68.0675],[-86.8366,67.7918],[-86.5975,67.7282],[-86.4127,67.8449],[-86.4078,68.2077],[-86.5771,68.2906]]],[[[-75.0335,68.1733],[-75.1376,68.2363],[-75.9112,68.3445],[-76.2991,68.3348],[-76.6889,68.2626],[-77.2122,67.8704],[-77.3227,67.708],[-77.178,67.4255],[-76.9816,67.2433],[-76.6337,67.228],[-76.2433,67.2695],[-75.8893,67.258],[-75.3905,67.3577],[-75.0651,67.5524],[-75.0441,67.817],[-75.1614,67.9531],[-75.0335,68.1733]]],[[[-74.838,68.4202],[-74.7738,68.4855],[-74.9894,68.6688],[-75.2604,68.7206],[-75.3921,68.626],[-75.379,68.4988],[-74.8841,68.344],[-74.838,68.4202]]],[[[-79.0798,68.879],[-78.83,68.9174],[-78.5516,69.1024],[-78.4567,69.2291],[-78.214,69.3029],[-78.3127,69.3871],[-78.7309,69.3253],[-78.8633,69.1484],[-79.2042,69.0849],[-79.423,68.9274],[-79.0798,68.879]]],[[[-76.6923,69.4109],[-77.1134,69.4481],[-77.3605,69.3898],[-77.3872,69.2665],[-77.265,69.1467],[-76.9915,69.1451],[-76.6752,69.311],[-76.6923,69.4109]]],[[[-67.9099,69.5338],[-67.7311,69.6588],[-67.8915,69.7121],[-68.219,69.6058],[-67.9099,69.5338]]],[[[-78.3945,69.6467],[-78.6897,69.5611],[-78.5172,69.4848],[-77.942,69.6467],[-78.1413,69.7498],[-78.3945,69.6467]]],[[[-79.9711,69.6331],[-79.6129,69.6198],[-79.3481,69.6945],[-79.6724,69.8204],[-79.9741,69.7306],[-80.5006,69.7874],[-80.8035,69.7047],[-80.2104,69.6187],[-79.9711,69.6331]]],[[[-87.0842,69.9894],[-86.5035,69.9859],[-86.803,70.0924],[-87.3158,70.1181],[-87.0842,69.9894]]],[[[-71.508,71.0173],[-72.0116,71.0522],[-72.0461,70.9459],[-72.228,70.9217],[-72.1182,70.8254],[-71.4387,70.9099],[-71.508,71.0173]]],[[[-72.9536,71.5175],[-73.3524,71.5336],[-73.2668,71.3644],[-72.817,71.4486],[-72.9536,71.5175]]],[[[-97.072,73.1381],[-97.1003,72.992],[-96.6551,72.9636],[-96.5683,73.0525],[-96.8092,73.1921],[-97.072,73.1381]]],[[[-104.6809,73.6298],[-105.1671,73.7567],[-106.5996,73.7106],[-107.0393,73.4844],[-106.5088,73.4141],[-106.1207,73.2927],[-105.9494,73.1623],[-105.4857,72.9558],[-105.2025,72.9445],[-104.7366,73.1896],[-104.5727,73.3322],[-104.5008,73.5672],[-104.6809,73.6298]]],[[[-80.9034,73.6074],[-80.795,73.2853],[-80.1638,73.2334],[-80.1761,73.0456],[-79.9486,72.8475],[-79.5684,72.7598],[-79.1754,72.7546],[-78.6417,72.8525],[-78.1709,72.8986],[-76.319,72.8167],[-76.2716,73.1021],[-76.5215,73.1292],[-76.7572,73.3206],[-77.0399,73.3588],[-77.2135,73.5108],[-78.1385,73.6689],[-79.4503,73.6353],[-80.5602,73.7725],[-80.9034,73.6074]]],[[[-96.3213,72.4669],[-96.4523,72.6422],[-96.932,72.6757],[-97.2911,72.875],[-97.256,72.9621],[-97.6607,73.0367],[-98.3486,73.0436],[-97.8283,73.2783],[-97.2951,73.3664],[-97.1648,73.4497],[-97.6683,73.4863],[-96.9947,73.6259],[-96.9564,73.7373],[-97.2604,73.8612],[-97.5705,73.8937],[-98.0965,73.8183],[-99.2184,73.7394],[-100.0013,73.95],[-100.303,73.8612],[-100.8858,73.8321],[-101.095,73.7425],[-100.8747,73.6186],[-101.2298,73.6061],[-101.5616,73.4686],[-101.289,73.3601],[-100.4674,73.2033],[-100.1112,73.0327],[-100.0644,72.901],[-100.3048,72.875],[-100.4312,72.7404],[-100.8746,72.6962],[-101.2962,72.7186],[-101.7628,73.019],[-102.1143,73.0888],[-102.4848,73.0412],[-102.756,72.8123],[-102.6142,72.6613],[-101.9665,72.4971],[-101.8401,72.3265],[-101.4032,72.2793],[-101.2008,72.3297],[-100.9267,72.2034],[-100.6365,72.1865],[-100.0355,71.8676],[-99.8644,71.8594],[-99.4123,71.5455],[-99.2351,71.3496],[-98.9463,71.3739],[-98.5415,71.2922],[-98.2152,71.4094],[-97.9698,71.6615],[-97.4612,71.6174],[-97.0829,71.7031],[-96.9616,71.8068],[-96.5597,71.8398],[-96.4848,72.1285],[-96.7185,72.2995],[-96.3213,72.4669]]],[[[-99.2474,73.855],[-98.8262,73.8321],[-98.1434,73.8784],[-97.8085,73.9779],[-97.7252,74.1216],[-98.7525,74.0336],[-99.3897,73.9237],[-99.2474,73.855]]],[[[-90.291,73.9233],[-90.9939,74.0059],[-91.8145,74.0288],[-92.1138,73.9843],[-92.8,74.1318],[-93.2726,74.178],[-93.7659,74.1356],[-94.3739,74.1323],[-95.2486,74.0099],[-95.3176,73.892],[-94.8402,73.6916],[-95.0214,73.6706],[-95.4464,73.7741],[-95.7254,73.6415],[-95.6129,73.5964],[-95.582,73.1623],[-95.7192,73.0115],[-95.5927,72.6994],[-95.3139,72.6075],[-95.1357,72.4634],[-95.2118,72.1967],[-95.0886,72.1003],[-95.1453,71.9659],[-94.0878,72.0635],[-93.811,72.3163],[-93.4642,72.4634],[-93.7932,72.6931],[-93.4032,72.7943],[-92.3849,72.7099],[-91.8577,72.848],[-91.1758,73.3542],[-90.5107,73.6979],[-90.291,73.9233]]],[[[-103.6384,75.1995],[-103.8205,75.3667],[-104.4032,75.4326],[-104.6769,75.346],[-104.9065,75.1241],[-104.2295,75.0189],[-103.8673,75.0644],[-103.6384,75.1995]]],[[[-93.4369,74.9443],[-93.4994,75.268],[-94.3939,75.6042],[-94.8995,75.6447],[-95.7915,75.501],[-96.1711,75.287],[-96.4693,75.1944],[-96.6046,75.0648],[-96.4038,74.9369],[-95.8976,74.8259],[-95.3054,74.8055],[-95.0886,74.6905],[-94.7242,74.6318],[-93.6077,74.6542],[-93.4574,74.7178],[-93.4369,74.9443]]],[[[-96.5751,75.4377],[-95.9104,75.5607],[-96.4169,75.5948],[-97.0549,75.4992],[-96.5751,75.4377]]],[[[-102.8733,75.7661],[-102.5045,75.7991],[-102.2147,75.9927],[-103.0449,75.9062],[-103.3275,75.7509],[-102.8733,75.7661]]],[[[-94.4853,75.9784],[-94.8524,75.9532],[-94.8234,75.8105],[-94.3165,75.7643],[-94.4853,75.9784]]],[[[-102.5716,75.9927],[-102.4438,76.0899],[-103.7255,75.9783],[-103.6916,75.889],[-102.5716,75.9927]]],[[[-117.7847,75.8965],[-117.4625,76.0883],[-117.6597,76.1259],[-118.1408,75.9882],[-118.6212,75.9221],[-119.409,75.6016],[-118.6139,75.5037],[-117.9325,75.7398],[-117.7847,75.8965]]],[[[-78.8954,76.123],[-79.7176,75.8825],[-79.2792,75.8765],[-78.8607,76.0473],[-78.8954,76.123]]],[[[-103.8114,76.0336],[-102.8376,76.0806],[-102.5306,76.1572],[-102.7266,76.3156],[-104.312,76.2124],[-104.3677,76.0764],[-103.8114,76.0336]]],[[[-104.398,76.4687],[-104.3777,76.3249],[-103.3363,76.3317],[-103.0226,76.4156],[-103.883,76.5779],[-104.0246,76.6705],[-104.652,76.602],[-104.398,76.4687]]],[[[-97.4249,75.5197],[-97.4249,75.6985],[-97.8973,75.7371],[-97.5702,75.8652],[-97.6514,75.9517],[-97.5004,76.1573],[-97.7886,76.3223],[-97.6651,76.4862],[-98.508,76.6369],[-98.9047,76.6244],[-99.2573,76.4689],[-99.59,76.6286],[-100.2696,76.6496],[-100.963,76.4803],[-100.6753,76.381],[-100.3214,76.389],[-99.9966,76.2988],[-100.4787,76.2338],[-101.1277,76.2603],[-101.0862,76.342],[-101.4134,76.4377],[-102.0351,76.4128],[-102.1028,76.2208],[-101.7423,76.1845],[-101.9088,76.0872],[-101.5895,75.9245],[-102.2623,75.8698],[-102.6877,75.678],[-102.7761,75.545],[-102.0638,75.5477],[-101.4494,75.6077],[-100.2233,75.6667],[-99.7037,75.5952],[-100.2825,75.5272],[-100.6758,75.3365],[-100.2523,75.263],[-100.3985,75.1634],[-100.3302,75.0141],[-99.6454,74.976],[-98.7502,74.9884],[-98.035,75.0263],[-97.6849,75.1702],[-98.1167,75.298],[-97.9237,75.5196],[-97.4249,75.5197]]],[[[-101.1597,76.5817],[-100.3335,76.7145],[-100.9725,76.7355],[-101.1597,76.5817]]],[[[-89.675,76.7326],[-89.9822,76.8424],[-90.5295,76.7922],[-90.568,76.7156],[-90.0648,76.4862],[-89.675,76.7326]]],[[[-105.3951,75.6743],[-105.5118,75.8906],[-105.7599,75.9902],[-106.6068,76.0616],[-107.0461,75.889],[-107.6483,75.9728],[-107.8576,76.0659],[-108.4576,76.1025],[-108.0809,76.2869],[-108.6159,76.4235],[-108.6872,76.6022],[-108.4508,76.7326],[-108.7481,76.8587],[-109.1844,76.8219],[-109.5543,76.6301],[-110.3972,76.3967],[-110.3836,76.3005],[-109.5422,76.1894],[-109.4333,76.0036],[-110.0546,75.8965],[-109.6915,75.8071],[-109.102,75.7501],[-108.835,75.6227],[-108.8964,75.4924],[-110.5136,75.5733],[-111.2743,75.5272],[-111.3614,75.7152],[-111.8555,75.9535],[-112.3646,76.0336],[-112.4325,76.1708],[-112.9942,76.2733],[-113.963,76.1906],[-114.2059,76.471],[-114.4508,76.5009],[-115.5123,76.4562],[-115.8749,76.3636],[-115.8411,76.185],[-116.5262,76.1601],[-116.7059,76.0578],[-116.7081,75.8996],[-116.2025,75.8681],[-114.8577,75.9108],[-114.875,75.8674],[-116.8854,75.789],[-117.1983,75.5755],[-115.5897,75.588],[-116.0419,75.4848],[-117.2022,75.4808],[-117.6749,75.2932],[-117.5101,75.2011],[-116.7672,75.1222],[-116.5455,75.1852],[-116.1664,75.0402],[-115.7154,74.9704],[-115.4058,75.1029],[-114.9585,74.9705],[-114.4408,75.0679],[-114.0465,75.3664],[-113.7843,75.3397],[-113.9395,75.1833],[-113.8866,75.0582],[-111.0279,75.1772],[-111.5555,75.0126],[-112.7978,74.9851],[-113.4956,74.8392],[-114.2344,74.7587],[-114.4398,74.6837],[-114.1735,74.567],[-113.693,74.4445],[-113.0238,74.3959],[-112.4374,74.4135],[-111.6575,74.5012],[-111.001,74.6164],[-110.344,74.7966],[-109.8839,74.8706],[-109.5819,74.8581],[-108.8242,75.0715],[-108.4166,74.9171],[-107.6863,74.9822],[-107.0052,74.9238],[-106.7602,75.003],[-106.0089,75.0566],[-105.8958,75.2591],[-105.6614,75.3552],[-105.6893,75.5272],[-105.3951,75.6743]]],[[[-114.837,76.7598],[-113.8306,76.7255],[-113.4535,76.7735],[-113.8461,76.8989],[-114.4346,76.8824],[-114.837,76.7598]]],[[[-79.5602,74.9915],[-79.7799,75.0325],[-80.197,74.958],[-80.4434,75.0399],[-79.6285,75.1802],[-79.501,75.3919],[-80.0786,75.5861],[-80.5034,75.6616],[-81.2863,75.6637],[-81.1131,75.7791],[-82.331,75.8436],[-83.089,75.7403],[-83.9181,75.8145],[-84.2896,75.7133],[-85.0449,75.6558],[-85.2991,75.5749],[-86.0104,75.5359],[-86.1964,75.4154],[-86.7778,75.476],[-87.1115,75.5948],[-87.7508,75.5809],[-88.2454,75.4784],[-88.5799,75.6585],[-89.2572,75.6358],[-89.1977,75.7963],[-89.688,75.9033],[-90.1882,76.0678],[-91.2436,76.164],[-89.3801,76.1845],[-89.2976,76.3005],[-90.4478,76.4113],[-90.5717,76.564],[-91.4411,76.6937],[-92.693,76.596],[-92.9503,76.6301],[-93.7009,76.921],[-94.1136,76.8878],[-94.508,76.9712],[-95.1916,77.0041],[-95.7707,77.0767],[-96.8511,76.9296],[-96.3144,76.8083],[-96.4996,76.6957],[-96.1422,76.5835],[-95.8233,76.3991],[-95.0313,76.3342],[-94.8481,76.2692],[-93.5911,76.2997],[-93.1283,76.3702],[-92.6467,76.1199],[-92.6298,76.0203],[-92.1846,75.8949],[-92.0044,75.6016],[-92.3,75.5125],[-92.504,75.218],[-92.0611,74.9628],[-92.0185,74.7775],[-91.6208,74.7116],[-90.8941,74.7609],[-90.7013,74.6461],[-89.9486,74.5328],[-89.1474,74.6079],[-89.0837,74.7197],[-88.4118,74.759],[-88.5178,74.5012],[-87.6436,74.4583],[-85.3328,74.496],[-84.6764,74.5237],[-84.2583,74.5065],[-83.4935,74.5778],[-83.3319,74.7819],[-82.92,74.5515],[-81.7887,74.4584],[-81.3202,74.5618],[-80.5419,74.5635],[-80.1617,74.6238],[-80.2454,74.7587],[-79.3952,74.8763],[-79.5602,74.9915]]],[[[-119.3175,76.1999],[-118.6516,76.2911],[-118.6464,76.4324],[-118.9463,76.5229],[-118.3021,76.5677],[-118.007,76.4025],[-117.3524,76.2596],[-116.9343,76.3558],[-117.0748,76.5261],[-116.3248,76.5817],[-115.8928,76.6984],[-116.0402,76.8283],[-115.8314,76.9728],[-116.2217,77.0417],[-116.2472,77.1959],[-115.4042,77.3184],[-116.4067,77.5624],[-116.9136,77.4743],[-116.8602,77.3183],[-117.2311,77.2857],[-117.8524,77.3904],[-118.8205,77.361],[-119.2897,77.2888],[-119.3873,77.1925],[-120.0911,77.0056],[-120.368,76.8145],[-121.2043,76.6782],[-121.5536,76.437],[-122.3806,76.4085],[-122.8617,76.1824],[-122.4926,76.1435],[-122.7316,75.9784],[-122.4259,75.9328],[-121.8471,76.0452],[-121.4368,75.9443],[-120.7174,76.0268],[-120.3885,75.9722],[-120.489,75.8471],[-119.8629,75.8591],[-119.4917,76.0369],[-119.6842,76.0936],[-119.3175,76.1999]]],[[[-89.6613,77.3564],[-89.7757,77.4864],[-90.3041,77.6294],[-90.8817,77.6577],[-91.1687,77.6175],[-91.1996,77.4079],[-90.9245,77.307],[-90.0939,77.2041],[-89.6613,77.3564]]],[[[-104.3945,77.1925],[-104.4213,77.3079],[-104.7923,77.422],[-105.503,77.7211],[-105.9088,77.7679],[-105.765,77.4662],[-105.5363,77.3044],[-104.754,77.1112],[-104.3945,77.1925]]],[[[-93.252,77.6444],[-93.608,77.7815],[-95.5065,77.8107],[-96.2355,77.7055],[-96.3025,77.5933],[-95.9876,77.4791],[-94.3308,77.4775],[-93.8077,77.4387],[-93.4784,77.4881],[-93.252,77.6444]]],[[[-102.4487,77.7399],[-101.7906,77.6794],[-100.9582,77.7603],[-101.6452,77.8903],[-102.3982,77.8889],[-102.4487,77.7399]]],[[[-113.6863,77.8666],[-114.1146,78.0004],[-114.6797,78.0345],[-115.1182,77.9597],[-114.3007,77.7133],[-113.7225,77.7692],[-113.6863,77.8666]]],[[[-109.6037,78.0739],[-110.7117,78.1038],[-112.2709,78.0153],[-113.2413,77.905],[-113.3232,77.8082],[-113.1996,77.5277],[-112.6006,77.4537],[-112.1092,77.3258],[-111.2811,77.4315],[-110.8807,77.4124],[-110.2354,77.5042],[-110.0559,77.632],[-110.1295,77.7815],[-110.72,77.7662],[-110.8415,77.8698],[-110.2248,77.898],[-109.6861,77.9714],[-109.6037,78.0739]]],[[[-109.2595,78.4593],[-109.3467,78.5353],[-110.4269,78.7663],[-111.2756,78.6702],[-111.816,78.5489],[-112.1501,78.557],[-113.2142,78.4066],[-113.0615,78.2744],[-112.1755,78.3774],[-111.7785,78.2702],[-110.8403,78.3152],[-109.8232,78.2954],[-109.3389,78.3547],[-109.2595,78.4593]]],[[[-96.9103,77.7952],[-96.6322,77.8774],[-95.8085,77.903],[-95.0607,77.9726],[-94.8893,78.1093],[-95.3699,78.2468],[-94.8279,78.3637],[-95.1187,78.4547],[-95.6998,78.5261],[-96.2735,78.5351],[-96.5431,78.6856],[-97.451,78.7971],[-98.3559,78.7739],[-98.3597,78.4517],[-98.0693,78.4051],[-97.7668,78.247],[-96.8693,78.1372],[-97.6569,78.0971],[-97.7423,78.0423],[-96.9935,77.9249],[-96.9103,77.7952]]],[[[-105.6068,79.1036],[-104.9534,79.0539],[-103.8563,78.8826],[-104.2233,78.7883],[-103.384,78.7746],[-103.4972,78.5065],[-104.641,78.5834],[-105.0177,78.5245],[-104.8196,78.3616],[-104.4657,78.2746],[-103.9465,78.2428],[-103.6588,78.3211],[-102.7441,78.3806],[-102.765,78.2741],[-102.1608,78.2883],[-101.036,78.1992],[-100.61,77.864],[-99.9386,77.7829],[-99.0172,77.8938],[-99.0445,78.0819],[-99.8027,78.3085],[-99.5579,78.5987],[-100.0634,78.6381],[-99.9904,78.7361],[-100.5212,78.8239],[-101.2079,78.8225],[-100.9882,78.9316],[-101.6484,79.081],[-102.6649,78.986],[-102.6072,79.0765],[-103.1209,79.2907],[-103.7216,79.3633],[-105.449,79.2695],[-105.6068,79.1036]]],[[[-100.1522,79.998],[-99.5836,79.8987],[-99.3001,79.7594],[-98.6514,79.7922],[-98.8738,80.0838],[-99.7794,80.1508],[-100.1522,79.998]]],[[[-96.6231,80.0443],[-96.5427,79.8484],[-95.6115,79.559],[-95.646,79.3943],[-94.9607,79.2916],[-94.3884,79.371],[-93.786,79.2806],[-93.4951,79.3602],[-92.5804,79.3848],[-92.6273,79.2454],[-91.8812,79.1635],[-93.433,79.1565],[-93.594,79.0626],[-94.2716,78.9682],[-93.3468,78.6083],[-92.6559,78.6119],[-92.9527,78.4367],[-92.1163,78.227],[-90.8841,78.1446],[-90.3527,78.1446],[-90.332,78.3364],[-89.7135,78.2261],[-89.352,78.3391],[-89.05,78.1817],[-88.77,78.1855],[-88.5512,78.4328],[-88.0421,78.4793],[-87.8588,78.6927],[-86.6146,78.9742],[-86.5039,79.0687],[-85.5105,79.1662],[-84.9186,79.296],[-85.3944,79.4533],[-85.5638,79.5798],[-86.3091,79.6481],[-87.1887,79.6278],[-86.9713,79.8816],[-87.5756,80.1796],[-87.7006,80.4126],[-88.469,80.4399],[-88.7086,80.2897],[-89.2605,80.3037],[-89.058,80.4678],[-89.3249,80.5368],[-90.6392,80.5685],[-90.7098,80.7033],[-91.1471,80.8131],[-92.2369,81.2563],[-93.0963,81.3475],[-94.1885,81.3666],[-94.3959,81.2617],[-93.2172,81.2145],[-93.3135,81.0867],[-94.1557,81.0978],[-95.2318,81.0153],[-95.4997,80.808],[-94.6952,80.7341],[-94.3754,80.6174],[-96.027,80.5839],[-96.3216,80.2616],[-94.8457,80.0454],[-96.0185,80.072],[-96.6231,80.0443]]],[[[-61.0855,82.3312],[-61.5789,82.4889],[-63.0655,82.5373],[-63.6515,82.7178],[-63.4471,82.8267],[-65.8516,82.8424],[-67.5968,82.9712],[-69.4834,83.0456],[-69.6875,83.1165],[-72.5916,83.1024],[-73.6531,82.9271],[-74.2,83.0021],[-76.1355,83.0537],[-77.3872,82.9897],[-78.4206,82.8723],[-79.3405,82.9755],[-80.3522,82.8644],[-81.5762,82.7912],[-80.6006,82.5588],[-82.07,82.6743],[-82.7116,82.3815],[-80.9337,82.1039],[-79.8637,82.0269],[-80.0213,81.9676],[-81.588,82.1196],[-82.4008,82.2472],[-83.6749,82.349],[-85.7619,82.4675],[-85.3506,82.2903],[-86.848,82.2206],[-86.9648,82.0515],[-87.9991,82.1053],[-88.6807,82.0584],[-89.6448,81.864],[-90.2429,81.8998],[-91.7085,81.7344],[-91.9492,81.6323],[-91.0076,81.6084],[-90.6828,81.6771],[-89.9148,81.5964],[-90.8336,81.4643],[-90.3502,81.376],[-89.5143,81.4875],[-89.2434,81.411],[-89.9245,81.3422],[-90.3528,81.1737],[-89.8262,81.013],[-86.5219,81.1252],[-85.8752,81.2402],[-85.533,81.1892],[-86.6992,81.0054],[-88.4132,80.9988],[-89.2719,80.9532],[-89.3864,80.8789],[-88.1011,80.6808],[-87.276,80.6318],[-87.0639,80.7336],[-86.1116,80.9929],[-85.3931,81.0602],[-86.5517,80.7162],[-86.7491,80.6045],[-86.1178,80.5368],[-84.397,80.51],[-83.8017,80.5598],[-83.8099,80.7388],[-83.3018,80.6984],[-82.9131,80.5394],[-81.2171,80.6277],[-79.6145,80.8276],[-79.1532,81.103],[-78.1917,81.3052],[-77.8421,81.2844],[-78.8858,81.0118],[-78.8478,80.8577],[-77.9976,80.9061],[-77.5073,80.8338],[-78.5319,80.7807],[-79.9643,80.6113],[-80.3523,80.4726],[-83.1592,80.3354],[-82.1687,80.0183],[-81.6617,79.9076],[-81.629,79.7684],[-80.881,79.6539],[-81.587,79.6013],[-82.1709,79.8689],[-83.1133,80.0742],[-83.7879,80.2509],[-85.3157,80.2685],[-85.8933,80.3384],[-86.4377,80.32],[-86.6431,80.1532],[-86.4493,79.9372],[-86.4499,79.7542],[-85.3216,79.6797],[-84.8793,79.4874],[-84.4866,79.4127],[-84.3296,79.1924],[-84.7521,79.0389],[-84.2793,78.9553],[-82.9678,78.9408],[-83.1617,78.7244],[-83.7456,78.8389],[-85.2461,78.9169],[-85.7573,78.8317],[-86.6099,78.8093],[-86.9405,78.7142],[-87.1573,78.5493],[-87.4825,78.452],[-87.4879,78.1272],[-86.7698,78.1204],[-86.2277,78.0621],[-85.4878,78.1167],[-85.0628,78.0627],[-85.6606,77.9501],[-85.1895,77.7983],[-85.2825,77.6597],[-84.761,77.5202],[-84.0841,77.5095],[-83.7998,77.429],[-84.617,77.3837],[-85.4023,77.4007],[-85.7818,77.5044],[-85.9744,77.7133],[-86.2156,77.7933],[-87.192,77.9045],[-88.181,77.8015],[-88.1883,77.6404],[-87.6466,77.4868],[-87.6812,77.3534],[-87.3487,77.334],[-87.1326,77.2136],[-87.4746,77.1114],[-88.2936,77.1363],[-88.7195,77.0141],[-89.5372,76.8568],[-89.419,76.6875],[-89.6567,76.5654],[-89.1702,76.4242],[-88.359,76.49],[-88.4036,76.3937],[-87.6299,76.3356],[-87.0924,76.3815],[-86.722,76.3484],[-86.2174,76.375],[-85.2491,76.3161],[-84.4102,76.3093],[-84.942,76.4223],[-84.235,76.4468],[-82.8009,76.39],[-82.282,76.4005],[-81.9353,76.495],[-81.4023,76.4831],[-80.7725,76.42],[-81.0952,76.2186],[-80.6672,76.164],[-79.5503,76.317],[-79.0091,76.4244],[-78.1413,76.5272],[-77.7708,76.6643],[-77.7162,76.822],[-78.0909,77.0228],[-78.8675,76.9244],[-79.3756,76.9256],[-79.0272,77.0906],[-79.4324,77.2386],[-80.1454,77.2111],[-81.103,77.2875],[-81.6204,77.2018],[-81.8489,77.29],[-81.1997,77.3234],[-81.7372,77.4348],[-81.3612,77.4765],[-80.7799,77.3359],[-79.9712,77.2806],[-79.6456,77.3216],[-79.1332,77.2913],[-78.8198,77.3837],[-78.2891,77.3775],[-77.7368,77.6008],[-78.052,77.7331],[-77.9807,77.8167],[-78.43,77.9113],[-77.1538,77.9487],[-76.8807,77.905],[-76.2324,78.0211],[-75.9014,77.9679],[-75.5819,78.113],[-76.8235,78.1858],[-76.6048,78.2552],[-75.6262,78.1998],[-75.1077,78.3755],[-76.0786,78.4662],[-75.0088,78.5378],[-74.7738,78.8348],[-75.7443,78.8972],[-75.7808,78.982],[-77.1591,79.0712],[-76.1335,79.1241],[-75.087,79.0318],[-74.4539,79.0768],[-74.7798,79.16],[-74.4687,79.2272],[-75.9482,79.2372],[-77.3651,79.2814],[-76.8865,79.3529],[-75.9141,79.347],[-75.028,79.3733],[-74.6961,79.45],[-74.0303,79.4501],[-73.1278,79.5592],[-73.3863,79.7547],[-74.8449,79.8503],[-74.2278,79.8957],[-73.0635,79.8093],[-72.9202,79.7096],[-72.2317,79.6626],[-71.1424,79.7895],[-70.2108,80.1882],[-69.3742,80.3974],[-69.133,80.5362],[-68.2794,80.7599],[-66.6721,81.0399],[-65.9889,81.2283],[-65.4001,81.2695],[-64.6921,81.3908],[-64.5461,81.5504],[-65.7357,81.4933],[-67.787,81.317],[-68.0448,81.3734],[-66.6541,81.4999],[-67.6731,81.5934],[-65.8581,81.6273],[-65.3612,81.7344],[-64.3726,81.725],[-62.2576,82.0235],[-61.3124,82.1972],[-61.0855,82.3312]]],[[[-73.4993,45.7099],[-73.7948,45.4672],[-73.5414,45.4826],[-73.4993,45.7099]]],[[[-60.0809,45.7924],[-59.862,45.9357],[-59.8822,46.1767],[-60.0832,46.2462],[-60.1739,46.2307],[-60.351,46.3121],[-60.6213,46.101],[-60.7223,45.8955],[-60.7301,45.7139],[-60.9819,45.8207],[-60.9617,45.9152],[-60.8151,45.937],[-60.7008,46.088],[-60.4269,46.284],[-60.5094,46.3685],[-60.3505,46.6159],[-60.3108,46.8544],[-60.4904,46.9052],[-60.4616,47.0034],[-60.6033,47.0336],[-60.7696,46.8437],[-60.8692,46.8],[-61.0948,46.4539],[-61.2888,46.2426],[-61.459,46.1453],[-61.5411,46.0405],[-61.4553,45.7099],[-61.3349,45.5662],[-61.1314,45.5599],[-61.0097,45.6081],[-60.7269,45.5656],[-60.3954,45.6425],[-60.0809,45.7924]]],[[[-62.004,46.4641],[-62.1852,46.487],[-62.5169,46.4758],[-62.9532,46.4241],[-63.1947,46.4311],[-63.3323,46.4988],[-63.6389,46.567],[-63.7296,46.4433],[-63.881,46.5224],[-63.8336,46.6124],[-64.0933,46.78],[-63.9748,46.894],[-64.0527,47.0215],[-64.2313,46.9033],[-64.4168,46.6828],[-64.2305,46.6353],[-64.108,46.5444],[-64.1343,46.4156],[-63.9345,46.423],[-63.6278,46.2238],[-63.2334,46.1455],[-63.1063,46.2102],[-62.9974,46.1793],[-62.9316,46.0426],[-62.7774,45.9643],[-62.5452,45.9718],[-62.5764,46.239],[-62.4373,46.2163],[-62.3069,46.3446],[-62.1656,46.3584],[-62.004,46.4641]]],[[[-64.3192,49.7912],[-63.9252,49.6749],[-63.6414,49.5135],[-63.5868,49.39],[-63.2777,49.3149],[-63.0933,49.2329],[-62.6818,49.1485],[-62.5063,49.1386],[-62.2482,49.0679],[-61.8116,49.069],[-61.6608,49.151],[-61.8826,49.3545],[-62.2043,49.4142],[-62.3859,49.4904],[-62.5343,49.6047],[-62.9621,49.7405],[-63.3747,49.8294],[-63.9447,49.8961],[-64.1328,49.9501],[-64.4513,49.9095],[-64.3192,49.7912]]],[[[-79.3951,52.0837],[-79.6558,51.9875],[-79.414,51.9383],[-79.3951,52.0837]]],[[[-80.7593,52.9192],[-81.1228,53.2022],[-81.4244,53.2288],[-81.8828,53.1799],[-82.0627,53.0228],[-81.9517,52.9744],[-81.4688,52.8613],[-81.2863,52.8441],[-81.0268,52.7526],[-80.6696,52.742],[-80.7593,52.9192]]],[[[-78.7576,56.1679],[-78.6813,56.1972],[-78.6627,56.4211],[-78.825,56.3583],[-78.7576,56.1679]]],[[[-79.5459,56.0438],[-79.6453,55.8967],[-79.4693,55.8794],[-79.3548,55.9779],[-79.0426,56.3659],[-79.131,56.5442],[-79.235,56.5515],[-79.4093,56.2329],[-79.551,56.2663],[-79.7372,56.1614],[-80.0257,55.9003],[-79.8671,55.8435],[-79.5459,56.0438]]]]},"properties":{"ADMIN":"Canada","ADM0_A3":"CAN","NAME_EN":"Canada","LABEL_X":-101.9107,"LABEL_Y":60.324287,"FCLASS_IN":""}},
{"type":"Feature","geometry":{"type":"MultiPolygon","coordinates":[[[[-97.1393,25.9658],[-97.2531,25.9635],[-97.4254,25.8549],[-97.6796,26.0346],[-97.802,26.0637],[-98.2227,26.0754],[-98.3693,26.194],[-98.5816,26.2623],[-98.6406,26.2418],[-98.7959,26.3683],[-99.0855,26.4076],[-99.1649,26.5404],[-99.2483,26.8271],[-99.4617,27.057],[-99.432,27.2076],[-99.4976,27.3388],[-99.5072,27.5738],[-99.7004,27.6592],[-99.8634,27.8047],[-99.8788,27.9018],[-100.0006,28.0204],[-100.0749,28.1544],[-100.2843,28.2965],[-100.3971,28.5927],[-100.5191,28.805],[-100.6243,28.9247],[-100.669,29.1162],[-100.8161,29.2708],[-101.1636,29.5013],[-101.219,29.6103],[-101.3644,29.6767],[-101.4093,29.7658],[-101.9722,29.8182],[-102.1093,29.8021],[-102.3022,29.8894],[-102.4061,29.7773],[-102.6835,29.7437],[-102.7797,29.5923],[-102.8831,29.3438],[-102.8969,29.2203],[-102.9884,29.1771],[-103.148,28.9851],[-103.3015,29.0024],[-103.6731,29.1736],[-103.7942,29.2776],[-104.0573,29.339],[-104.2672,29.5266],[-104.349,29.5376],[-104.5308,29.6679],[-104.5703,29.7875],[-104.6805,29.9423],[-104.6816,30.1929],[-104.8524,30.4389],[-104.8866,30.5519],[-105.0085,30.677],[-105.2293,30.8102],[-105.3638,30.8504],[-105.556,31.0026],[-105.5909,31.0714],[-105.7682,31.18],[-106.0047,31.3969],[-106.1643,31.4478],[-106.2863,31.5801],[-106.3585,31.7175],[-106.5172,31.7738],[-107.1541,31.7752],[-108.2151,31.7778],[-108.2148,31.3274],[-109.2401,31.3273],[-109.9663,31.3272],[-111.0063,31.3272],[-111.0671,31.3336],[-112.3247,31.728],[-113.1432,31.981],[-113.9617,32.2341],[-114.8221,32.5002],[-114.7243,32.7128],[-115.7941,32.632],[-117.1251,32.5317],[-117.025,32.2769],[-116.9483,32.247],[-116.8423,31.9865],[-116.6197,31.8576],[-116.6756,31.5526],[-116.5301,31.4403],[-116.3094,31.1485],[-116.3354,30.9563],[-116.2497,30.9568],[-116.068,30.8132],[-116.0311,30.6271],[-116.0493,30.4796],[-115.8373,30.3465],[-115.7833,30.0926],[-115.8112,29.968],[-115.7289,29.9351],[-115.6976,29.7558],[-115.4986,29.6114],[-115.2857,29.5299],[-115.1871,29.4286],[-114.972,29.3778],[-114.722,29.1175],[-114.6314,29.0945],[-114.5299,28.9255],[-114.4023,28.8602],[-114.2718,28.6588],[-114.1658,28.647],[-114.0426,28.4584],[-114.1249,28.2557],[-114.1131,28.1204],[-114.0397,28.0277],[-114.1732,27.8268],[-114.1046,27.7077],[-113.9938,27.7499],[-113.9533,27.6557],[-114.1509,27.6697],[-114.2824,27.7358],[-114.3253,27.8747],[-114.4991,27.7741],[-114.9234,27.8363],[-115.0529,27.8221],[-115.0017,27.7159],[-114.8866,27.6949],[-114.7342,27.5213],[-114.5065,27.4062],[-114.4875,27.2381],[-114.2903,27.1465],[-114.1144,27.1055],[-114.0052,26.9774],[-113.8164,26.949],[-113.6371,26.7255],[-113.5039,26.7934],[-113.2858,26.7496],[-113.1431,26.7577],[-113.0607,26.5991],[-112.7284,26.3702],[-112.4983,26.235],[-112.3435,26.1781],[-112.2929,26.0497],[-112.1983,25.9951],[-112.076,25.7134],[-112.0779,25.2587],[-112.1425,25.086],[-112.088,24.7734],[-111.9667,24.7783],[-111.8489,24.6537],[-111.8129,24.5059],[-111.679,24.5863],[-111.6194,24.4731],[-111.4444,24.3244],[-111.0397,24.1042],[-110.5773,23.6816],[-110.3074,23.541],[-110.1673,23.3211],[-110.0984,23.0176],[-109.9545,22.8722],[-109.8954,22.8742],[-109.7132,23.0311],[-109.5317,23.1082],[-109.4256,23.2972],[-109.4263,23.4585],[-109.4765,23.5602],[-109.6798,23.6482],[-109.6984,23.7984],[-109.8391,23.9518],[-109.8283,24.0628],[-109.9877,24.0463],[-110.0181,24.1693],[-110.1728,24.253],[-110.2326,24.3432],[-110.3325,24.3288],[-110.3008,24.217],[-110.4021,24.1755],[-110.5624,24.2125],[-110.6818,24.3607],[-110.7386,24.5546],[-110.657,24.8069],[-110.7578,25.0122],[-110.9045,25.143],[-111.0263,25.4586],[-111.1917,25.6148],[-111.225,25.7244],[-111.3071,25.7792],[-111.3603,25.9641],[-111.3183,26.0737],[-111.4616,26.4001],[-111.4422,26.5175],[-111.5691,26.5762],[-111.5601,26.6957],[-111.8181,26.8962],[-111.7941,26.6901],[-111.9052,26.7343],[-111.8707,26.8281],[-112.0172,26.9785],[-112.0112,27.1168],[-112.1549,27.162],[-112.287,27.3658],[-112.3731,27.5641],[-112.598,27.6543],[-112.7732,27.8639],[-112.7938,28.1903],[-112.8721,28.2837],[-112.8495,28.3823],[-112.9024,28.4753],[-113.103,28.5046],[-113.1942,28.744],[-113.2604,28.8401],[-113.4787,28.9462],[-113.6566,29.2184],[-113.6231,29.2527],[-113.7709,29.4078],[-114.2712,29.7721],[-114.3922,29.783],[-114.4277,29.9073],[-114.5331,29.968],[-114.6603,30.1833],[-114.6295,30.4248],[-114.6985,30.6372],[-114.7203,30.9411],[-114.8324,31.0067],[-114.8887,31.1629],[-114.8529,31.5266],[-114.7806,31.6558],[-114.828,31.7898],[-114.5847,31.7608],[-114.4943,31.6774],[-114.159,31.4945],[-114.0289,31.4915],[-113.8757,31.5967],[-113.6596,31.4975],[-113.5489,31.2957],[-113.1169,31.2176],[-113.0487,31.1567],[-113.1288,30.8124],[-113.0799,30.6704],[-112.8707,30.4285],[-112.8486,30.2885],[-112.7532,30.1859],[-112.7515,29.9243],[-112.6864,29.9078],[-112.506,29.6169],[-112.3778,29.4857],[-112.4198,29.3759],[-112.2635,29.33],[-112.1507,28.963],[-111.8944,28.7807],[-111.9204,28.72],[-111.7606,28.584],[-111.7084,28.4601],[-111.4735,28.381],[-111.2507,28.052],[-111.0591,27.937],[-110.9993,27.9641],[-110.8628,27.8763],[-110.8082,27.9278],[-110.5866,27.8371],[-110.6267,27.6085],[-110.5548,27.3848],[-110.4997,27.3934],[-110.4037,27.2454],[-110.2876,27.1484],[-109.917,27.0601],[-109.8563,26.801],[-109.6944,26.6782],[-109.5499,26.728],[-109.4285,26.6719],[-109.2557,26.498],[-109.2254,26.3345],[-109.2681,26.1799],[-109.4333,26.0217],[-109.4405,25.7934],[-109.1712,25.6487],[-109.1161,25.5363],[-108.8878,25.4897],[-108.7934,25.5363],[-108.7299,25.406],[-108.4508,25.2694],[-108.3336,25.161],[-108.218,25.1732],[-108.1069,25.1169],[-108.1864,24.9866],[-108.1556,24.883],[-108.0362,24.7852],[-107.9952,24.6484],[-107.8205,24.5952],[-107.6241,24.4585],[-107.5192,24.5114],[-107.4783,24.4001],[-107.5432,24.3466],[-107.3778,24.2069],[-107.0359,23.9808],[-106.902,23.8466],[-106.7932,23.6324],[-106.5228,23.4075],[-106.4298,23.2304],[-106.2203,23.0519],[-106.032,22.8301],[-105.8002,22.6385],[-105.655,22.2563],[-105.6323,21.9557],[-105.4141,21.6011],[-105.185,21.443],[-105.2431,21.3421],[-105.2161,21.2044],[-105.2343,21.061],[-105.3097,21.0307],[-105.5141,20.7703],[-105.3616,20.7628],[-105.2343,20.6361],[-105.3287,20.5137],[-105.5756,20.4877],[-105.6987,20.4069],[-105.5532,20.2015],[-105.5256,20.0319],[-105.2508,19.6661],[-105.0877,19.5611],[-105.0171,19.3685],[-104.8069,19.2291],[-104.4516,19.1044],[-104.3317,19.0223],[-103.98,18.8749],[-103.7002,18.6543],[-103.71,18.6012],[-103.5751,18.4923],[-103.4984,18.3335],[-103.3616,18.2668],[-103.0244,18.1858],[-102.7423,18.067],[-102.5972,18.0491],[-102.1906,17.916],[-102.0367,17.9907],[-101.8111,17.8903],[-101.6445,17.6683],[-101.4965,17.6144],[-101.4558,17.5263],[-101.1822,17.4125],[-101.0082,17.253],[-99.9917,16.9097],[-99.7412,16.7306],[-99.6054,16.6828],[-99.3743,16.6679],[-98.8566,16.5282],[-98.7769,16.5551],[-98.5682,16.324],[-98.4453,16.2781],[-98.1238,16.2092],[-98.0852,16.1651],[-97.7727,15.9795],[-97.266,15.9359],[-96.8451,15.7326],[-96.556,15.659],[-96.4311,15.6959],[-96.2366,15.6833],[-95.9599,15.8279],[-95.4345,15.9754],[-95.2332,16.1582],[-94.8959,16.2117],[-95.0638,16.2683],[-94.8521,16.4289],[-94.7633,16.2935],[-94.6544,16.3636],[-94.5871,16.2824],[-94.701,16.1956],[-94.4396,16.1868],[-94.3636,16.287],[-94.2242,16.2036],[-94.1278,16.2209],[-94.0426,16.1253],[-93.8981,16.0889],[-93.9434,16.0106],[-93.656,15.8393],[-93.2286,15.5019],[-92.9831,15.2656],[-92.824,15.1728],[-92.6999,14.9991],[-92.2463,14.5463],[-92.1617,14.7023],[-92.1908,14.8142],[-92.1542,14.9959],[-92.0738,15.0737],[-92.2034,15.2372],[-92.2047,15.2895],[-91.7519,16.0463],[-91.7238,16.0688],[-90.4857,16.0707],[-90.4327,16.1732],[-90.4594,16.2591],[-90.3988,16.3476],[-90.4758,16.4307],[-90.6482,16.5296],[-90.6338,16.5922],[-90.7353,16.7466],[-91.0669,16.9182],[-91.2904,17.1891],[-91.4308,17.255],[-90.992,17.2519],[-90.9909,17.802],[-90.9622,17.816],[-90.2597,17.8153],[-89.1605,17.8143],[-89.1326,17.9703],[-89.0494,17.9992],[-88.8803,17.8885],[-88.7364,18.0519],[-88.6966,18.1781],[-88.617,18.2354],[-88.4892,18.4845],[-88.3038,18.4814],[-88.1039,18.8027],[-88.0022,18.6901],[-88.0778,18.4986],[-87.9352,18.4431],[-87.8446,18.2622],[-87.7712,18.4064],[-87.7234,18.6812],[-87.662,18.7668],[-87.6062,19.0204],[-87.4957,19.3276],[-87.5261,19.4064],[-87.4232,19.558],[-87.6664,19.5525],[-87.7347,19.6838],[-87.6287,19.7086],[-87.4715,19.8847],[-87.444,20.1911],[-87.235,20.4926],[-87.0675,20.6192],[-86.8753,20.855],[-86.7416,21.1641],[-86.8151,21.2048],[-86.828,21.4333],[-86.9248,21.4461],[-86.9979,21.5659],[-87.2382,21.443],[-87.4741,21.4671],[-87.6186,21.5205],[-87.9621,21.6001],[-88.1295,21.616],[-88.2827,21.5567],[-88.4478,21.5751],[-88.6055,21.5341],[-88.7027,21.4586],[-89.1232,21.3635],[-89.786,21.2846],[-90.0995,21.1641],[-90.3601,21.0004],[-90.4491,20.7421],[-90.4899,20.5341],[-90.4745,20.4085],[-90.4974,20.0674],[-90.4778,19.9221],[-90.6645,19.7819],[-90.7095,19.6875],[-90.7301,19.3759],[-90.9355,19.1631],[-91.1616,19.0163],[-91.4312,18.8801],[-91.367,18.7712],[-91.2655,18.7357],[-91.3328,18.5734],[-91.5041,18.5119],[-91.5444,18.4492],[-91.8291,18.4773],[-91.9907,18.5393],[-91.9481,18.6912],[-92.0601,18.7016],[-92.4051,18.6711],[-92.681,18.6229],[-92.8557,18.466],[-92.9398,18.4457],[-93.4447,18.4418],[-93.6839,18.3549],[-94.2071,18.1896],[-94.4669,18.1442],[-94.5809,18.1898],[-94.8079,18.5236],[-95.0026,18.5554],[-95.2084,18.7086],[-95.4952,18.7073],[-95.7284,18.7572],[-95.852,18.7168],[-95.9772,19.0583],[-96.0412,19.0657],[-96.1574,19.2252],[-96.2783,19.3146],[-96.4561,19.8688],[-96.676,20.1579],[-97.0344,20.5146],[-97.1505,20.647],[-97.1972,20.8102],[-97.338,21.055],[-97.4968,21.4006],[-97.6576,21.6365],[-97.6251,21.7944],[-97.379,21.5543],[-97.4722,21.4378],[-97.3479,21.4179],[-97.3162,21.5609],[-97.6105,21.8358],[-97.7606,22.0959],[-97.7743,22.2535],[-97.8894,22.6254],[-97.7423,22.9721],[-97.7685,23.2601],[-97.7222,23.7393],[-97.7167,24.0081],[-97.6514,24.5159],[-97.459,25.1794],[-97.3194,25.39],[-97.1652,25.7233],[-97.1393,25.9658]]],[[[-115.195,28.3414],[-115.334,28.1249],[-115.2063,28.0379],[-115.1555,28.1707],[-115.195,28.3414]]],[[[-112.2747,28.7684],[-112.1956,29.0213],[-112.2816,29.2255],[-112.4387,29.2021],[-112.5004,29.0756],[-112.4859,28.9716],[-112.583,28.8754],[-112.382,28.7738],[-112.2747,28.7684]]],[[[-113.1382,29.0649],[-113.1828,29.2897],[-113.3703,29.31],[-113.3498,29.3841],[-113.4768,29.5321],[-113.5891,29.4096],[-113.2295,29.0596],[-113.1382,29.0649]]],[[[-86.749,20.5922],[-86.9368,20.5472],[-87.0189,20.3325],[-86.9265,20.3137],[-86.7971,20.4775],[-86.749,20.5922]]]]},"properties":{"ADMIN":"Mexico","ADM0_A3":"MEX","NAME_EN":"Mexico","LABEL_X":-102.289448,"LABEL_Y":23.919988,"FCLASS_IN":""}},
{"type":"Feature","geometry":{"type":"Polygon","coordinates":[[[-89.1605,17.8143],[-89.1492,17.0363],[-89.1844,16.4959],[-89.2365,15.8939],[-88.914,15.8939],[-88.9276,15.9839],[-88.7457,16.1549],[-88.7401,16.2302],[-88.536,16.2741],[-88.4478,16.3948],[-88.3932,16.5518],[-88.3062,16.6529],[-88.2833,16.8913],[-88.2151,16.9671],[-88.3005,17.1779],[-88.2863,17.3397],[-88.2308,17.4965],[-88.2833,17.5803],[-88.2143,17.7731],[-88.2083,17.882],[-88.0915,18.1184],[-88.1085,18.3739],[-88.1947,18.3406],[-88.3837,18.385],[-88.3038,18.4814],[-88.4892,18.4845],[-88.617,18.2354],[-88.6966,18.1781],[-88.7364,18.0519],[-88.8803,17.8885],[-89.0494,17.9992],[-89.1326,17.9703],[-89.1605,17.8143]]]},"properties":{"ADMIN":"Belize","ADM0_A3":"BLZ","NAME_EN":"Belize","LABEL_X":-88.712962,"LABEL_Y":17.202068,"FCLASS_IN":""}},
{"type":"Feature","geometry":{"type":"MultiPolygon","coordinates":[[[[-82.5736,9.5762],[-82.6189,9.4867],[-82.829,9.6027],[-82.8613,9.4841],[-82.9443,9.4372],[-82.9394,9.0596],[-82.7491,8.9741],[-82.7194,8.9215],[-82.8669,8.8381],[-82.9242,8.7412],[-82.8498,8.6299],[-82.8704,8.4381],[-83.0532,8.3151],[-82.9437,8.2486],[-82.8976,8.0347],[-82.8492,8.0683],[-82.8772,8.2191],[-82.8087,8.2957],[-82.6589,8.3228],[-82.5117,8.2764],[-82.2801,8.3432],[-82.1965,8.2022],[-82.1094,8.2333],[-81.7115,8.1303],[-81.6227,7.8901],[-81.5258,7.7115],[-81.1952,7.6389],[-81.1833,7.8237],[-81.0854,7.7943],[-80.9463,7.5557],[-80.8731,7.2126],[-80.4745,7.2533],[-80.3576,7.382],[-80.1355,7.4246],[-79.9947,7.5034],[-80.1438,7.7528],[-80.3,7.8833],[-80.3489,7.9893],[-80.4561,8.0362],[-80.4702,8.2206],[-80.3807,8.3104],[-80.225,8.3011],[-79.9702,8.4441],[-79.8641,8.5524],[-79.7744,8.5796],[-79.7563,8.7963],[-79.482,8.9984],[-79.176,9.0107],[-79.0053,8.9595],[-78.7576,8.8293],[-78.6125,8.6697],[-78.5044,8.634],[-78.4498,8.391],[-78.3033,8.4543],[-78.1556,8.3941],[-78.1829,8.2979],[-78.3058,8.2539],[-78.2375,8.154],[-78.2864,8.0807],[-78.4308,8.0771],[-78.3945,7.9174],[-78.3294,7.8432],[-78.1442,7.4979],[-78.0098,7.3835],[-77.8958,7.2351],[-77.8202,7.4765],[-77.7312,7.5303],[-77.7705,7.669],[-77.6799,7.671],[-77.58,7.5284],[-77.3397,7.7072],[-77.3799,7.7744],[-77.3216,7.881],[-77.2012,7.982],[-77.2311,8.0987],[-77.3632,8.2721],[-77.4223,8.4564],[-77.4804,8.5262],[-77.3735,8.6647],[-77.477,8.6699],[-77.5741,8.7928],[-77.7208,8.8923],[-77.7444,8.9636],[-77.8902,9.0772],[-78.0246,9.2265],[-78.208,9.2903],[-78.4377,9.4044],[-78.7811,9.4459],[-78.9033,9.4229],[-79.0581,9.4579],[-79.0549,9.532],[-79.1938,9.5396],[-79.551,9.6293],[-79.6645,9.5834],[-79.6906,9.4958],[-79.909,9.3084],[-80.0008,9.3205],[-80.1008,9.2223],[-80.2926,9.1514],[-80.4083,9.1423],[-80.6371,9.0517],[-80.8224,8.8907],[-81.0877,8.8087],[-81.3045,8.7819],[-81.5391,8.8129],[-81.762,9.0638],[-81.7934,8.9316],[-81.9037,8.9711],[-82.1054,8.9352],[-82.246,9.0141],[-82.2555,9.1826],[-82.3876,9.2861],[-82.3496,9.402],[-82.5736,9.5762]]],[[[-81.6644,7.3973],[-81.719,7.4525],[-81.7388,7.6443],[-81.83,7.5762],[-81.8419,7.4308],[-81.7462,7.3489],[-81.6644,7.3973]]],[[[-78.8922,8.458],[-78.9747,8.4444],[-78.9699,8.3051],[-78.8345,8.3428],[-78.8922,8.458]]]]},"properties":{"ADMIN":"Panama","ADM0_A3":"PAN","NAME_EN":"Panama","LABEL_X":-80.352106,"LABEL_Y":8.72198,"FCLASS_IN":""}},
{"type":"Feature","geometry":{"type":"MultiPolygon","coordinates":[[[[-60.021,8.558],[-60.1978,8.6238],[-60.3719,8.6354],[-60.4616,8.5344],[-60.6063,8.5511],[-60.6925,8.6047],[-60.9848,8.5705],[-60.9924,8.5122],[-61.181,8.4934],[-61.284,8.3972],[-61.3491,8.4793],[-61.4342,8.4792],[-61.5231,8.5966],[-61.2095,8.609],[-61.1268,8.8145],[-61.0997,8.9604],[-61.0066,9.0488],[-60.984,9.1674],[-60.8219,9.2728],[-60.7838,9.3386],[-60.8623,9.4561],[-61.0532,9.5813],[-61.1301,9.5725],[-61.3378,9.7121],[-61.4392,9.8184],[-61.5829,9.8722],[-61.5925,9.782],[-61.8768,9.8237],[-62.0254,9.9574],[-62.1965,10.0197],[-62.2577,9.9378],[-62.2908,9.7333],[-62.4089,9.924],[-62.5176,10.1841],[-62.8311,10.4068],[-62.857,10.5316],[-62.6623,10.567],[-62.335,10.5302],[-62.2399,10.6379],[-61.9625,10.6522],[-61.9823,10.7347],[-62.1542,10.6863],[-62.7196,10.76],[-62.9043,10.7022],[-63.1713,10.7316],[-63.2409,10.6851],[-63.4662,10.6676],[-63.5316,10.631],[-63.7569,10.6656],[-64.1312,10.6197],[-64.2747,10.6506],[-64.2491,10.5205],[-64.1555,10.5727],[-63.8468,10.556],[-63.8204,10.4476],[-64.0284,10.4461],[-64.1435,10.4801],[-64.3392,10.3907],[-64.4905,10.2407],[-64.6314,10.2481],[-64.7481,10.1069],[-64.9635,10.0973],[-65.084,10.0475],[-65.1695,10.0973],[-65.5804,10.1855],[-65.8685,10.3096],[-66.1183,10.498],[-66.1246,10.602],[-66.2518,10.6486],[-66.334,10.6112],[-66.5416,10.6327],[-67.0124,10.6112],[-67.17,10.556],[-67.5602,10.5283],[-67.9412,10.4665],[-68.1295,10.4877],[-68.2423,10.5784],[-68.3315,10.8068],[-68.2627,10.9031],[-68.4176,11.1791],[-68.6557,11.3479],[-68.8632,11.4529],[-69.0619,11.4535],[-69.2704,11.536],[-69.3767,11.494],[-69.5001,11.5087],[-69.6236,11.4678],[-69.7003,11.5402],[-69.8086,11.8036],[-69.8353,12.0152],[-69.9254,12.1596],[-70.0177,12.1989],[-70.2058,12.112],[-70.2968,11.8719],[-70.2058,11.7347],[-70.1865,11.6027],[-69.8495,11.6937],[-69.7914,11.6453],[-69.7471,11.4808],[-69.8141,11.4256],[-69.946,11.5198],[-70.0505,11.5211],[-70.18,11.3764],[-70.288,11.3571],[-70.5139,11.2532],[-70.6856,11.248],[-70.8697,11.1963],[-71.2939,10.9866],[-71.4583,10.9749],[-71.4459,10.7962],[-71.5314,10.7527],[-71.5265,10.5447],[-71.3639,10.22],[-71.2678,10.1519],[-71.2069,9.9806],[-71.0724,9.8579],[-71.0419,9.7609],[-71.0902,9.5554],[-71.0561,9.3636],[-71.2735,9.1351],[-71.5148,9.049],[-71.6861,9.062],[-71.7589,9.1201],[-71.7304,9.3554],[-71.9675,9.4982],[-71.9989,9.6547],[-72.1244,9.8261],[-72.0437,9.9296],[-71.9825,10.0883],[-71.8977,10.1392],[-71.779,10.3417],[-71.6295,10.454],[-71.5763,10.7211],[-71.6936,10.8371],[-71.7698,11.1064],[-71.9393,11.3808],[-71.9605,11.5913],[-71.6744,11.6847],[-71.3782,11.7584],[-71.3275,11.85],[-71.4495,11.7955],[-71.9711,11.6619],[-72.0079,11.6246],[-72.2566,11.1678],[-72.4815,11.1325],[-72.5765,10.9574],[-72.7061,10.8113],[-72.7544,10.6749],[-72.9076,10.4525],[-72.9356,10.1752],[-72.9877,9.9994],[-72.9776,9.8381],[-73.1236,9.5613],[-73.1784,9.523],[-73.3778,9.1647],[-73.1762,9.1909],[-73.0097,9.2954],[-72.9364,9.0992],[-72.8267,9.1417],[-72.7831,9.0599],[-72.6754,8.6515],[-72.3868,8.3386],[-72.396,8.2566],[-72.3358,8.1039],[-72.4878,7.9492],[-72.4518,7.8328],[-72.4833,7.6494],[-72.4513,7.4402],[-72.2062,7.3819],[-72.1533,7.1926],[-72.081,7.0666],[-71.9938,7.0129],[-71.8326,6.9864],[-71.6543,7.0534],[-71.2835,7.0188],[-71.184,6.9626],[-70.9613,7.0094],[-70.9034,7.0632],[-70.7033,7.0999],[-70.5786,7.0858],[-70.5209,7.0156],[-70.3191,6.9383],[-70.1578,6.9795],[-70.0966,6.9444],[-69.4436,6.1222],[-69.3113,6.1462],[-69.2461,6.0807],[-69.0611,6.2178],[-68.8291,6.1878],[-68.6353,6.1359],[-68.449,6.195],[-68.3042,6.177],[-68.1465,6.2238],[-67.9241,6.2346],[-67.8391,6.3075],[-67.574,6.2662],[-67.4762,6.1784],[-67.4286,6.0385],[-67.6012,5.8206],[-67.6491,5.6561],[-67.647,5.4834],[-67.8098,5.3788],[-67.8437,5.2972],[-67.7931,5.0633],[-67.8537,4.5758],[-67.782,4.3389],[-67.8049,4.2685],[-67.7402,4.1187],[-67.6318,3.7619],[-67.4714,3.6801],[-67.4039,3.5045],[-67.3046,3.4257],[-67.3958,3.2666],[-67.4522,3.2437],[-67.8386,2.8861],[-67.6266,2.8134],[-67.5756,2.6911],[-67.4852,2.6619],[-67.3254,2.4746],[-67.1976,2.402],[-67.2177,2.2845],[-67.1351,2.0033],[-67.0668,1.8941],[-66.8825,1.326],[-66.8751,1.2225],[-66.3462,0.7594],[-66.1563,0.733],[-65.9741,0.807],[-65.872,0.909],[-65.7454,0.9742],[-65.5829,0.9777],[-65.517,0.8628],[-65.5873,0.7391],[-65.5605,0.656],[-65.4512,0.6901],[-65.3272,0.9103],[-65.203,0.9238],[-65.1368,1.1269],[-65.0225,1.14],[-64.8393,1.2708],[-64.7309,1.2476],[-64.6042,1.3313],[-64.5512,1.4195],[-64.409,1.5075],[-64.3015,1.4467],[-64.0809,1.6474],[-64.0536,1.8937],[-63.995,1.958],[-63.7626,1.9857],[-63.6175,2.1012],[-63.4118,2.1494],[-63.3726,2.2668],[-63.3848,2.4206],[-63.8313,2.4286],[-64.048,2.4713],[-63.9979,2.706],[-64.106,2.9472],[-64.2229,3.124],[-64.2456,3.4189],[-64.203,3.5947],[-64.3242,3.7241],[-64.5314,3.8535],[-64.6629,3.997],[-64.7271,4.1408],[-64.8013,4.1885],[-64.7459,4.2876],[-64.5897,4.1189],[-64.365,4.1519],[-64.1251,4.0885],[-64.0638,3.9116],[-63.9964,3.8808],[-63.8751,3.9498],[-63.6228,3.9352],[-63.5107,3.8545],[-63.4254,3.9684],[-63.286,3.9208],[-62.9971,3.5991],[-62.8894,3.5608],[-62.7496,3.6604],[-62.7888,3.8994],[-62.7662,4.0207],[-62.561,4.0378],[-62.537,4.1254],[-62.3842,4.1735],[-62.1927,4.0947],[-62.035,4.1599],[-61.9315,4.1464],[-61.7189,4.2547],[-61.5421,4.263],[-61.4582,4.4191],[-61.3332,4.4239],[-61.2973,4.5237],[-61.1512,4.4921],[-61.012,4.5183],[-60.9034,4.6996],[-60.7637,4.7551],[-60.6126,4.9006],[-60.5987,4.9969],[-60.6643,5.1703],[-60.7399,5.2021],[-61.3796,5.9053],[-61.2694,6.1072],[-61.1216,6.1867],[-61.1609,6.3424],[-61.139,6.4248],[-61.2048,6.5958],[-61.1298,6.7158],[-60.9338,6.7317],[-60.7935,6.7938],[-60.7215,6.7597],[-60.6207,6.8459],[-60.421,6.9422],[-60.2923,7.1053],[-60.4753,7.1885],[-60.548,7.1255],[-60.6431,7.2209],[-60.6018,7.3301],[-60.7306,7.5254],[-60.6013,7.6339],[-60.5821,7.7363],[-60.5033,7.8209],[-60.3748,7.8236],[-60.2311,7.9641],[-60.0195,8.0603],[-59.9933,8.1685],[-59.8485,8.2277],[-59.8156,8.2878],[-60.021,8.558]]],[[[-63.8468,11.1354],[-63.9858,11.1093],[-64.0491,10.9907],[-64.1983,11.0876],[-64.3706,11.0625],[-64.4086,10.9675],[-64.2244,10.9394],[-64.1759,10.9675],[-64.0426,10.8685],[-63.8981,10.885],[-63.7934,11.0011],[-63.8468,11.1354]]],[[[-60.9514,8.8278],[-61.06,8.7982],[-61.1671,8.6994],[-61.0939,8.6337],[-60.8466,8.6377],[-60.686,8.789],[-60.7376,8.8666],[-60.9514,8.8278]]]]},"properties":{"ADMIN":"Venezuela","ADM0_A3":"VEN","NAME_EN":"Venezuela","LABEL_X":-64.599381,"LABEL_Y":7.182476,"FCLASS_IN":""}},
{"type":"Feature","geometry":{"type":"MultiPolygon","coordinates":[[[[140.9745,-2.6005],[140.9735,-3.8],[140.9758,-4.5959],[140.9769,-5.6212],[140.9769,-6.3351],[140.9435,-6.5075],[140.8593,-6.6084],[140.8492,-6.7028],[140.916,-6.8627],[140.9772,-6.8966],[140.9769,-7.9621],[140.977,-9.1061],[141.115,-9.2184],[141.2319,-9.2127],[141.3101,-9.1521],[141.4217,-9.1503],[141.51,-9.215],[141.8684,-9.2204],[142.2234,-9.1612],[142.4651,-9.2405],[142.6526,-9.3303],[143.1734,-9.0429],[143.3148,-9.0235],[143.4055,-8.9622],[143.3999,-8.7822],[143.2616,-8.5924],[143.1316,-8.486],[142.8997,-8.4129],[142.9805,-8.3356],[143.3379,-8.2477],[143.5921,-8.242],[143.6276,-8.1863],[143.548,-8.0317],[143.6509,-7.9814],[143.7673,-8.0402],[143.8983,-8.0279],[143.9568,-7.9723],[143.8562,-7.8083],[143.9243,-7.6943],[144.2149,-7.796],[144.2422,-7.7263],[144.4313,-7.6122],[144.6995,-7.6168],[144.8662,-7.7057],[144.8796,-7.7817],[145.3216,-7.862],[145.4656,-7.9455],[145.6133,-7.9325],[145.8807,-8.0417],[146.1028,-8.1003],[146.1165,-8.2001],[146.2219,-8.2604],[146.2772,-8.4352],[146.4353,-8.6106],[146.5759,-8.822],[146.5584,-8.9405],[146.6268,-9.023],[146.9149,-9.1242],[147.0527,-9.4602],[147.3101,-9.5388],[147.491,-9.7677],[147.5176,-9.879],[147.6213,-9.9889],[147.7617,-10.0597],[147.8796,-10.0522],[148.0183,-10.1248],[148.2313,-10.1056],[148.402,-10.2005],[148.5379,-10.1723],[148.978,-10.2761],[149.0674,-10.2346],[149.4606,-10.3523],[149.7484,-10.3383],[149.9403,-10.4406],[150.0674,-10.6399],[150.2113,-10.7013],[150.4157,-10.6819],[150.6929,-10.5567],[150.6473,-10.477],[150.3469,-10.3653],[150.3999,-10.3002],[150.6154,-10.3445],[150.5877,-10.2447],[150.301,-10.1793],[150.1968,-10.0951],[149.9395,-10.0624],[149.7254,-9.8478],[149.731,-9.8093],[150.0559,-9.715],[150.0122,-9.6422],[149.731,-9.5978],[149.6199,-9.6209],[149.4572,-9.5942],[149.2266,-9.4867],[149.1829,-9.3681],[149.3067,-9.1174],[149.2437,-8.9972],[148.8916,-9.051],[148.7583,-9.1037],[148.5593,-9.0325],[148.4368,-8.6662],[148.2376,-8.5693],[148.2108,-8.3061],[148.114,-8.0554],[147.9985,-8.0554],[147.8765,-7.9372],[147.7268,-7.9321],[147.6834,-7.8107],[147.3545,-7.5153],[147.2302,-7.4869],[147.1619,-7.3906],[147.1414,-7.2131],[147.0583,-7.0549],[146.9562,-6.9547],[146.9773,-6.7404],[147.7756,-6.7179],[147.854,-6.691],[147.8675,-6.4763],[147.8267,-6.3354],[147.7262,-6.2722],[147.6218,-6.1066],[147.4491,-5.9616],[147.2891,-5.9313],[147.2438,-5.9661],[147.0422,-5.9387],[146.9329,-5.842],[146.8128,-5.8386],[146.6566,-5.7491],[146.4609,-5.5993],[146.2849,-5.5826],[145.9563,-5.4747],[145.7596,-5.477],[145.7274,-5.4225],[145.8108,-5.0665],[145.8119,-4.861],[145.6902,-4.7682],[145.3457,-4.3902],[145.1813,-4.3902],[145.051,-4.3419],[144.8678,-4.0992],[144.5513,-3.9684],[144.5134,-3.8176],[144.355,-3.798],[144.2036,-3.8378],[143.9959,-3.7931],[143.818,-3.6217],[143.6187,-3.5449],[143.4779,-3.4206],[143.1255,-3.3481],[143.0293,-3.3556],[142.502,-3.1961],[142.1819,-3.0802],[142,-2.956],[141.9055,-2.9672],[141.5762,-2.794],[141.3382,-2.7018],[141.2759,-2.6423],[141.043,-2.5898],[140.9745,-2.6005]]],[[[153.7616,-11.5859],[153.6956,-11.5213],[153.5479,-11.4846],[153.2578,-11.3534],[153.2717,-11.4533],[153.3906,-11.505],[153.4356,-11.5784],[153.6082,-11.6126],[153.7616,-11.5859]]],[[[154.2817,-11.3482],[154.0912,-11.3206],[154.0962,-11.4291],[154.2817,-11.3482]]],[[[151.177,-9.9547],[151.1276,-10.0422],[150.8823,-9.903],[150.958,-10.1049],[151.2119,-10.1867],[151.3006,-9.9677],[151.177,-9.9547]]],[[[150.801,-9.6524],[150.9309,-9.6524],[150.8884,-9.5214],[150.7595,-9.3992],[150.6738,-9.4387],[150.5055,-9.3377],[150.4269,-9.4187],[150.5493,-9.6232],[150.801,-9.6524]]],[[[150.3689,-9.3718],[150.3342,-9.2825],[150.2145,-9.2058],[150.1423,-9.2477],[150.1082,-9.361],[150.1716,-9.4356],[150.3352,-9.4713],[150.3689,-9.3718]]],[[[152.9955,-9.1413],[152.7942,-9.0035],[152.5994,-8.9889],[152.5981,-9.0686],[152.8116,-9.2547],[152.8943,-9.2502],[152.9955,-9.1413]]],[[[143.6084,-8.6381],[143.4749,-8.5253],[143.4123,-8.5956],[143.6084,-8.6381]]],[[[143.3794,-8.426],[143.5301,-8.4855],[143.5737,-8.3737],[143.3732,-8.3713],[143.3794,-8.426]]],[[[148.0492,-5.6061],[147.7819,-5.4953],[147.7691,-5.6117],[147.8958,-5.7707],[148.0246,-5.842],[148.0676,-5.7468],[148.0492,-5.6061]]],[[[155.9334,-6.6408],[155.9168,-6.5175],[155.8133,-6.3648],[155.7139,-6.2792],[155.4522,-6.1371],[155.4038,-6.006],[155.1921,-5.7659],[155.0693,-5.5522],[154.7704,-5.5588],[154.7002,-5.7669],[154.7559,-5.9478],[154.9596,-6.1306],[154.9787,-6.193],[155.1817,-6.2917],[155.2346,-6.3634],[155.1873,-6.5545],[155.3609,-6.7459],[155.5236,-6.8391],[155.7178,-6.8728],[155.8164,-6.7822],[155.8782,-6.8015],[155.9334,-6.6408]]],[[[147.2096,-5.27],[147.134,-5.1909],[147.0181,-5.2439],[147.0104,-5.3349],[147.1272,-5.4433],[147.2273,-5.4096],[147.2096,-5.27]]],[[[154.7274,-5.2114],[154.679,-5.0466],[154.5827,-5.1403],[154.5739,-5.2907],[154.6318,-5.4591],[154.6887,-5.4273],[154.7274,-5.2114]]],[[[145.9968,-4.5343],[145.9065,-4.5905],[145.8757,-4.6868],[145.9392,-4.7609],[146.0447,-4.7011],[145.9968,-4.5343]]],[[[152.418,-4.3453],[152.1779,-4.2968],[152.1367,-4.2047],[151.9647,-4.3312],[151.8171,-4.214],[151.5403,-4.1767],[151.5073,-4.2292],[151.5539,-4.3964],[151.6091,-4.4518],[151.6956,-4.8188],[151.6125,-4.9656],[151.388,-4.9145],[151.2528,-4.9929],[151.0829,-5.1638],[151.0222,-5.3903],[150.8755,-5.4931],[150.8096,-5.4433],[150.719,-5.5341],[150.4234,-5.4566],[150.3069,-5.5615],[150.1423,-5.5341],[150.0581,-5.3429],[150.0619,-5.1811],[150.182,-5.1025],[150.1566,-5.0202],[150.0349,-5.0344],[150.0144,-5.2475],[149.9165,-5.3492],[149.9802,-5.4381],[149.8728,-5.5276],[149.7184,-5.5689],[149.6149,-5.5136],[149.3905,-5.5873],[149.2,-5.5652],[148.978,-5.4653],[148.8328,-5.5339],[148.6519,-5.4809],[148.5564,-5.54],[148.4299,-5.4448],[148.3421,-5.5333],[148.3247,-5.6464],[148.3862,-5.7751],[148.5515,-5.837],[148.6211,-5.8079],[148.772,-5.8733],[148.8539,-5.9798],[149.0121,-6.0276],[149.1419,-6.1442],[149.3042,-6.0587],[149.464,-6.1026],[149.6294,-6.2992],[149.9114,-6.2949],[150.054,-6.2577],[150.273,-6.295],[150.4651,-6.274],[150.5881,-6.1784],[150.7961,-6.1203],[150.8804,-6.0539],[151.2085,-5.9428],[151.3555,-5.8342],[151.4651,-5.685],[151.479,-5.5299],[151.7394,-5.5341],[151.786,-5.5849],[151.9717,-5.5341],[152.0989,-5.4557],[152.1231,-5.2908],[151.988,-5.164],[151.9927,-4.9718],[152.1367,-4.9991],[152.2918,-4.9355],[152.3864,-4.7912],[152.4116,-4.6838],[152.3652,-4.4721],[152.418,-4.3453]]],[[[153.1372,-4.2695],[152.9563,-3.9986],[152.8711,-3.9909],[152.7776,-3.8974],[152.5752,-3.8181],[152.4929,-3.6428],[152.4247,-3.6565],[152.3633,-3.5432],[152.2175,-3.457],[152.0525,-3.2467],[151.8281,-3.1904],[151.6868,-3.067],[151.4373,-2.9089],[151.2163,-2.8692],[151.1704,-2.7851],[151.0223,-2.6992],[150.8933,-2.6752],[150.7949,-2.7291],[151.0906,-2.8327],[151.4304,-3.0533],[151.4739,-3.1176],[151.6125,-3.1662],[151.8091,-3.3611],[151.9841,-3.4589],[152.1711,-3.4902],[152.2886,-3.5698],[152.3599,-3.6941],[152.5189,-3.8547],[152.6878,-4.1638],[152.7039,-4.29],[152.6712,-4.4518],[152.7326,-4.6496],[152.8738,-4.7888],[152.9802,-4.7595],[153.0752,-4.6018],[153.054,-4.4523],[153.1372,-4.3759],[153.1372,-4.2695]]],[[[150.4651,-2.5325],[150.4473,-2.4845],[150.2079,-2.3748],[149.9946,-2.4665],[150.1868,-2.6795],[150.4513,-2.6584],[150.4651,-2.5325]]],[[[147.4328,-1.9838],[147.4226,-2.0458],[147.11,-1.9633],[146.8698,-1.947],[146.6521,-1.9645],[146.5801,-2.0203],[146.648,-2.1694],[146.9549,-2.1948],[147.1307,-2.1625],[147.2165,-2.183],[147.282,-2.0811],[147.4312,-2.0608],[147.4328,-1.9838]]],[[[149.735,-1.4736],[149.6276,-1.3571],[149.541,-1.4645],[149.667,-1.5759],[149.735,-1.4736]]]]},"properties":{"ADMIN":"Papua New Guinea","ADM0_A3":"PNG","NAME_EN":"Papua New Guinea","LABEL_X":143.910216,"LABEL_Y":-5.695285,"FCLASS_IN":""}},
{"type":"Feature","geometry":{"type":"Polygon","coordinates":[[[73.7118,36.8941],[73.1918,36.877],[72.8677,36.8304],[72.5652,36.8206],[72.4541,36.758],[72.2136,36.7264],[71.7363,36.3959],[71.6291,36.4595],[71.3824,36.2186],[71.2231,36.1254],[71.1709,36.027],[71.3416,35.9473],[71.5935,35.5494],[71.6224,35.4296],[71.5298,35.3009],[71.6337,35.2031],[71.5089,35.072],[71.46,34.9427],[71.2895,34.875],[71.2031,34.7482],[71.0806,34.6729],[71.0658,34.5585],[70.9708,34.4689],[71.122,34.3568],[71.1018,34.1518],[71.0467,34.0419],[70.8622,33.9648],[70.522,33.9387],[70.3282,33.9573],[70.0028,34.0438],[69.8893,34.0312],[69.8411,33.9418],[69.9575,33.7527],[70.1082,33.7273],[70.1702,33.6387],[70.155,33.5066],[70.2944,33.3189],[70.1248,33.199],[69.8809,33.0892],[69.7718,33.1148],[69.5475,33.075],[69.4685,32.9943],[69.4773,32.8568],[69.3872,32.7853],[69.4291,32.6674],[69.282,32.5328],[69.228,32.4213],[69.2644,32.3224],[69.251,32.1306],[69.2988,31.9377],[69.004,31.6511],[68.7773,31.6186],[68.6758,31.7747],[68.5275,31.823],[68.3561,31.7625],[68.1257,31.8115],[68.0466,31.6884],[67.8707,31.6352],[67.7267,31.5314],[67.569,31.5299],[67.597,31.4257],[67.7704,31.3947],[67.7494,31.328],[67.3462,31.2078],[67.0229,31.2394],[66.9433,31.3147],[66.697,31.1958],[66.6631,31.0831],[66.55,30.977],[66.3663,30.9229],[66.268,30.6014],[66.3218,30.4374],[66.3009,30.2256],[66.2252,30.0444],[66.3405,29.9566],[66.1956,29.8353],[65.0364,29.5402],[64.8203,29.5679],[64.4777,29.5704],[64.1726,29.4843],[64.0861,29.3866],[63.972,29.4296],[63.5686,29.4975],[62.4775,29.4078],[62.3745,29.4249],[61.6134,29.6385],[60.8444,29.8582],[61.2792,29.4066],[61.3423,29.2545],[61.4878,29.0807],[61.5665,28.871],[61.653,28.7563],[61.8928,28.5426],[62.0491,28.4863],[62.3628,28.4189],[62.5756,28.229],[62.7664,28.2115],[62.7357,27.995],[62.7803,27.8297],[62.8147,27.495],[62.756,27.3481],[62.8006,27.2252],[62.9196,27.2149],[63.167,27.2587],[63.2515,27.219],[63.2299,27.0541],[63.2649,26.89],[63.1823,26.8302],[63.1413,26.6254],[62.7536,26.6442],[62.5953,26.5807],[62.428,26.5648],[62.292,26.5012],[62.2434,26.3506],[61.8571,26.2424],[61.8099,26.1674],[61.7601,25.8376],[61.6603,25.7692],[61.62,25.2855],[61.5882,25.2021],[61.7801,25.1625],[61.8811,25.103],[62.0756,25.1007],[62.08,25.1972],[62.2542,25.212],[62.3659,25.1794],[62.4772,25.2591],[62.7705,25.2619],[63.0278,25.2204],[63.1785,25.258],[63.5005,25.1937],[63.4852,25.2843],[63.5725,25.365],[63.8049,25.375],[64.0667,25.3463],[64.6628,25.2291],[64.8073,25.3285],[65.1553,25.2961],[65.2323,25.3707],[65.3954,25.3923],[65.6716,25.3474],[65.8584,25.4175],[66.2518,25.4729],[66.437,25.5977],[66.5871,25.4262],[66.5479,25.3656],[66.7175,25.2312],[66.6797,24.8306],[66.9651,24.8436],[67.176,24.7577],[67.1496,24.6351],[67.2468,24.468],[67.3003,24.1863],[67.354,24.0709],[67.4407,24.0703],[67.5205,23.907],[67.6316,23.8035],[67.8026,23.8128],[67.8645,23.8658],[68.1022,23.7338],[68.183,23.8421],[68.2519,23.9048],[68.4316,23.9671],[68.7245,23.9652],[68.7259,24.2892],[68.8903,24.3195],[68.9808,24.2554],[69.2808,24.2837],[69.5631,24.2768],[69.6706,24.1887],[69.972,24.1652],[70.1097,24.3049],[70.4164,24.4019],[70.5629,24.4241],[70.5602,24.2873],[70.7555,24.2314],[70.9177,24.3617],[70.9967,24.3566],[70.9548,24.5845],[71.0639,24.6826],[70.8933,25.0019],[70.8599,25.1394],[70.7231,25.2873],[70.6466,25.4314],[70.6575,25.6336],[70.5923,25.7088],[70.4772,25.6763],[70.2646,25.6973],[70.0646,25.9803],[70.132,26.1805],[70.1581,26.5301],[70.0561,26.5891],[69.8156,26.5803],[69.5042,26.7352],[69.4651,26.8078],[69.5076,27.0501],[69.5756,27.1884],[69.848,27.4104],[70.0169,27.6006],[70.0907,27.7936],[70.3419,28.0115],[70.4562,28.0398],[70.6332,27.9316],[70.7104,27.7412],[70.8316,27.7015],[71.1507,27.8224],[71.3114,27.8617],[71.5607,27.8685],[71.8609,27.9502],[71.8916,28.0971],[71.9882,28.2281],[72.1499,28.3538],[72.2565,28.6456],[72.3822,28.784],[72.9015,29.0226],[73.0509,29.2282],[73.2329,29.5366],[73.3703,29.9273],[73.5578,30.0125],[73.7397,30.0485],[73.9444,30.1883],[73.8518,30.3727],[73.9391,30.4261],[74.0571,30.5916],[74.1637,30.6649],[74.3298,30.8996],[74.5193,30.9625],[74.601,31.0566],[74.5064,31.1754],[74.6119,31.4402],[74.4894,31.7112],[74.5656,31.8405],[74.8286,32.0254],[74.9557,32.0322],[75.2947,32.1489],[75.359,32.2617],[75.1962,32.3973],[75.0237,32.4663],[74.725,32.4608],[74.6296,32.5881],[74.6497,32.7231],[74.521,32.7453],[73.983,32.9691],[73.8224,33.0132],[73.6225,33.1245],[73.5738,33.3874],[73.6252,33.5755],[73.5672,33.8034],[73.5798,33.9105],[73.5186,34.0078],[73.4741,34.2692],[73.4002,34.3755],[73.4471,34.558],[73.6389,34.5855],[73.6479,34.6678],[73.7584,34.7925],[74.0121,34.8762],[74.1247,35.0992],[73.6889,35.3067],[73.7584,35.527],[73.5048,35.5339],[73.1353,35.715],[73.0853,35.8765],[72.8722,35.8743],[72.7924,35.8376],[72.5156,35.904],[72.5882,36.0128],[72.5292,36.1026],[72.5649,36.2301],[72.6924,36.2711],[72.9808,36.4708],[73.0945,36.6033],[73.0782,36.7008],[73.416,36.7521],[73.6734,36.7045],[73.869,36.785],[73.7118,36.8941]]]},"properties":{"ADMIN":"Pakistan","ADM0_A3":"PAK","NAME_EN":"Pakistan","LABEL_X":68.545632,"LABEL_Y":29.328389,"FCLASS_IN":""}},
{"type":"Feature","geometry":{"type":"Polygon","coordinates":[[[34.2484,31.2114],[34.2003,31.3143],[34.047,31.2292],[33.648,31.1173],[33.4995,31.1281],[33.1877,31.0617],[33.0986,31.1895],[32.9688,31.0865],[32.7313,31.0388],[32.5095,31.1069],[32.3005,31.2814],[32.2482,31.1069],[32.057,31.0797],[32.0296,31.1895],[31.9347,31.1876],[31.7902,31.3435],[31.8718,31.4098],[31.8379,31.5253],[31.5974,31.4445],[31.5237,31.4497],[31.221,31.5799],[31.0349,31.5197],[30.9094,31.4238],[30.7407,31.4055],[30.3622,31.5087],[30.2678,31.2573],[30.1652,31.2168],[30.0422,31.3205],[29.8384,31.1541],[29.5033,30.9567],[29.2189,30.838],[29.0281,30.8271],[28.818,30.9512],[28.405,31.0865],[28.3184,31.0598],[27.8971,31.1144],[27.8633,31.2335],[27.6603,31.1802],[27.3835,31.2685],[27.3206,31.381],[27.1174,31.3904],[26.9655,31.4497],[26.3622,31.5219],[25.9668,31.6166],[25.8241,31.6149],[25.4019,31.5032],[25.1909,31.5315],[25.1509,31.6565],[25.0237,31.4944],[24.8613,31.3804],[24.8595,31.146],[24.9949,30.7851],[24.9077,30.4987],[24.7724,30.331],[24.6883,30.1442],[24.8116,29.8909],[24.8049,29.7548],[24.8707,29.6383],[24.8738,29.4683],[24.9812,29.1814],[24.9812,28.4915],[24.9812,27.6665],[24.9812,26.6645],[24.9812,26.0808],[24.9812,25.2054],[24.9812,24.6217],[24.9812,23.7463],[24.9812,22.579],[24.9812,21.9954],[26.3438,21.9951],[27.317,21.9949],[28.2903,21.9948],[29.4582,21.9946],[30.4315,21.9945],[31.2484,21.9944],[31.3595,22.1881],[31.4906,22.1482],[31.4355,21.9954],[32.136,21.9954],[33.1811,21.9954],[34.0842,21.9955],[35.4864,21.9956],[36.8836,21.9957],[36.8954,22.0661],[36.7137,22.1691],[36.5628,22.2967],[36.4398,22.3564],[36.1978,22.6517],[35.886,22.7357],[35.6953,22.9321],[35.6211,23.1393],[35.5747,23.2126],[35.5414,23.4096],[35.4894,23.497],[35.5101,23.7564],[35.4748,23.7979],[35.5139,23.9771],[35.4938,24.1089],[35.3919,24.2828],[35.2355,24.4001],[34.9898,24.905],[34.6819,25.4287],[34.5466,25.725],[34.3387,26.0018],[34.014,26.6116],[33.9414,26.6535],[33.9458,26.8178],[34.0036,26.8489],[33.8368,27.1208],[33.8254,27.2597],[33.6917,27.3419],[33.633,27.4958],[33.5579,27.5368],[33.5227,27.7519],[33.5762,27.8505],[33.5125,27.9591],[33.3381,28.0854],[33.1265,28.2875],[33.0029,28.4895],[32.8689,28.5789],[32.8206,28.7479],[32.6255,28.9727],[32.6597,29.0891],[32.5915,29.3495],[32.3377,29.5999],[32.3928,29.7344],[32.5635,29.9724],[32.6907,29.7336],[32.6808,29.5999],[32.7415,29.456],[32.8172,29.414],[32.8856,29.2431],[33.145,29.0317],[33.1948,28.6751],[33.2287,28.5694],[33.4339,28.3664],[33.5647,28.2971],[33.7634,28.024],[33.9876,27.8867],[34.0785,27.8007],[34.2395,27.7941],[34.4274,27.9831],[34.4553,28.1675],[34.4069,28.308],[34.6335,28.7707],[34.6746,29.1065],[34.7366,29.3051],[34.8867,29.4901],[34.8244,29.7417],[34.5995,30.3445],[34.5338,30.4002],[34.4804,30.6512],[34.2484,31.2114]]]},"properties":{"ADMIN":"Egypt","ADM0_A3":"EGY","NAME_EN":"Egypt","LABEL_X":29.445837,"LABEL_Y":26.186173,"FCLASS_IN":""}},
{"type":"Feature","geometry":{"type":"MultiPolygon","coordinates":[[[[51.9786,18.9956],[51.0198,18.8666],[49.7384,18.6942],[49.1288,18.6121],[49.0358,18.5797],[48.1619,18.1489],[47.589,17.4633],[47.4276,17.0918],[47.1909,16.9589],[46.9703,16.9568],[46.7472,17.2548],[46.7101,17.2754],[46.3226,17.2241],[45.4304,17.312],[45.1654,17.4284],[44.6465,17.4318],[44.4041,17.4187],[44.1045,17.352],[43.7506,17.3457],[43.5034,17.5135],[43.391,17.512],[43.165,17.3259],[43.1087,16.927],[43.2086,16.7734],[43.1629,16.6615],[43.0849,16.6726],[43.0363,16.5363],[42.9174,16.4838],[42.7895,16.371],[42.8433,16.0522],[42.82,15.8749],[42.6992,15.7174],[42.7192,15.57],[42.7743,15.491],[42.8031,15.2452],[42.9373,14.9485],[42.9422,14.7889],[43.0287,14.538],[42.9935,14.4483],[43.0955,14.084],[43.2332,13.8764],[43.2809,13.7221],[43.2542,13.5266],[43.2489,13.2127],[43.4732,12.8466],[43.4623,12.6933],[43.5877,12.7514],[43.9094,12.6453],[43.9463,12.598],[44.1912,12.6191],[44.433,12.6936],[44.5428,12.7973],[44.6936,12.8035],[44.8683,12.7321],[44.9446,12.834],[45.0233,12.8411],[45.1935,13.0127],[45.403,13.0701],[45.4942,13.1946],[45.6658,13.342],[45.9406,13.3994],[46.2345,13.4363],[46.313,13.4136],[46.7007,13.4303],[46.9119,13.5333],[47.3982,13.6549],[47.6672,13.8872],[47.8665,13.9617],[48.0169,14.0573],[48.1887,13.9691],[48.3382,14.0163],[48.6815,14.0436],[48.8525,14.167],[48.887,14.2503],[49.0037,14.3248],[49.078,14.5061],[49.5781,14.7373],[49.9421,14.8388],[50.1795,14.8433],[50.554,15.0486],[51.0698,15.1496],[51.3678,15.2297],[51.6799,15.4035],[52.0471,15.57],[52.2284,15.6161],[52.2244,15.8467],[52.1555,15.9839],[52.2927,16.2638],[52.5977,16.4767],[53.0903,16.6424],[52.8016,17.2674],[52.7301,17.2999],[52.4845,17.8542],[51.9786,18.9956]]],[[[54.4707,12.5436],[54.1194,12.7011],[54.0081,12.6457],[53.7629,12.6197],[53.6548,12.7048],[53.4999,12.7121],[53.396,12.6565],[53.3342,12.5155],[53.5056,12.4163],[53.5721,12.3346],[53.7764,12.305],[54.1405,12.3513],[54.2459,12.4335],[54.4447,12.4847],[54.4707,12.5436]]]]},"properties":{"ADMIN":"Yemen","ADM0_A3":"YEM","NAME_EN":"Yemen","LABEL_X":45.874383,"LABEL_Y":15.328226,"FCLASS_IN":""}},
{"type":"Feature","geometry":{"type":"Polygon","coordinates":[[[-8.6824,27.2854],[-8.6808,26.0131],[-8.7072,25.995],[-9.6987,25.995],[-10.9073,25.995],[-12.0153,25.9949],[-12.0153,25.3146],[-12.0153,24.2563],[-12.0153,23.4952],[-12.3539,23.3225],[-12.6194,23.2708],[-13.0152,23.018],[-13.1199,22.8835],[-13.1655,22.7527],[-13.0933,22.4955],[-13.0152,21.3334],[-14.0155,21.3333],[-15.0023,21.3332],[-16.2677,21.3329],[-16.9588,21.3329],[-17.0812,20.8747],[-17.0569,20.7669],[-17.0044,20.9324],[-17.0159,21.0312],[-16.9312,21.1515],[-16.7454,20.8686],[-16.665,20.6706],[-16.5525,20.5764],[-16.4808,20.6751],[-16.3912,20.5695],[-16.2951,20.3306],[-16.1997,20.2152],[-16.2611,20.1357],[-16.214,20.0333],[-16.298,19.9225],[-16.2338,19.7936],[-16.3846,19.5739],[-16.2849,19.5293],[-16.3592,19.4158],[-16.4637,19.3815],[-16.4746,19.2708],[-16.2828,19.1304],[-16.2046,18.9827],[-16.132,18.6286],[-16.0694,18.484],[-16.0242,17.9602],[-16.049,17.6672],[-16.1726,17.2624],[-16.3431,16.9423],[-16.4592,16.6439],[-16.4672,16.4929],[-16.5392,16.2672],[-16.5273,15.9774],[-16.5423,15.8088],[-16.466,16.1741],[-16.3811,16.2467],[-16.3274,16.4746],[-16.1323,16.5548],[-16.0538,16.4954],[-15.813,16.5138],[-15.6722,16.4814],[-15.4909,16.5645],[-15.1251,16.5827],[-14.9743,16.6914],[-14.9309,16.6434],[-14.597,16.6292],[-14.4066,16.6608],[-14.3433,16.6367],[-14.0156,16.3559],[-13.9641,16.2301],[-13.8113,16.1221],[-13.6759,16.1069],[-13.4849,16.155],[-13.3137,15.9221],[-13.2378,15.6234],[-13.1222,15.6035],[-13.0896,15.497],[-12.9643,15.5092],[-12.8568,15.222],[-12.6903,15.0924],[-12.6229,15.1023],[-12.4715,14.998],[-12.3825,14.846],[-12.2641,14.7749],[-11.974,14.7798],[-11.8371,14.8931],[-11.8138,15.0285],[-11.8457,15.1791],[-11.7271,15.5412],[-11.6441,15.5264],[-11.5243,15.6003],[-11.4096,15.6022],[-11.2982,15.451],[-11.0454,15.2702],[-10.9152,15.1029],[-10.7364,15.4226],[-10.3087,15.4352],[-10.1316,15.3726],[-9.8356,15.3711],[-9.6721,15.4307],[-9.4239,15.4405],[-9.3492,15.4956],[-8.327,15.4953],[-7.5172,15.495],[-6.6739,15.4947],[-5.511,15.4959],[-5.3533,16.312],[-5.6233,16.5278],[-5.7565,17.741],[-5.8575,18.6608],[-5.9635,19.6206],[-6.1137,20.9196],[-6.2194,21.8229],[-6.3747,23.1503],[-6.4984,24.2084],[-6.5931,24.9941],[-5.9288,24.9944],[-4.8216,24.9951],[-5.516,25.4233],[-6.1399,25.7902],[-7.297,26.4707],[-8.0886,26.9362],[-8.6824,27.2854]]]},"properties":{"ADMIN":"Mauritania","ADM0_A3":"MRT","NAME_EN":"Mauritania","LABEL_X":-9.740299,"LABEL_Y":19.587062,"FCLASS_IN":""}},
{"type":"Feature","geometry":{"type":"MultiPolygon","coordinates":[[[[9.7996,2.3417],[9.7655,2.0854],[9.7991,1.9011],[9.6175,1.6715],[9.5642,1.5034],[9.4076,1.2838],[9.3602,1.147],[9.5065,1.1376],[9.5843,1.043],[9.7551,1.1059],[9.8044,0.9984],[9.9086,0.9351],[10.0294,1.0035],[11.3363,0.9992],[11.3317,1.7851],[11.3221,2.1658],[9.991,2.1656],[9.8109,2.2649],[9.7996,2.3417]]],[[[8.9227,3.7507],[8.7024,3.7609],[8.6279,3.6483],[8.5628,3.4565],[8.4739,3.4631],[8.422,3.3393],[8.4502,3.2729],[8.6955,3.2086],[8.7747,3.3166],[8.8607,3.5118],[8.9575,3.643],[8.9227,3.7507]]]]},"properties":{"ADMIN":"Equatorial Guinea","ADM0_A3":"GNQ","NAME_EN":"Equatorial Guinea","LABEL_X":8.9902,"LABEL_Y":2.333,"FCLASS_IN":""}},
{"type":"Feature","geometry":{"type":"Polygon","coordinates":[[[-16.7537,13.065],[-16.6735,13.1643],[-15.8333,13.1568],[-15.8227,13.3194],[-15.5195,13.3866],[-15.3792,13.3625],[-15.2278,13.4252],[-15.1377,13.59],[-15.0151,13.4957],[-14.7796,13.4109],[-14.7316,13.359],[-14.5922,13.3531],[-14.395,13.243],[-14.2017,13.2296],[-14.0566,13.2972],[-13.851,13.3358],[-13.8187,13.4294],[-13.9675,13.5756],[-14.0929,13.5547],[-14.3299,13.4564],[-14.4703,13.5224],[-14.5855,13.6605],[-14.7286,13.6193],[-14.8029,13.6523],[-14.9158,13.7924],[-15.0977,13.82],[-15.2673,13.7418],[-15.3941,13.7715],[-15.5182,13.5831],[-16.5614,13.5869],[-16.8297,13.3385],[-16.7537,13.065]]]},"properties":{"ADMIN":"Gambia","ADM0_A3":"GMB","NAME_EN":"The Gambia","LABEL_X":-14.998318,"LABEL_Y":13.641721,"FCLASS_IN":""}},
{"type":"Feature","geometry":{"type":"Polygon","coordinates":[[[114.2298,22.5558],[114.0824,22.5294],[113.9144,22.3761],[114.111,22.366],[114.2783,22.2705],[114.278,22.391],[114.3381,22.4464],[114.2298,22.5558]]]},"properties":{"ADMIN":"Hong Kong S.A.R.","ADM0_A3":"HKG","NAME_EN":"Hong Kong","LABEL_X":114.097769,"LABEL_Y":22.448829,"FCLASS_IN":""}},
{"type":"Feature","geometry":{"type":"Polygon","coordinates":[[[12.4531,41.9028],[12.454,41.9028],[12.454,41.9039],[12.453,41.9039],[12.4531,41.9028]]]},"properties":{"ADMIN":"Vatican","ADM0_A3":"VAT","NAME_EN":"Vatican City","LABEL_X":12.453418,"LABEL_Y":41.903323,"FCLASS_IN":""}},
{"type":"Feature","geometry":{"type":"Polygon","coordinates":[[[33.0156,34.6344],[32.8323,34.7009],[32.7607,34.6532],[33.0156,34.6344]]]},"properties":{"ADMIN":"Akrotiri Sovereign Base Area","ADM0_A3":"WSB","NAME_EN":"Akrotiri Sovereign Base Area","LABEL_X":32.979025,"LABEL_Y":34.60083,"FCLASS_IN":""}},
{"type":"Feature","geometry":{"type":"Polygon","coordinates":[[[33.1811,21.9954],[33.5584,21.711],[33.8665,21.7497],[33.9991,21.7674],[34.0842,21.9955],[33.1811,21.9954]]]},"properties":{"ADMIN":"Bir Tawil","ADM0_A3":"BRT","NAME_EN":"Bir Tawil","LABEL_X":33.673428,"LABEL_Y":21.860442,"FCLASS_IN":""}},
{"type":"Feature","geometry":{"type":"MultiPolygon","coordinates":[[[[-51.7306,-82.0626],[-52.6431,-82.1604],[-53.2249,-82.1251],[-54.7615,-82.2997],[-55.1876,-82.4583],[-55.9272,-82.4831],[-56.338,-82.6454],[-57.6989,-82.9103],[-57.8966,-83.009],[-59.47,-83.4601],[-60.4461,-83.4687],[-61.6248,-83.3122],[-61.0401,-83.1196],[-60.9783,-82.9752],[-61.9325,-82.9723],[-62.795,-82.5197],[-61.1202,-82.3443],[-60.5062,-82.2151],[-60.7087,-82.1607],[-62.073,-82.2875],[-62.4719,-82.2564],[-63.8418,-82.3022],[-65.0726,-82.406],[-66.0624,-82.1954],[-65.7015,-81.9689],[-65.8031,-81.8884],[-63.5772,-81.8718],[-63.4794,-81.78],[-65.6249,-81.7841],[-65.6917,-81.7105],[-63.7374,-81.6894],[-62.2073,-81.6926],[-62.4142,-81.5575],[-65.1743,-81.5123],[-68.3717,-81.1103],[-68.0877,-81.051],[-68.6803,-80.9609],[-69.1741,-81.0297],[-69.9758,-80.976],[-70.3971,-80.8233],[-70.4337,-80.6573],[-71.2818,-80.6635],[-72.557,-80.7986],[-72.7692,-80.9692],[-74.0469,-80.8041],[-74.8383,-80.9194],[-75.7251,-80.8185],[-75.1925,-80.7713],[-75.712,-80.6381],[-75.424,-80.5416],[-75.5784,-80.4035],[-76.1153,-80.2819],[-76.2745,-80.0811],[-77.6661,-80.1817],[-78.3727,-80.1503],[-79.6454,-80.0213],[-79.6873,-79.9826],[-77.4191,-80.0138],[-76.6322,-79.9392],[-76.0976,-79.7336],[-75.9246,-79.5203],[-76.5326,-79.3129],[-80.4294,-79.2585],[-80.4923,-79.5779],[-81.1173,-79.4699],[-81.3193,-79.2985],[-81.1057,-79.2034],[-81.7428,-79.0654],[-82.5795,-78.9446],[-83.2535,-78.7727],[-83.8861,-78.4194],[-83.6813,-78.3272],[-83.6776,-78.0115],[-82.487,-78.4658],[-80.2952,-78.8468],[-77.754,-78.7358],[-77.3612,-78.6244],[-77.4125,-78.4196],[-79.2808,-78.1718],[-81.6162,-77.8621],[-80.7623,-77.79],[-80.2272,-77.7978],[-79.4237,-77.878],[-79.1456,-77.8447],[-77.6854,-77.9299],[-75.2176,-78.1446],[-75.108,-78.1905],[-74.2694,-78.1292],[-73.6273,-78.025],[-72.8045,-77.699],[-72.7223,-77.5756],[-75.0804,-77.4371],[-75.5266,-77.5412],[-75.9213,-77.3366],[-76.3226,-77.2629],[-77.1869,-76.8266],[-77.5236,-76.7298],[-77.5093,-76.5561],[-76.9291,-76.6038],[-76.4993,-76.525],[-75.8943,-76.621],[-75.2103,-76.5652],[-74.082,-76.6936],[-73.9368,-76.653],[-72.4062,-76.6894],[-71.7091,-76.7628],[-70.7748,-76.7335],[-70.3321,-76.6777],[-69.9784,-76.5346],[-70.1809,-76.4506],[-69.4748,-76.341],[-68.0181,-76.2211],[-68.1043,-76.1479],[-66.2186,-76.0108],[-63.1616,-75.4094],[-63.7621,-75.3246],[-64.3299,-75.3664],[-64.2723,-75.2411],[-63.5096,-75.1594],[-63.0409,-75.1472],[-63.344,-75.0074],[-63.9004,-75.0353],[-63.5731,-74.8714],[-63.0622,-74.8925],[-63.293,-74.7201],[-63.119,-74.6523],[-62.6732,-74.7033],[-62.5911,-74.9511],[-62.1319,-74.9516],[-61.873,-74.8515],[-61.7821,-74.7218],[-62.3342,-74.4581],[-61.5427,-74.544],[-61.0679,-74.5196],[-60.682,-74.3248],[-60.8581,-74.2452],[-61.2787,-74.3298],[-61.4044,-74.2486],[-61.0554,-74.1031],[-61.3505,-74.0662],[-61.791,-73.9067],[-60.9108,-73.8998],[-60.7347,-73.7158],[-60.7995,-73.5779],[-61.7129,-73.4601],[-61.5685,-73.3531],[-62.0651,-73.1305],[-61.37,-73.2037],[-61.1676,-73.3198],[-60.7031,-73.391],[-60.4504,-73.3019],[-60.0936,-73.2992],[-59.9041,-72.9934],[-60.247,-73.0339],[-60.6221,-72.9423],[-60.5204,-72.6827],[-61.0418,-72.7016],[-61.3656,-72.466],[-60.6426,-72.4299],[-60.6618,-72.2558],[-60.9379,-72.1584],[-60.6545,-72.0416],[-61.4274,-72.0652],[-62.1122,-72.0095],[-62.4409,-71.9196],[-61.4972,-71.8549],[-61.0918,-71.871],[-60.7716,-71.76],[-61.119,-71.5393],[-61.5572,-71.6906],[-61.7258,-71.5328],[-61.1293,-71.4148],[-60.9346,-71.1822],[-61.3339,-71.04],[-61.2617,-70.8942],[-61.5544,-70.8412],[-62.0038,-70.9213],[-62.0058,-70.7931],[-61.3542,-70.5611],[-61.4164,-70.5022],[-61.9352,-70.4994],[-62.3805,-70.414],[-62.4364,-70.3048],[-62.2594,-70.2184],[-61.8687,-70.2083],[-62.0093,-70.0759],[-62.3273,-69.9826],[-62.5297,-69.8639],[-62.3842,-69.6811],[-62.3973,-69.5152],[-62.6534,-69.3889],[-62.9625,-69.379],[-63.3208,-69.0501],[-63.8675,-69.007],[-63.2123,-68.8386],[-63.3708,-68.7741],[-63.8129,-68.718],[-63.7418,-68.5717],[-63.4654,-68.5475],[-63.3285,-68.4151],[-63.9059,-68.4889],[-64.1278,-68.545],[-64.0774,-68.7149],[-64.3594,-68.7844],[-65.1665,-68.6286],[-65.3385,-68.5634],[-64.9757,-68.4078],[-65.3916,-68.3862],[-65.4811,-68.3084],[-65.1666,-68.215],[-64.8008,-68.1638],[-64.9891,-68.0891],[-65.7607,-68.1657],[-65.7809,-68.0948],[-65.3804,-68.0117],[-65.6728,-67.8884],[-65.5502,-67.7203],[-65.3375,-67.658],[-65.5887,-67.5544],[-65.3269,-67.3991],[-64.7491,-67.3073],[-65.0077,-67.2372],[-64.8531,-67.1696],[-64.9663,-67.0339],[-64.7738,-66.8456],[-64.3685,-66.9112],[-63.8313,-66.9179],[-63.7513,-66.7877],[-63.9362,-66.7042],[-63.912,-66.5026],[-63.7375,-66.3194],[-63.7558,-66.2146],[-63.2346,-66.2394],[-63.163,-66.353],[-62.9051,-66.4767],[-62.7882,-66.6643],[-62.5197,-66.5939],[-62.6904,-66.5099],[-62.5511,-66.4132],[-62.7609,-66.3161],[-62.6683,-66.2275],[-62.2203,-66.1742],[-61.9556,-66.2078],[-61.6824,-66.3166],[-61.2488,-66.1588],[-61.1676,-66.3048],[-60.9708,-66.3259],[-60.8759,-66.1876],[-61.0222,-66.1326],[-60.5775,-65.9401],[-61.2446,-65.9129],[-61.3393,-66.0877],[-61.5776,-66.0227],[-61.7121,-66.1396],[-62.0228,-66.1115],[-62.3724,-65.9157],[-62.3417,-65.7951],[-62.0661,-65.692],[-61.9608,-65.4936],[-62.1983,-65.3045],[-61.9316,-65.1933],[-61.6276,-65.2414],[-61.5558,-65.1579],[-61.7394,-65.0878],[-61.7287,-64.9687],[-61.3812,-65.0533],[-61.0517,-65.0109],[-60.7352,-64.811],[-60.6363,-64.6965],[-60.3555,-64.6282],[-60.2345,-64.5207],[-59.7542,-64.4363],[-59.7689,-64.567],[-59.5554,-64.5626],[-59.6622,-64.3915],[-59.4176,-64.3308],[-59.2753,-64.4548],[-58.993,-64.4435],[-58.7699,-64.2824],[-58.8199,-64.2187],[-58.7333,-64.0314],[-58.2925,-63.7536],[-58.0771,-63.6629],[-57.7509,-63.6563],[-57.6864,-63.5525],[-57.4822,-63.5655],[-57.4454,-63.4444],[-57.1268,-63.5035],[-57.0959,-63.6518],[-56.776,-63.5631],[-57.1059,-63.2414],[-57.2866,-63.2148],[-57.8803,-63.3147],[-58.1317,-63.4444],[-58.8985,-63.5402],[-58.9208,-63.651],[-59.3452,-63.7924],[-59.489,-63.8791],[-59.9109,-63.8479],[-59.9538,-63.9467],[-60.3065,-63.9155],[-60.8772,-64.0475],[-60.9687,-64.2957],[-61.1132,-64.3814],[-61.5829,-64.4426],[-61.6043,-64.5607],[-61.9157,-64.5749],[-61.9709,-64.6904],[-62.1418,-64.7848],[-62.5181,-64.7319],[-62.8979,-64.9311],[-63.2338,-64.9653],[-62.992,-65.1254],[-63.0836,-65.1661],[-63.827,-65.0302],[-64.0821,-65.1936],[-64.1099,-65.2678],[-63.6823,-65.5239],[-64.1451,-65.624],[-64.3964,-65.8093],[-64.6937,-65.8405],[-64.4958,-65.9394],[-64.6865,-66.0383],[-64.9166,-65.9269],[-65.2598,-65.9575],[-65.6405,-66.2148],[-65.6429,-66.3771],[-65.8004,-66.7158],[-66.2921,-66.5859],[-66.5121,-66.6301],[-66.5519,-66.8106],[-66.4406,-66.8456],[-66.6142,-67.038],[-66.4565,-67.1988],[-66.8875,-67.1681],[-66.9173,-66.9568],[-67.5404,-67.1388],[-67.5359,-67.3581],[-67.6608,-67.4828],[-67.4722,-67.549],[-66.9927,-67.4687],[-66.6321,-67.5436],[-67.016,-67.7411],[-66.7967,-67.8005],[-66.8738,-67.9181],[-67.2687,-67.9687],[-66.9459,-68.2228],[-66.6251,-68.2467],[-66.9591,-68.3674],[-67.0162,-68.7857],[-67.3842,-68.7934],[-67.2733,-68.9433],[-66.8782,-68.9645],[-66.7591,-69.0712],[-67.0096,-69.2625],[-67.253,-69.273],[-67.5275,-69.4337],[-67.9533,-69.3746],[-68.6538,-69.3821],[-68.8249,-69.4313],[-68.3619,-69.6834],[-68.4838,-70.0527],[-68.1907,-70.235],[-67.9494,-70.3118],[-67.8463,-70.5103],[-67.6836,-70.6262],[-67.6427,-70.8548],[-67.4111,-70.9929],[-67.4582,-71.1899],[-67.6226,-71.4334],[-67.4241,-71.6205],[-66.8002,-71.9555],[-66.748,-72.0921],[-66.9783,-72.3495],[-67.1513,-72.4289],[-67.2219,-72.5937],[-67.5338,-72.7682],[-67.5111,-72.8341],[-68.4669,-73.0157],[-68.6673,-73.0881],[-69.337,-73.1801],[-69.9189,-73.2185],[-70.293,-73.2934],[-70.8829,-73.256],[-71.423,-73.3538],[-72.2392,-73.3888],[-72.5135,-73.4609],[-73.0731,-73.4444],[-74.1051,-73.7161],[-74.4116,-73.6716],[-74.6628,-73.7353],[-74.9076,-73.6423],[-75.2681,-73.6212],[-75.5329,-73.7081],[-75.8978,-73.7271],[-76.2772,-73.8209],[-76.7783,-73.7903],[-77.2424,-73.8124],[-76.6987,-73.5475],[-76.8798,-73.4586],[-77.2146,-73.5092],[-77.5312,-73.4675],[-78.2012,-73.5563],[-78.8718,-73.5832],[-78.744,-73.3649],[-79.6475,-73.0387],[-80.3777,-72.95],[-80.651,-73.0844],[-80.4368,-73.1882],[-80.3518,-73.3455],[-80.8102,-73.2631],[-81.3112,-73.273],[-81.3282,-73.4801],[-81.1155,-73.5695],[-81.234,-73.7302],[-82.0648,-73.887],[-82.9337,-73.7104],[-83.8816,-73.6667],[-83.7517,-73.5602],[-84.4669,-73.5694],[-85.1015,-73.4871],[-85.5429,-73.3718],[-85.6786,-73.1775],[-86.3677,-73.2628],[-86.4604,-73.3373],[-86.9465,-73.3836],[-87.505,-73.2011],[-87.9215,-73.2527],[-88.4438,-73.2636],[-88.714,-73.1198],[-88.4554,-73.0383],[-88.4063,-72.9184],[-88.1088,-72.8434],[-88.2235,-72.7123],[-89.3485,-72.6345],[-89.1105,-72.7643],[-89.088,-72.9601],[-89.2838,-73.1066],[-90.2067,-73.1498],[-90.5343,-73.2802],[-91.1149,-73.3007],[-91.9538,-73.1845],[-92.8014,-73.1428],[-93.0227,-73.1931],[-93.5716,-73.1752],[-93.9359,-73.2795],[-94.3358,-73.3215],[-94.578,-73.2355],[-95.1938,-73.2091],[-95.6886,-73.2444],[-95.8427,-73.3315],[-96.475,-73.2995],[-97.4189,-73.1249],[-97.9812,-73.1694],[-97.7174,-73.0253],[-99.6822,-73.0173],[-99.8536,-72.9955],[-100.3769,-73.0659],[-100.7659,-72.976],[-101.3102,-72.9908],[-101.9603,-73.0556],[-102.1886,-72.8945],[-102.094,-72.7717],[-103.0414,-72.7076],[-103.4299,-72.8494],[-103.2613,-73.0066],[-103.2883,-73.1594],[-102.8736,-73.3082],[-102.6026,-73.3307],[-101.8566,-73.3045],[-99.7681,-73.3642],[-99.4853,-73.5475],[-98.8912,-73.5885],[-99.8674,-73.7331],[-100.4586,-73.7262],[-100.6321,-73.7822],[-101.1639,-73.7707],[-101.3854,-73.6672],[-102.8898,-73.5855],[-102.789,-73.7488],[-102.9233,-73.8575],[-102.7333,-73.9372],[-102.3937,-73.9318],[-101.5892,-74.0002],[-101.3066,-74.3066],[-101.3959,-74.5027],[-100.9273,-74.5506],[-100.5995,-74.4846],[-100.1307,-74.4734],[-100.0528,-74.6017],[-100.0834,-74.8461],[-99.8844,-74.922],[-99.324,-74.9626],[-99.3797,-75.1127],[-98.8991,-75.175],[-98.642,-75.3095],[-99.0143,-75.3395],[-99.4314,-75.3034],[-100.1374,-75.3845],[-100.4357,-75.3505],[-101.1486,-75.3718],[-101.6568,-75.3054],[-101.5642,-75.1467],[-102.5965,-75.129],[-103.296,-75.0854],[-103.8122,-75.153],[-104.1014,-75.1208],[-104.5506,-75.1607],[-104.8363,-75.1066],[-105.1418,-75.1813],[-106.4491,-75.3168],[-107.8661,-75.3235],[-108.1037,-75.2565],[-109.6929,-75.1461],[-110.1728,-75.2392],[-110.4459,-75.193],[-111.4811,-75.1957],[-111.5268,-75.108],[-111.0179,-74.989],[-110.6754,-74.8294],[-110.2944,-74.7819],[-110.3207,-74.6663],[-110.1031,-74.5486],[-110.4486,-74.2713],[-110.7414,-74.3202],[-111.2308,-74.1967],[-111.6498,-74.1749],[-111.887,-74.2286],[-111.6971,-74.4229],[-111.9168,-74.6184],[-111.5426,-74.8015],[-112.0758,-74.8089],[-112.2458,-74.8626],[-112.9178,-74.8731],[-113.7897,-74.9775],[-113.9696,-74.8849],[-113.8263,-74.7298],[-114.3258,-74.6819],[-113.6493,-74.588],[-113.3109,-74.4807],[-113.8013,-74.4518],[-113.8832,-74.2371],[-113.422,-74.1749],[-113.6112,-74.0252],[-114.21,-73.8635],[-114.734,-73.9269],[-115.1249,-74.0949],[-115.068,-74.2564],[-114.8385,-74.4714],[-115.6493,-74.5309],[-116.0502,-74.4973],[-116.6935,-74.5579],[-117.3412,-74.5468],[-117.6623,-74.5034],[-118.1239,-74.3128],[-118.9755,-74.4042],[-119.135,-74.5981],[-119.8973,-74.6819],[-120.154,-74.6601],[-120.8293,-74.7398],[-122.0039,-74.7752],[-122.2,-74.7538],[-123.4661,-74.7818],[-124.0513,-74.8111],[-124.3656,-74.707],[-125.7401,-74.7048],[-126.1134,-74.7615],[-126.5946,-74.7424],[-126.9391,-74.6767],[-128.473,-74.7634],[-128.7115,-74.8225],[-129.1868,-74.8264],[-129.9751,-74.9133],[-131.0128,-74.8165],[-131.5554,-74.846],[-132.0931,-74.7633],[-132.5787,-74.8258],[-132.7912,-74.7686],[-133.8655,-74.9283],[-134.5863,-74.7363],[-134.5186,-74.6432],[-135.3424,-74.5602],[-135.7001,-74.678],[-136.2248,-74.7014],[-136.8849,-74.8283],[-136.8776,-75.0382],[-136.3744,-75.1081],[-136.346,-75.1778],[-137.0949,-75.1799],[-137.4774,-75.0881],[-139.5666,-75.148],[-140.1571,-75.3406],[-140.277,-75.4325],[-141.2384,-75.5987],[-140.8372,-75.6829],[-140.913,-75.7624],[-141.5272,-75.7675],[-141.8614,-75.5212],[-142.467,-75.4317],[-142.6794,-75.5618],[-143.3918,-75.5383],[-144.3076,-75.6423],[-144.1604,-75.804],[-144.8912,-75.8409],[-145.1803,-75.9072],[-145.9508,-75.8826],[-146.2092,-75.9155],[-146.4996,-76.087],[-145.9091,-76.2592],[-145.5386,-76.3155],[-145.3546,-76.4345],[-145.7184,-76.4649],[-146.2507,-76.4238],[-147.1645,-76.2322],[-148.1971,-76.0871],[-148.5914,-76.1169],[-148.5397,-76.2283],[-149.0333,-76.3019],[-149.4833,-76.2932],[-149.6398,-76.4299],[-148.4528,-76.506],[-148.0395,-76.4485],[-147.0817,-76.4328],[-146.6181,-76.5324],[-146.11,-76.7092],[-145.9451,-76.8303],[-145.5925,-76.9168],[-145.275,-77.2211],[-145.9645,-77.2545],[-145.4066,-77.4793],[-146.0255,-77.5192],[-146.3966,-77.4952],[-146.8898,-77.2558],[-147.7012,-77.4094],[-147.8468,-77.2638],[-148.5131,-77.1076],[-148.8674,-77.1374],[-149.0209,-77.3378],[-147.7582,-77.4617],[-148.8015,-77.5838],[-148.6737,-77.6749],[-149.975,-77.8162],[-151.0011,-77.5585],[-151.4209,-77.509],[-151.5146,-77.4164],[-152.4855,-77.3191],[-152.5754,-77.502],[-153.248,-77.4465],[-153.534,-77.2542],[-154.0968,-77.2138],[-154.8944,-77.1037],[-155.475,-77.1679],[-155.8655,-77.0597],[-156.3238,-77.0661],[-156.811,-77.1915],[-156.4671,-77.2607],[-157.0831,-77.3513],[-157.9254,-77.0563],[-158.3117,-77.1324],[-158.3254,-77.2961],[-158.1402,-77.4279],[-158.6371,-77.8645],[-158.3439,-77.9744],[-157.1996,-78.2527],[-156.348,-78.1999],[-155.2516,-78.205],[-154.1366,-78.2483],[-154.2908,-78.3889],[-154.7303,-78.4547],[-156.0528,-78.4941],[-156.5283,-78.6637],[-155.0527,-78.9941],[-154.9698,-79.0348],[-153.0793,-79.1394],[-152.2342,-79.1109],[-151.9751,-79.1703],[-152.4142,-79.2639],[-150.4469,-79.5592],[-149.0924,-79.6303],[-149.0013,-79.6862],[-147.9457,-79.7866],[-148.5186,-79.8868],[-148.4551,-80.0242],[-148.8341,-80.1313],[-150.3697,-80.0746],[-150.1337,-80.1857],[-150.6091,-80.2697],[-149.9683,-80.3937],[-149.6652,-80.527],[-149.0187,-80.5915],[-149.4617,-80.7192],[-148.4066,-80.746],[-147.6256,-80.8473],[-147.628,-80.9202],[-150.5687,-80.9964],[-152.5292,-81.0471],[-156.4501,-81.1487],[-157.0639,-81.2558],[-157.0567,-81.3513],[-154.9966,-81.4892],[-153.7904,-81.691],[-154.804,-81.966],[-154.2148,-82.1257],[-152.8968,-82.3741],[-152.5429,-82.5481],[-155.0588,-82.8019],[-155.5922,-83.0461],[-158.4972,-83.1179],[-158.4635,-83.1672],[-156.9177,-83.2302],[-157.5553,-83.3902],[-158.9999,-83.4571],[-162.1691,-83.5247],[-162.8699,-83.3215],[-164.1662,-83.3961],[-164.9832,-83.3403],[-165.0863,-83.2021],[-167.3332,-83.198],[-168.0858,-83.2555],[-169.7346,-83.2444],[-170.7195,-83.197],[-171.4083,-82.9538],[-172.5124,-82.8699],[-174.0276,-82.9152],[-169.4331,-83.4094],[-168.5826,-83.5304],[-168.0536,-83.7537],[-167.2535,-83.8111],[-166.0682,-83.818],[-165.4207,-83.7668],[-163.9939,-83.9391],[-163.7028,-84.0499],[-165.0097,-84.0567],[-165.1544,-84.138],[-164.1567,-84.2921],[-165.4097,-84.3645],[-164.0966,-84.4806],[-163.8629,-84.5499],[-158.2496,-84.7672],[-155.6426,-84.8278],[-155.7882,-84.9046],[-157.581,-84.883],[-156.9388,-85.007],[-155.504,-85.1261],[-156.0084,-85.2219],[-158.1633,-85.1647],[-158.3515,-85.103],[-162.8489,-84.8831],[-166.9112,-84.8202],[-168.0186,-84.781],[-168.2547,-84.6482],[-172.2109,-84.5148],[-175.178,-84.4148],[-175.9987,-84.4874],[-178.2976,-84.3077],[-179.9691,-84.3554],[-180,-84.3528],[-180,-84.5152],[-180,-85.0139],[-180,-85.5125],[-180,-86.0111],[-180,-86.5097],[-180,-87.0083],[-180,-87.5069],[-180,-88.0055],[-180,-88.5042],[-180,-89.0028],[-180,-89.5014],[-180,-90],[-179.5007,-90],[-179.0014,-90],[-178.5021,-90],[-178.0028,-90],[-177.5035,-90],[-177.0042,-90],[-176.5049,-90],[-176.0055,-90],[-175.5062,-90],[-175.0069,-90],[-174.5076,-90],[-174.0083,-90],[-173.509,-90],[-173.0097,-90],[-172.5104,-90],[-172.0111,-90],[-171.5118,-90],[-171.0125,-90],[-170.5132,-90],[-170.0139,-90],[-169.5146,-90],[-169.0153,-90],[-168.516,-90],[-168.0166,-90],[-167.5173,-90],[-167.018,-90],[-166.5187,-90],[-166.0194,-90],[-165.5201,-90],[-165.0208,-90],[-164.5215,-90],[-164.0222,-90],[-163.5229,-90],[-163.0236,-90],[-162.5243,-90],[-162.025,-90],[-161.5257,-90],[-161.0264,-90],[-160.527,-90],[-160.0277,-90],[-159.5284,-90],[-159.0291,-90],[-158.5298,-90],[-158.0305,-90],[-157.5312,-90],[-157.0319,-90],[-156.5326,-90],[-156.0333,-90],[-155.534,-90],[-155.0347,-90],[-154.5354,-90],[-154.0361,-90],[-153.5368,-90],[-153.0374,-90],[-152.5381,-90],[-152.0388,-90],[-151.5395,-90],[-151.0402,-90],[-150.5409,-90],[-150.0416,-90],[-149.5423,-90],[-149.043,-90],[-148.5437,-90],[-148.0444,-90],[-147.5451,-90],[-147.0458,-90],[-146.5465,-90],[-146.0472,-90],[-145.5479,-90],[-145.0485,-90],[-144.5492,-90],[-144.0499,-90],[-143.5506,-90],[-143.0513,-90],[-142.552,-90],[-142.0527,-90],[-141.5534,-90],[-141.0541,-90],[-140.5548,-90],[-140.0555,-90],[-139.5562,-90],[-139.0569,-90],[-138.5576,-90],[-138.0583,-90],[-137.5589,-90],[-137.0596,-90],[-136.5603,-90],[-136.061,-90],[-135.5617,-90],[-135.0624,-90],[-134.5631,-90],[-134.0638,-90],[-133.5645,-90],[-133.0652,-90],[-132.5659,-90],[-132.0666,-90],[-131.5673,-90],[-131.068,-90],[-130.5687,-90],[-130.0693,-90],[-129.57,-90],[-129.0707,-90],[-128.5714,-90],[-128.0721,-90],[-127.5728,-90],[-127.0735,-90],[-126.5742,-90],[-126.0749,-90],[-125.5756,-90],[-125.0763,-90],[-124.577,-90],[-124.0777,-90],[-123.5784,-90],[-123.0791,-90],[-122.5798,-90],[-122.0804,-90],[-121.5811,-90],[-121.0818,-90],[-120.5825,-90],[-120.0832,-90],[-119.5839,-90],[-119.0846,-90],[-118.5853,-90],[-118.086,-90],[-117.5867,-90],[-117.0874,-90],[-116.5881,-90],[-116.0888,-90],[-115.5895,-90],[-115.0902,-90],[-114.5908,-90],[-114.0915,-90],[-113.5922,-90],[-113.0929,-90],[-112.5936,-90],[-112.0943,-90],[-111.595,-90],[-111.0957,-90],[-110.5964,-90],[-110.0971,-90],[-109.5978,-90],[-109.0985,-90],[-108.5992,-90],[-108.0999,-90],[-107.6006,-90],[-107.1012,-90],[-106.6019,-90],[-106.1026,-90],[-105.6033,-90],[-105.104,-90],[-104.6047,-90],[-104.1054,-90],[-103.6061,-90],[-103.1068,-90],[-102.6075,-90],[-102.1082,-90],[-101.6089,-90],[-101.1096,-90],[-100.6103,-90],[-100.111,-90],[-99.6117,-90],[-99.1123,-90],[-98.613,-90],[-98.1137,-90],[-97.6144,-90],[-97.1151,-90],[-96.6158,-90],[-96.1165,-90],[-95.6172,-90],[-95.1179,-90],[-94.6186,-90],[-94.1193,-90],[-93.62,-90],[-93.1207,-90],[-92.6214,-90],[-92.1221,-90],[-91.6227,-90],[-91.1234,-90],[-90.6241,-90],[-90.1248,-90],[-89.6255,-90],[-89.1262,-90],[-88.6269,-90],[-88.1276,-90],[-87.6283,-90],[-87.129,-90],[-86.6297,-90],[-86.1304,-90],[-85.6311,-90],[-85.1318,-90],[-84.6325,-90],[-84.1331,-90],[-83.6338,-90],[-83.1345,-90],[-82.6352,-90],[-82.1359,-90],[-81.6366,-90],[-81.1373,-90],[-80.638,-90],[-80.1387,-90],[-79.6394,-90],[-79.1401,-90],[-78.6408,-90],[-78.1415,-90],[-77.6422,-90],[-77.1429,-90],[-76.6436,-90],[-76.1442,-90],[-75.6449,-90],[-75.1456,-90],[-74.6463,-90],[-74.147,-90],[-73.6477,-90],[-73.1484,-90],[-72.6491,-90],[-72.1498,-90],[-71.6505,-90],[-71.1512,-90],[-70.6519,-90],[-70.1526,-90],[-69.6533,-90],[-69.154,-90],[-68.6546,-90],[-68.1553,-90],[-67.656,-90],[-67.1567,-90],[-66.6574,-90],[-66.1581,-90],[-65.6588,-90],[-65.1595,-90],[-64.6602,-90],[-64.1609,-90],[-63.6616,-90],[-63.1623,-90],[-62.663,-90],[-62.1637,-90],[-61.6644,-90],[-61.165,-90],[-60.6657,-90],[-60.1664,-90],[-59.6671,-90],[-59.1678,-90],[-58.6685,-90],[-58.1692,-90],[-57.6699,-90],[-57.1706,-90],[-56.6713,-90],[-56.172,-90],[-55.6727,-90],[-55.1734,-90],[-54.6741,-90],[-54.1748,-90],[-53.6755,-90],[-53.1761,-90],[-52.6768,-90],[-52.1775,-90],[-52.1177,-90],[-51.6782,-90],[-51.1789,-90],[-50.6796,-90],[-50.1803,-90],[-49.681,-90],[-49.1817,-90],[-48.6824,-90],[-48.1831,-90],[-47.6838,-90],[-47.1845,-90],[-46.6852,-90],[-46.1859,-90],[-45.6865,-90],[-45.1872,-90],[-44.6879,-90],[-44.1886,-90],[-43.6893,-90],[-43.19,-90],[-42.6907,-90],[-42.1914,-90],[-41.6921,-90],[-41.1928,-90],[-40.6935,-90],[-40.1942,-90],[-39.6949,-90],[-39.1956,-90],[-38.6963,-90],[-38.1969,-90],[-37.6976,-90],[-37.1983,-90],[-36.699,-90],[-36.1997,-90],[-35.7004,-90],[-35.2011,-90],[-34.7018,-90],[-34.2025,-90],[-33.7032,-90],[-33.2039,-90],[-32.7046,-90],[-32.2053,-90],[-31.706,-90],[-31.2067,-90],[-30.7074,-90],[-30.208,-90],[-29.7087,-90],[-29.2094,-90],[-28.7101,-90],[-28.2108,-90],[-27.7115,-90],[-27.2122,-90],[-26.7129,-90],[-26.2136,-90],[-25.7143,-90],[-25.215,-90],[-24.7157,-90],[-24.2164,-90],[-23.7171,-90],[-23.2178,-90],[-22.7184,-90],[-22.2191,-90],[-21.7198,-90],[-21.2205,-90],[-20.7212,-90],[-20.2219,-90],[-19.7226,-90],[-19.2233,-90],[-18.724,-90],[-18.2247,-90],[-17.7254,-90],[-17.2261,-90],[-16.7268,-90],[-16.2275,-90],[-15.7282,-90],[-15.2288,-90],[-14.7295,-90],[-14.2302,-90],[-13.7309,-90],[-13.2316,-90],[-12.7323,-90],[-12.233,-90],[-11.7337,-90],[-11.2344,-90],[-10.7351,-90],[-10.2358,-90],[-9.7365,-90],[-9.2372,-90],[-8.7379,-90],[-8.2386,-90],[-7.7393,-90],[-7.2399,-90],[-6.7406,-90],[-6.2413,-90],[-5.742,-90],[-5.2427,-90],[-4.7434,-90],[-4.2441,-90],[-3.7448,-90],[-3.2455,-90],[-2.7462,-90],[-2.2469,-90],[-1.7476,-90],[-1.2483,-90],[-0.749,-90],[-0.2497,-90],[0.2497,-90],[0.749,-90],[1.2483,-90],[1.7476,-90],[2.2469,-90],[2.7462,-90],[3.2455,-90],[3.7448,-90],[4.2441,-90],[4.7434,-90],[5.2427,-90],[5.742,-90],[6.2413,-90],[6.7406,-90],[7.2399,-90],[7.7393,-90],[8.2386,-90],[8.7379,-90],[9.2372,-90],[9.7365,-90],[10.2358,-90],[10.7351,-90],[11.2344,-90],[11.7337,-90],[12.233,-90],[12.7323,-90],[13.2316,-90],[13.7309,-90],[14.2302,-90],[14.7295,-90],[15.2288,-90],[15.7282,-90],[16.2275,-90],[16.7268,-90],[17.2261,-90],[17.7254,-90],[18.2247,-90],[18.724,-90],[19.2233,-90],[19.7226,-90],[20.2219,-90],[20.7212,-90],[21.2205,-90],[21.7198,-90],[22.2191,-90],[22.7184,-90],[23.2178,-90],[23.7171,-90],[24.2164,-90],[24.7157,-90],[25.215,-90],[25.7143,-90],[26.2136,-90],[26.7129,-90],[27.2122,-90],[27.7115,-90],[28.2108,-90],[28.7101,-90],[29.2094,-90],[29.7087,-90],[30.208,-90],[30.7074,-90],[31.2067,-90],[31.706,-90],[32.2053,-90],[32.7046,-90],[33.2039,-90],[33.7032,-90],[34.2025,-90],[34.7018,-90],[35.2011,-90],[35.7004,-90],[36.1997,-90],[36.699,-90],[37.1983,-90],[37.6976,-90],[38.1969,-90],[38.6963,-90],[39.1956,-90],[39.6949,-90],[40.1942,-90],[40.6935,-90],[41.1928,-90],[41.6921,-90],[42.1914,-90],[42.6907,-90],[43.19,-90],[43.6893,-90],[44.1886,-90],[44.6879,-90],[45.1872,-90],[45.6865,-90],[46.1859,-90],[46.6852,-90],[47.1845,-90],[47.6838,-90],[48.1831,-90],[48.6824,-90],[49.1817,-90],[49.681,-90],[50.1803,-90],[50.6796,-90],[51.1789,-90],[51.6782,-90],[52.1775,-90],[52.6768,-90],[53.1761,-90],[53.6755,-90],[54.1748,-90],[54.6741,-90],[55.1734,-90],[55.6727,-90],[56.172,-90],[56.6713,-90],[57.1706,-90],[57.6699,-90],[58.1692,-90],[58.6685,-90],[59.1678,-90],[59.6671,-90],[60.1664,-90],[60.6657,-90],[61.165,-90],[61.6519,-90],[61.6644,-90],[62.1637,-90],[62.663,-90],[63.1623,-90],[63.6616,-90],[64.1609,-90],[64.6602,-90],[65.1595,-90],[65.6588,-90],[66.1581,-90],[66.6574,-90],[67.1567,-90],[67.656,-90],[68.1553,-90],[68.6546,-90],[69.154,-90],[69.6533,-90],[70.1526,-90],[70.6519,-90],[71.1512,-90],[71.6505,-90],[72.1498,-90],[72.6491,-90],[73.1484,-90],[73.6477,-90],[74.147,-90],[74.6463,-90],[75.1456,-90],[75.6449,-90],[76.1442,-90],[76.6436,-90],[77.1429,-90],[77.6422,-90],[78.1415,-90],[78.6408,-90],[79.1401,-90],[79.6394,-90],[80.1387,-90],[80.638,-90],[81.1373,-90],[81.6366,-90],[82.1359,-90],[82.6352,-90],[83.1345,-90],[83.6338,-90],[84.1331,-90],[84.6325,-90],[85.1318,-90],[85.6311,-90],[86.1304,-90],[86.6297,-90],[87.129,-90],[87.6283,-90],[88.1276,-90],[88.6269,-90],[89.1262,-90],[89.6255,-90],[90.1248,-90],[90.6241,-90],[91.1234,-90],[91.6227,-90],[92.1221,-90],[92.6214,-90],[93.1207,-90],[93.62,-90],[94.1193,-90],[94.6186,-90],[95.1179,-90],[95.6172,-90],[96.1165,-90],[96.6158,-90],[97.1151,-90],[97.6144,-90],[98.1137,-90],[98.613,-90],[99.1123,-90],[99.6117,-90],[100.111,-90],[100.6103,-90],[101.1096,-90],[101.6089,-90],[102.1082,-90],[102.6075,-90],[103.1068,-90],[103.6061,-90],[104.1054,-90],[104.6047,-90],[105.104,-90],[105.6033,-90],[106.1026,-90],[106.6019,-90],[107.1012,-90],[107.6006,-90],[108.0999,-90],[108.5992,-90],[109.0985,-90],[109.5978,-90],[110.0971,-90],[110.5964,-90],[111.0957,-90],[111.595,-90],[112.0943,-90],[112.5936,-90],[113.0929,-90],[113.5922,-90],[114.0915,-90],[114.5908,-90],[115.0902,-90],[115.5895,-90],[116.0888,-90],[116.5881,-90],[117.0874,-90],[117.5867,-90],[118.086,-90],[118.5853,-90],[119.0846,-90],[119.5839,-90],[120.0832,-90],[120.5825,-90],[121.0818,-90],[121.5811,-90],[122.0804,-90],[122.5798,-90],[123.0791,-90],[123.5784,-90],[124.0777,-90],[124.577,-90],[125.0763,-90],[125.5756,-90],[126.0749,-90],[126.5742,-90],[127.0735,-90],[127.5728,-90],[128.0721,-90],[128.5714,-90],[129.0707,-90],[129.57,-90],[130.0693,-90],[130.5687,-90],[131.068,-90],[131.5673,-90],[132.0666,-90],[132.5659,-90],[133.0652,-90],[133.5645,-90],[134.0638,-90],[134.5631,-90],[135.0624,-90],[135.5617,-90],[136.061,-90],[136.5603,-90],[137.0596,-90],[137.5589,-90],[138.0583,-90],[138.5576,-90],[139.0569,-90],[139.5562,-90],[140.0555,-90],[140.5548,-90],[141.0541,-90],[141.5534,-90],[142.0527,-90],[142.552,-90],[143.0513,-90],[143.5506,-90],[144.0499,-90],[144.5492,-90],[145.0485,-90],[145.5479,-90],[146.0472,-90],[146.5465,-90],[147.0458,-90],[147.5451,-90],[148.0444,-90],[148.5437,-90],[149.043,-90],[149.5423,-90],[150.0416,-90],[150.5409,-90],[151.0402,-90],[151.5395,-90],[152.0388,-90],[152.5381,-90],[153.0374,-90],[153.5368,-90],[154.0361,-90],[154.5354,-90],[155.0347,-90],[155.534,-90],[156.0333,-90],[156.5326,-90],[157.0319,-90],[157.5312,-90],[158.0305,-90],[158.5298,-90],[159.0291,-90],[159.5284,-90],[160.0277,-90],[160.527,-90],[161.0264,-90],[161.5257,-90],[162.025,-90],[162.5243,-90],[163.0236,-90],[163.5229,-90],[164.0222,-90],[164.5215,-90],[165.0208,-90],[165.5201,-90],[166.0194,-90],[166.5187,-90],[167.018,-90],[167.5173,-90],[168.0166,-90],[168.516,-90],[169.0153,-90],[169.5146,-90],[170.0139,-90],[170.5132,-90],[171.0125,-90],[171.5118,-90],[172.0111,-90],[172.5104,-90],[173.0097,-90],[173.509,-90],[174.0083,-90],[174.5076,-90],[175.0069,-90],[175.5062,-90],[176.0055,-90],[176.5049,-90],[177.0042,-90],[177.5035,-90],[178.0028,-90],[178.5021,-90],[179.0014,-90],[179.5007,-90],[180,-90],[180,-89.5014],[180,-89.0028],[180,-88.5042],[180,-88.0055],[180,-87.5069],[180,-87.0083],[180,-86.5097],[180,-86.0111],[180,-85.5125],[180,-85.0139],[180,-84.5152],[180,-84.3534],[180,-84.3528],[179.355,-84.1974],[178.5674,-84.1838],[177.5352,-84.0579],[175.6777,-83.9616],[174.9739,-83.8305],[173.9622,-83.8818],[172.8206,-83.6679],[171.3312,-83.5554],[171.1931,-83.4456],[169.3835,-83.3368],[168.6609,-83.3971],[167.7488,-83.2551],[168.7639,-83.1913],[168.5928,-82.999],[167.4242,-83.0261],[167.3065,-82.8171],[166.1089,-82.6529],[165.3733,-82.6061],[165.5593,-82.4934],[164.6732,-82.3388],[163.28,-82.4264],[163.3189,-82.483],[160.8577,-82.5009],[160.6397,-82.4229],[163.8387,-82.2311],[162.3901,-81.798],[162.4793,-81.6891],[161.0115,-81.5488],[161.4541,-81.4235],[160.4025,-81.3256],[160.9194,-81.2702],[160.9075,-80.9929],[160.1599,-80.7815],[161.0093,-80.7586],[161.2009,-80.6482],[160.6121,-80.5468],[160.7517,-80.3801],[158.5879,-80.477],[158.2073,-80.4059],[158.7824,-80.259],[160.8509,-79.9575],[160.3289,-79.8613],[159.5237,-79.8749],[160.7615,-79.6508],[159.8755,-79.662],[160.7107,-79.4192],[160.387,-79.1681],[161.1304,-79.0494],[162.0654,-79.0686],[161.7554,-78.8395],[161.5208,-78.7953],[161.3616,-78.5784],[162.1257,-78.7599],[162.9113,-78.8818],[163.0446,-78.7438],[163.8517,-78.7371],[164.4097,-78.6039],[165.3097,-78.6052],[166.0896,-78.5668],[166.5467,-78.712],[167.0682,-78.7067],[167.2157,-78.6007],[167.0015,-78.5011],[166.5652,-78.5071],[165.7869,-78.4207],[165.6852,-78.2608],[165.0972,-78.254],[164.5317,-78.3172],[164.2079,-78.2258],[164.5337,-77.9871],[164.5007,-77.8539],[163.9065,-77.6964],[163.7158,-77.3966],[163.0695,-77.0187],[162.469,-77.0153],[162.6261,-76.8249],[162.9314,-76.7075],[162.4232,-76.6393],[162.8843,-76.4391],[162.7728,-76.2437],[162.1156,-76.1702],[162.7361,-76.0739],[162.9001,-75.8229],[162.2005,-75.6379],[162.3067,-75.5294],[162.1911,-75.3878],[161.0871,-75.3844],[160.9759,-75.2872],[161.4749,-75.2856],[161.7764,-75.1889],[162.0296,-75.2599],[162.5435,-75.2402],[162.7861,-74.99],[162.5431,-74.9537],[162.5915,-74.7502],[163.0119,-74.7014],[163.2708,-74.5418],[163.182,-74.447],[163.4699,-74.342],[163.7873,-74.6244],[164.3184,-74.5026],[164.5874,-74.5749],[165.2385,-74.5466],[165.2881,-74.4653],[164.8938,-74.1204],[164.5915,-73.9267],[164.9525,-73.8909],[164.7146,-73.7817],[164.9059,-73.6572],[165.2312,-73.593],[165.2606,-73.8933],[165.6519,-73.9137],[165.6703,-73.797],[166.1444,-73.8134],[166.2942,-73.7258],[165.8737,-73.5659],[167.033,-73.5661],[167.3631,-73.3943],[167.9294,-73.3587],[166.8721,-73.2214],[166.7056,-73.1209],[166.9463,-73.0239],[167.1714,-73.153],[168.3342,-73.1655],[168.3941,-72.9719],[168.7526,-73.0769],[168.9797,-73.2639],[169.2511,-73.2485],[169.2199,-73.1325],[169.555,-73.0912],[169.5845,-72.9622],[169.9325,-72.7359],[169.4021,-72.6549],[169.3018,-72.5773],[168.8674,-72.5759],[168.3162,-72.3736],[168.7067,-72.3591],[169.1265,-72.485],[169.3921,-72.4669],[169.7273,-72.552],[170.2554,-72.603],[170.2824,-72.3263],[169.7827,-72.2433],[170.0164,-72.1708],[170.2564,-71.9508],[170.7736,-71.9509],[170.9458,-71.8608],[170.8137,-71.6998],[170.3618,-71.544],[170.0759,-71.656],[169.7915,-71.5195],[169.4646,-71.4911],[169.2692,-71.38],[168.7615,-71.2756],[168.5003,-71.1611],[168.1013,-71.1085],[167.8779,-71.0143],[167.833,-70.8614],[167.4162,-70.759],[166.4707,-70.7663],[166.7245,-70.6183],[166.3695,-70.5839],[165.9258,-70.6843],[165.3123,-70.5603],[164.8765,-70.5738],[164.2404,-70.4911],[164.0431,-70.5519],[164.1999,-70.6393],[163.4221,-70.6536],[162.9202,-70.5025],[162.5952,-70.2691],[162.0944,-70.3141],[161.9961,-70.4643],[162.083,-70.6769],[162.0381,-70.8295],[162.2186,-70.8547],[162.4285,-71.0317],[162.0911,-71.0408],[161.9901,-70.9225],[161.6555,-70.8708],[161.4163,-70.9045],[161.1868,-70.412],[160.9859,-70.2413],[160.6365,-70.0488],[160.1172,-69.9692],[159.8783,-69.9904],[159.7612,-69.8852],[160.3031,-69.8616],[160.3345,-69.7961],[159.7536,-69.5019],[159.2847,-69.433],[159.0407,-69.4907],[158.7944,-69.3149],[158.4465,-69.3268],[158.2683,-69.225],[157.9922,-69.1721],[157.6255,-69.1954],[157.3735,-69.3547],[157.1398,-69.1613],[156.3501,-69.2019],[155.888,-68.9826],[155.3086,-68.8933],[155.0111,-68.8989],[154.7185,-68.5283],[153.8359,-68.2736],[153.7083,-68.3001],[153.7005,-68.5457],[153.845,-68.7604],[153.4067,-68.7691],[153.2507,-68.8782],[152.4031,-68.6987],[152.1565,-68.7364],[151.9238,-68.6668],[151.6145,-68.6984],[151.5669,-68.9168],[150.9707,-68.7172],[151.0801,-68.574],[151.0942,-68.407],[150.8529,-68.3508],[150.3779,-68.4399],[149.9133,-68.4234],[149.7849,-68.4869],[149.3903,-68.3844],[148.4354,-68.4733],[147.6287,-68.3561],[147.2625,-68.4089],[146.9624,-68.3166],[146.718,-68.3034],[147.0713,-68.1174],[146.5583,-68.1432],[146.8045,-68.0007],[146.3854,-67.9152],[146.1097,-67.7496],[146.2289,-67.6871],[146.0481,-67.5866],[145.7334,-67.593],[145.4443,-67.5148],[145.2381,-67.5283],[144.9421,-67.7189],[144.4691,-67.7944],[143.8807,-67.9339],[143.9092,-67.7561],[144.1919,-67.5812],[144.0916,-67.4508],[144.3252,-67.4055],[144.6624,-67.1166],[144.5125,-67.0157],[143.8553,-67.0942],[143.8761,-66.9404],[143.4707,-66.8456],[142.822,-67.0197],[142.4771,-67.026],[141.9817,-66.8],[141.5781,-66.78],[141.2603,-66.857],[141.0037,-66.7673],[140.5174,-66.725],[140.0816,-66.7332],[139.6776,-66.6305],[139.2517,-66.5672],[138.7321,-66.5696],[138.0187,-66.4885],[137.7319,-66.3742],[136.9446,-66.3282],[136.736,-66.3487],[136.6365,-66.4565],[136.3521,-66.3681],[136.1595,-66.2454],[135.6473,-66.2781],[135.4885,-66.111],[135.343,-66.1007],[135.1785,-66.3315],[134.7393,-66.3673],[134.4207,-66.4965],[134.2595,-66.2796],[133.9105,-66.184],[133.7923,-66.1054],[133.1204,-66.0968],[132.8269,-66.1904],[132.4783,-66.1506],[131.7578,-66.2433],[130.8716,-66.1833],[130.73,-66.1471],[130.3425,-66.2952],[130.1027,-66.2768],[129.7217,-66.4382],[129.5326,-66.6144],[129.5759,-66.7502],[129.3846,-66.8779],[129.4341,-66.9672],[129.2026,-67.1004],[129.0129,-67.1117],[128.7635,-67.0258],[128.5205,-67.1458],[127.8364,-67.0212],[127.4324,-67.0704],[127.3342,-66.9816],[126.9987,-66.9328],[126.9683,-66.8079],[126.7189,-66.5929],[126.8543,-66.4493],[126.1164,-66.4391],[125.8978,-66.3062],[125.7048,-66.3914],[125.4104,-66.4177],[125.1481,-66.6596],[124.6228,-66.7564],[124.4136,-66.7123],[124.2605,-66.595],[124.0151,-66.5888],[123.7303,-66.6503],[123.5161,-66.7541],[123.1499,-66.7332],[122.2444,-66.845],[121.9378,-66.9176],[121.8508,-67.0159],[121.5153,-67.093],[120.9207,-67.1315],[120.4993,-67.2331],[119.9319,-67.2914],[119.0222,-67.4118],[118.7322,-67.2789],[120.3413,-67.0124],[120.3517,-66.9348],[119.672,-67.0471],[119.3284,-67.1276],[119.1498,-67.1164],[118.6655,-67.179],[118.2532,-67.1477],[118.3679,-67.0465],[117.5873,-67.1148],[116.8538,-67.1227],[116.7969,-66.9885],[116.5,-67.1243],[115.9655,-67.1993],[115.3379,-67.2195],[115.2122,-67.3259],[114.6701,-67.3434],[114.0315,-67.4784],[113.8684,-67.3622],[114.0301,-67.1907],[114.7654,-67.0717],[115.1602,-67.054],[115.5974,-66.9195],[115.7808,-66.7883],[115.599,-66.5929],[115.1135,-66.4781],[114.6747,-66.4788],[114.3206,-66.3311],[114.4067,-66.2359],[113.7756,-65.9485],[113.3062,-65.8424],[113.2036,-65.7654],[111.8474,-65.9347],[111.6156,-65.9329],[110.9271,-66.0546],[110.489,-66.3088],[110.7249,-66.4055],[110.6507,-66.5319],[110.4452,-66.6583],[109.8478,-66.8544],[109.3858,-66.9327],[109.1496,-66.8853],[108.8328,-66.968],[108.5764,-66.8058],[108.2982,-66.7564],[108.1358,-66.6248],[107.8856,-66.7277],[107.7791,-66.5517],[107.4343,-66.5285],[107.117,-66.4626],[106.7678,-66.4557],[105.4985,-66.2599],[104.863,-66.143],[104.5733,-66.131],[104.416,-66.0607],[103.9082,-65.9788],[103.5599,-66.0022],[103.306,-65.9282],[102.7137,-65.8613],[102.3379,-65.9513],[101.6831,-65.9672],[101.3364,-65.944],[101.3311,-66.0839],[101.0715,-66.267],[100.8215,-66.3845],[100.4706,-66.3974],[99.9232,-66.4997],[99.6784,-66.5922],[98.905,-66.7833],[98.6233,-66.6093],[98.5276,-66.449],[98.2478,-66.4479],[97.8401,-66.5661],[97.7406,-66.6583],[97.4717,-66.6313],[97.2352,-66.508],[96.9741,-66.5084],[96.6104,-66.6148],[96.4074,-66.5838],[95.637,-66.6791],[95.3591,-66.6423],[95.3211,-66.5567],[94.9172,-66.4754],[94.5451,-66.5431],[94.426,-66.6217],[93.9971,-66.7314],[93.7538,-66.7443],[93.6235,-66.5826],[92.9722,-66.5742],[92.7603,-66.6339],[92.3698,-66.595],[91.9601,-66.4982],[91.3794,-66.6003],[91.1452,-66.5738],[90.5444,-66.7441],[90.3723,-66.8207],[90.0876,-66.7702],[89.6543,-66.8404],[88.7448,-66.7849],[88.2302,-66.8539],[87.9657,-66.7703],[87.1087,-66.9333],[86.6968,-67.0639],[86.5583,-67.0281],[86.0671,-67.0409],[85.8801,-67.1378],[85.6165,-67.1882],[85.167,-67.1591],[84.9622,-67.0761],[84.4141,-67.1238],[84.2497,-67.2241],[83.7241,-67.3137],[83.4168,-67.4282],[83.4727,-67.6578],[83.2153,-67.579],[82.8773,-67.6357],[82.5862,-67.6034],[82.362,-67.7042],[82.0594,-67.6718],[80.8762,-67.8923],[80.7371,-67.8847],[79.1314,-68.1477],[78.7466,-68.2625],[78.4644,-68.5016],[78.6699,-68.6985],[78.1429,-68.759],[77.9856,-68.8201],[77.8416,-69.1301],[77.0005,-69.2117],[76.8281,-69.352],[76.2157,-69.4207],[75.8205,-69.5251],[75.7539,-69.6218],[75.8833,-69.7789],[75.4382,-69.9374],[75.2173,-69.8679],[74.4671,-69.9252],[74.2746,-69.9074],[74.2214,-69.7336],[73.884,-69.7459],[73.7048,-69.8625],[73.473,-69.7809],[73.2489,-69.8586],[73.2307,-69.9789],[72.7663,-70.069],[72.6275,-70.1946],[72.8696,-70.4334],[72.1922,-70.6529],[71.7962,-70.7164],[71.8482,-70.8447],[71.5418,-70.9601],[71.2025,-71.3351],[71.1804,-71.4923],[71.5398,-71.6103],[71.0779,-71.6272],[71.1211,-71.7306],[70.6873,-71.8316],[70.7295,-71.9461],[70.53,-72.0479],[69.9465,-72.0807],[69.5151,-72.4319],[69.0422,-72.4203],[68.7523,-72.4936],[68.4943,-72.4749],[68.0412,-72.6244],[67.9186,-72.7112],[68.1174,-72.9527],[67.9592,-73.1466],[67.342,-73.3023],[66.3854,-73.2018],[66.346,-73.129],[66.9998,-72.9035],[67.3318,-72.1291],[67.507,-71.9933],[67.4491,-71.8959],[67.8823,-71.6653],[67.8325,-71.5385],[68.3391,-71.2575],[68.6697,-71.2037],[69.0077,-70.9421],[69.2129,-70.6718],[69.2484,-70.4069],[69.1463,-70.3089],[68.7484,-70.3344],[68.0767,-70.4535],[67.6579,-70.3233],[67.4675,-70.2083],[67.6055,-70.0148],[68.2708,-69.8347],[68.6063,-70.027],[68.8926,-69.9938],[69.1553,-69.8757],[69.3552,-69.6171],[69.0462,-69.5573],[68.742,-69.3893],[68.9706,-69.3093],[69.7056,-69.3273],[69.7264,-69.1697],[69.3039,-69.0473],[69.661,-68.9843],[69.8576,-68.8725],[69.3859,-68.8849],[69.2813,-68.8313],[69.6211,-68.7355],[69.6633,-68.5789],[69.8942,-68.5807],[70.1154,-68.4936],[69.6348,-68.1222],[69.683,-67.8644],[69.5552,-67.7385],[69.229,-67.7586],[69.1068,-67.8463],[68.3767,-67.8952],[68.0708,-67.8479],[67.3396,-67.8108],[67.1289,-67.759],[66.7249,-67.7919],[64.721,-67.6531],[64.4255,-67.5905],[63.6509,-67.5034],[63.1126,-67.5338],[62.6174,-67.6601],[62.1174,-67.5623],[61.6081,-67.5396],[61.2732,-67.5932],[61.167,-67.5053],[60.6189,-67.4006],[60.2344,-67.3818],[59.6786,-67.3941],[59.655,-67.5108],[59.2649,-67.4843],[58.7933,-67.3412],[59.0441,-67.2369],[58.8706,-67.1651],[58.1388,-67.152],[57.8278,-67.0334],[57.5628,-66.9942],[57.2775,-67.0849],[56.9679,-67.0462],[56.5584,-67.1098],[56.21,-67.3367],[56.2088,-67.0829],[56.6012,-66.9435],[56.3921,-66.8323],[56.3587,-66.7232],[56.0125,-66.6609],[56.2083,-66.5875],[56.4966,-66.6857],[57.0147,-66.7293],[57.2424,-66.7189],[57.2077,-66.5312],[56.8078,-66.4055],[56.5168,-66.388],[56.3772,-66.4528],[55.6116,-66.0279],[55.1834,-65.9309],[53.7345,-65.8459],[52.8477,-65.9621],[52.2217,-65.9729],[51.7721,-66.0372],[51.4783,-66.1205],[51.3523,-66.2218],[50.5374,-66.3039],[50.322,-66.3938],[50.1914,-66.5865],[50.2861,-66.769],[50.6138,-66.762],[50.4277,-66.9626],[50.4798,-67.0494],[50.9269,-67.1203],[50.5859,-67.2164],[50.2017,-67.1207],[49.8931,-67.1066],[49.7933,-67.0281],[49.3115,-67.0462],[49.328,-66.8835],[48.5881,-66.9373],[48.3611,-67.0164],[48.4487,-67.1817],[48.7316,-67.2208],[49.0447,-67.152],[49.3496,-67.1824],[49.1747,-67.377],[48.6294,-67.4519],[48.5998,-67.6015],[48.7183,-67.6819],[48.614,-67.8793],[48.3827,-68.0234],[48.1712,-67.8888],[48.3914,-67.7587],[48.1682,-67.6581],[47.2649,-67.6506],[47.3272,-67.5665],[46.9196,-67.5065],[47.4411,-67.4094],[47.0243,-67.3527],[46.8924,-67.2646],[46.48,-67.2753],[46.2808,-67.3342],[46.306,-67.5593],[46.217,-67.653],[45.8486,-67.6575],[45.5853,-67.7449],[45.3904,-67.696],[44.7171,-67.7836],[44.618,-67.8604],[44.8286,-67.9659],[44.0022,-67.9685],[43.7761,-68.0465],[43.4055,-68.0346],[42.8594,-68.1038],[42.547,-68.2458],[42.5361,-68.3796],[41.9807,-68.4063],[41.544,-68.4721],[41.0148,-68.5964],[40.8888,-68.7094],[40.4706,-68.7262],[40.2629,-68.8022],[39.8579,-68.8295],[39.7074,-69.068],[39.8113,-69.1809],[39.8449,-69.3932],[39.7131,-69.5868],[39.4951,-69.6863],[39.2088,-69.7066],[39.1926,-69.8925],[38.8036,-69.9877],[39.0764,-70.1726],[38.714,-70.1887],[38.1393,-69.8814],[38.2446,-69.7957],[38.0384,-69.7175],[37.54,-69.6847],[36.9738,-69.7906],[36.751,-69.6375],[35.7083,-69.6661],[35.244,-69.7356],[35.0794,-69.6706],[35.2041,-69.5798],[35.1047,-69.4596],[35.1999,-69.2941],[34.5873,-69.0668],[34.3615,-69.1329],[33.9216,-69.1222],[33.7713,-69.0535],[34.0912,-68.8525],[34.3713,-68.8063],[34.2142,-68.6779],[33.216,-68.6696],[32.8381,-68.7521],[32.4989,-68.9309],[32.5325,-69.1188],[32.9279,-69.3437],[32.9758,-69.6721],[32.8376,-69.7848],[32.8511,-69.9455],[32.5689,-70.0515],[31.2804,-70.2371],[30.9353,-70.2146],[29.8412,-70.3113],[29.4483,-70.3957],[29.0218,-70.572],[28.4517,-70.694],[27.6284,-70.7413],[27.197,-70.8971],[26.4456,-71.0324],[26.1013,-71.0427],[25.7158,-70.99],[24.968,-70.9455],[24.5552,-70.8468],[24.3193,-70.7403],[24.4089,-70.5339],[24.1089,-70.4094],[23.7525,-70.4026],[23.6436,-70.5514],[23.323,-70.8097],[22.9417,-70.8263],[22.7249,-70.7693],[22.3269,-70.7595],[22.5793,-70.5402],[21.8016,-70.2359],[21.6113,-70.2721],[21.2085,-70.5764],[21.2012,-70.8122],[20.404,-70.9234],[19.7328,-70.8927],[19.2892,-70.9143],[18.9309,-70.736],[19.0163,-70.5968],[19.2966,-70.3681],[19.1535,-70.2035],[18.3162,-70.3244],[18.4982,-70.5025],[18.0938,-70.5424],[17.7511,-70.4939],[16.8711,-70.4394],[16.5982,-70.3742],[16.6533,-70.186],[16.5199,-70.1267],[15.9626,-70.1896],[15.8269,-70.3776],[15.5348,-70.3377],[14.5105,-70.2839],[13.8488,-70.3478],[13.2923,-70.2473],[13.0183,-70.2418],[12.7366,-70.32],[12.322,-70.3703],[12.0877,-70.5453],[12.0817,-70.674],[11.8535,-70.7815],[11.3516,-70.7366],[10.7227,-70.6369],[9.9793,-70.4535],[9.4036,-70.1043],[9.0806,-70.0893],[8.8875,-70.2155],[9.1678,-70.308],[8.4431,-70.4824],[7.9304,-70.4723],[7.8353,-70.1637],[7.4235,-70.2044],[7.4392,-70.3375],[7.657,-70.4736],[7.5674,-70.5243],[6.5591,-70.5779],[5.5877,-70.6492],[5.0061,-70.6427],[4.224,-70.7838],[3.8083,-70.802],[3.0741,-70.8946],[2.5197,-70.9006],[1.9486,-70.9911],[1.4519,-71.1183],[0.9338,-71.1794],[0.2322,-71.3499],[-0.4693,-71.754],[-0.9521,-71.6236],[-0.8128,-71.3775],[-1.1376,-71.2553],[-1.3063,-71.4028],[-1.7362,-71.4155],[-2.1313,-71.4826],[-2.2367,-71.3873],[-2.8871,-71.268],[-2.9912,-71.3611],[-3.3378,-71.4252],[-3.7096,-71.3876],[-5.1938,-71.3308],[-6.1498,-71.3663],[-6.0199,-71.109],[-5.7357,-71.0388],[-5.5666,-70.8417],[-5.6753,-70.7327],[-6.0136,-70.6798],[-6.3179,-70.7079],[-6.5533,-70.815],[-6.6183,-70.924],[-7.2843,-70.7912],[-7.8558,-70.8259],[-7.8925,-70.9706],[-7.5642,-71.1506],[-7.5685,-71.3346],[-7.7652,-71.4284],[-7.5966,-71.594],[-7.8168,-71.672],[-8.2952,-71.6262],[-8.6141,-71.6999],[-8.8534,-71.4207],[-9.1268,-71.4156],[-8.9879,-71.2765],[-9.1051,-71.1853],[-9.4516,-71.0992],[-9.9395,-71.0624],[-10.0697,-70.9119],[-10.3944,-70.9611],[-10.0941,-71.0642],[-10.1011,-71.1811],[-10.5956,-71.2973],[-10.7277,-71.3891],[-10.6003,-71.527],[-11.0721,-71.549],[-11.3706,-71.4234],[-11.6095,-71.4169],[-11.8795,-71.2603],[-12.2086,-71.3027],[-12.3807,-71.3954],[-12.1752,-71.624],[-11.5274,-71.7553],[-10.9491,-71.7429],[-11.0323,-72.0489],[-11.2504,-72.1008],[-11.3566,-72.3964],[-12.456,-72.5597],[-12.8612,-72.6535],[-13.1813,-72.8039],[-13.6531,-72.7917],[-14.2211,-72.7117],[-14.2226,-72.8283],[-13.8953,-72.9867],[-14.0975,-73.133],[-14.5093,-73.1204],[-14.8832,-73.0424],[-15.5414,-73.0768],[-15.9789,-73.1946],[-15.9762,-73.3038],[-16.4385,-73.4133],[-16.6029,-73.6336],[-16.4947,-73.7138],[-15.9297,-73.7502],[-16.1964,-73.8341],[-16.1759,-73.9392],[-15.6863,-73.9485],[-14.6971,-73.7896],[-14.3618,-73.8577],[-14.828,-74.0812],[-15.3021,-74.2214],[-15.1955,-74.3605],[-15.7531,-74.4304],[-15.9266,-74.3775],[-16.5973,-74.3074],[-17.4563,-74.3372],[-17.612,-74.4025],[-17.6232,-74.5852],[-17.9657,-74.6379],[-17.8022,-74.7765],[-18.1311,-74.9387],[-18.5359,-75.0532],[-18.5463,-75.1469],[-18.8735,-75.2494],[-18.5065,-75.4157],[-18.6536,-75.4821],[-19.2405,-75.5484],[-19.7676,-75.5495],[-20.3995,-75.4721],[-21.1739,-75.705],[-21.6805,-75.6712],[-22.074,-75.7058],[-22.3019,-75.6446],[-23.2694,-75.738],[-24.3256,-75.7799],[-25.9482,-75.933],[-26.9852,-76.1697],[-27.3376,-76.1721],[-28.8591,-76.3533],[-29.537,-76.4973],[-29.6581,-76.5769],[-30.1535,-76.6353],[-30.6921,-76.8498],[-31.6961,-76.9767],[-31.915,-77.1508],[-32.5006,-77.1262],[-33.1204,-77.2531],[-33.7211,-77.311],[-34.3205,-77.4664],[-34.7115,-77.6295],[-34.6643,-77.8536],[-35.3129,-77.8444],[-35.581,-78.1505],[-36.0131,-78.2105],[-36.4412,-78.6113],[-36.2513,-78.8517],[-34.2585,-79.0766],[-34.2181,-79.1381],[-32.8202,-79.2439],[-30.6112,-79.075],[-29.9418,-79.1114],[-30.4495,-79.2172],[-29.5414,-79.28],[-30.6732,-79.5881],[-28.6921,-79.6527],[-24.7298,-79.782],[-23.7388,-79.83],[-22.7668,-79.9262],[-22.9056,-79.9828],[-24.0686,-80.0099],[-24.2541,-80.0759],[-26.1951,-80.0915],[-26.3329,-80.122],[-29.7608,-80.1756],[-29.9242,-80.2844],[-31.2789,-80.2971],[-30.5058,-80.4782],[-32.0305,-80.4352],[-33.4762,-80.6154],[-35.3584,-80.6153],[-35.215,-80.6954],[-35.7217,-80.7861],[-36.0332,-80.9207],[-37.6228,-80.996],[-38.7554,-80.871],[-39.8385,-81.0436],[-40.398,-81.1699],[-41.1195,-81.2262],[-41.7638,-81.4104],[-41.9862,-81.6196],[-43.1903,-81.8997],[-43.1478,-82.1142],[-44.0111,-82.3912],[-44.5372,-82.3803],[-45.5204,-82.5266],[-46.5183,-82.5034],[-46.6888,-82.4055],[-46.0888,-82.2244],[-46.2792,-81.9098],[-47.055,-81.9933],[-47.4312,-81.9177],[-48.3804,-81.8903],[-51.7306,-82.0626]]],[[[167.6637,-78.1274],[167.3484,-78.0588],[166.7957,-78.2116],[166.3103,-78.1124],[166.0978,-78.2678],[166.3151,-78.3103],[166.9473,-78.2223],[167.4968,-78.227],[167.6637,-78.1274]]],[[[164.8403,-67.3393],[164.6328,-67.4887],[164.875,-67.5151],[164.8403,-67.3393]]],[[[-59.2868,-80.2096],[-59.7759,-80.0452],[-59.8206,-79.7692],[-60.4031,-79.7573],[-61.4661,-79.8816],[-61.2381,-79.985],[-61.8061,-80.0509],[-61.5159,-80.2419],[-61.7504,-80.3683],[-65.9184,-80.395],[-66.5766,-80.2273],[-66.7009,-80.4124],[-64.2848,-80.7512],[-63.7923,-80.6061],[-63.1411,-80.5925],[-62.9585,-80.7753],[-62.5221,-80.8649],[-60.6527,-80.9604],[-59.819,-80.7449],[-59.7574,-80.3357],[-59.2868,-80.2096]]],[[[-66.1491,-79.6282],[-66.9181,-79.5661],[-67.8321,-79.5794],[-66.9333,-79.7926],[-66.973,-79.9216],[-66.4193,-79.9604],[-66.2227,-80.0864],[-65.5116,-79.9645],[-65.5658,-79.8127],[-66.2718,-79.7214],[-66.1491,-79.6282]]],[[[-68.2331,-79.2859],[-68.3927,-79.4708],[-67.4679,-79.506],[-67.5111,-79.3972],[-67.0591,-79.2613],[-67.6131,-79.2115],[-68.2331,-79.2859]]],[[[-33.9165,-79.3126],[-34.0209,-79.2685],[-35.5034,-79.0901],[-35.8441,-79.1686],[-36.6596,-79.2231],[-36.7264,-79.2981],[-34.0709,-79.3615],[-33.9165,-79.3126]]],[[[-66.7344,-78.4418],[-66.9929,-78.3067],[-69.4372,-78.6871],[-69.8334,-78.7997],[-70.5928,-78.8859],[-71.3954,-79.1017],[-71.7529,-79.3251],[-71.8157,-79.4792],[-71.4442,-79.6529],[-70.3418,-79.6969],[-69.6466,-79.6038],[-69.8009,-79.4688],[-68.9464,-79.0973],[-67.3995,-78.6642],[-67.0568,-78.4953],[-66.7344,-78.4418]]],[[[-52.5188,-80.2001],[-53.4576,-80.1609],[-54.1638,-80.53],[-54.4078,-80.74],[-54.1616,-80.8771],[-49.798,-80.7909],[-49.7192,-80.6856],[-45.9114,-80.3868],[-43.5316,-80.2],[-43.4771,-80.0947],[-43.0157,-79.8498],[-42.9715,-79.4299],[-43.3485,-79.2392],[-43.4599,-78.9555],[-43.739,-78.8006],[-45.219,-78.8189],[-45.1558,-78.6619],[-43.9631,-78.6033],[-43.7183,-78.3674],[-43.8188,-78.2483],[-44.5146,-78.0422],[-45.9341,-77.8171],[-47.2225,-77.7726],[-49.0723,-78.0422],[-49.2781,-78.2009],[-50.2041,-78.593],[-50.2144,-78.8329],[-50.7131,-79.2817],[-50.4601,-79.3121],[-50.2637,-79.5357],[-52.3964,-80.185],[-52.5188,-80.2001]]],[[[-20.3666,-74.4254],[-20.6929,-74.102],[-20.4958,-73.7937],[-20.5566,-73.6208],[-20.9244,-73.7044],[-21.0095,-73.8705],[-21.336,-74.0037],[-21.2995,-74.1059],[-20.9598,-74.2385],[-20.8066,-74.4752],[-20.3666,-74.4254]]],[[[-73.8868,-73.12],[-74.1456,-73.3235],[-73.8917,-73.3655],[-73.5225,-73.1301],[-73.8868,-73.12]]],[[[-104.6871,-73.0965],[-104.9357,-72.9509],[-105.1554,-73.0053],[-105.0377,-73.1404],[-104.6871,-73.0965]]],[[[-89.8924,-72.8846],[-90.1325,-73.0944],[-89.5851,-73.0704],[-89.3307,-72.928],[-89.5715,-72.863],[-89.8924,-72.8846]]],[[[-74.8468,-72.8666],[-75.2958,-72.8195],[-75.7615,-72.8964],[-75.5011,-72.9894],[-75.8582,-73.0476],[-76.1261,-73.1588],[-75.8746,-73.3466],[-74.5931,-73.6145],[-74.3609,-73.4604],[-74.5524,-73.3874],[-74.3861,-73.1027],[-74.2186,-72.9908],[-74.504,-72.8821],[-74.8468,-72.8666]]],[[[-90.9016,-72.8198],[-90.758,-72.6974],[-91.0442,-72.5431],[-91.6865,-72.61],[-91.3334,-72.8976],[-91.4491,-72.9518],[-91.5246,-73.1926],[-91.2058,-73.1944],[-90.9177,-73.1013],[-90.7399,-72.8644],[-90.9016,-72.8198]]],[[[-94.4914,-72.5224],[-95.1978,-72.5886],[-95.2012,-72.6773],[-94.5048,-72.6327],[-94.4914,-72.5224]]],[[[-95.4992,-72.3156],[-95.7159,-72.1046],[-96.4413,-72.1935],[-96.7238,-72.2641],[-97,-72.2143],[-96.2003,-72.0237],[-96.0653,-71.9138],[-96.3605,-71.8351],[-97.0482,-71.8764],[-97.3057,-72.1769],[-97.5909,-72.0841],[-97.4079,-71.9866],[-97.8288,-71.9334],[-97.8525,-72.117],[-98.2286,-72.045],[-97.9824,-71.8596],[-98.5316,-71.7568],[-98.8281,-71.7605],[-99.1041,-71.9216],[-98.7855,-72.0024],[-99.0004,-72.0839],[-99.4014,-71.9433],[-99.7495,-72.0403],[-100.0236,-71.9728],[-99.9444,-71.8938],[-100.2399,-71.8258],[-100.4374,-71.8793],[-102.087,-71.9739],[-102.2922,-72.1267],[-101.9673,-72.1933],[-101.6092,-72.1887],[-100.2053,-72.2713],[-99.7646,-72.3735],[-99.1864,-72.3754],[-99.3966,-72.4982],[-98.5355,-72.4641],[-98.5801,-72.5728],[-97.5994,-72.5572],[-97.259,-72.5071],[-96.9361,-72.5802],[-96.0548,-72.5837],[-96.0226,-72.4365],[-95.5155,-72.402],[-95.4992,-72.3156]]],[[[-74.9127,-71.0234],[-74.4005,-70.9753],[-73.6189,-70.775],[-73.5475,-70.7162],[-73.8839,-70.5706],[-74.2484,-70.6065],[-74.8209,-70.607],[-75.1998,-70.7766],[-76.109,-70.8377],[-76.5426,-70.9656],[-76.3456,-71.123],[-76.1304,-71.1379],[-74.9127,-71.0234]]],[[[-60.4353,-70.5968],[-60.57,-70.5073],[-60.9557,-70.5378],[-60.8575,-70.7092],[-60.4353,-70.5968]]],[[[-3.4304,-70.5385],[-2.8298,-70.5237],[-2.685,-70.4723],[-2.8338,-70.2814],[-3.2605,-70.3312],[-3.4925,-70.4811],[-3.4304,-70.5385]]],[[[-71.711,-70.4298],[-71.4056,-70.378],[-71.3186,-70.2988],[-71.8165,-70.2958],[-71.711,-70.4298]]],[[[-75.4835,-70.1337],[-74.8732,-70.1835],[-74.6368,-70.1222],[-74.6424,-69.9919],[-74.4071,-69.9377],[-74.9628,-69.7169],[-75.7788,-69.9233],[-75.8317,-70.0164],[-75.4835,-70.1337]]],[[[-72.8455,-69.5856],[-72.7718,-69.6498],[-72.2053,-69.7345],[-72.1404,-69.6241],[-72.3985,-69.4653],[-72.8334,-69.4256],[-72.9819,-69.5139],[-72.8455,-69.5856]]],[[[-61.7555,-69.4543],[-62.192,-69.1862],[-62.5792,-69.1891],[-62.1988,-69.5081],[-62.1208,-69.6889],[-61.7555,-69.4543]]],[[[-71.4601,-72.6292],[-70.5238,-72.6676],[-69.2182,-72.5429],[-69.1388,-72.3754],[-68.6687,-72.2167],[-68.4141,-72.2197],[-68.3419,-72.0571],[-68.4831,-71.8969],[-68.2497,-71.8831],[-68.1612,-71.6064],[-68.2739,-71.4366],[-68.2381,-71.1689],[-68.2992,-70.8691],[-68.4663,-70.6145],[-68.7204,-70.3691],[-69.0275,-70.1598],[-69.2848,-69.9231],[-69.3171,-69.6259],[-69.4784,-69.5558],[-69.7028,-69.3161],[-70.0772,-69.2911],[-70.1056,-68.8907],[-70.4021,-68.7868],[-71.4038,-68.86],[-72.0127,-68.9555],[-72.1681,-69.0558],[-72.1421,-69.2324],[-71.6159,-69.4548],[-71.7421,-69.6469],[-71.9116,-69.7083],[-71.9122,-69.9659],[-71.6975,-70.0755],[-71.3169,-70.1773],[-70.9393,-70.2164],[-70.7798,-70.1257],[-70.4736,-70.1679],[-70.2307,-70.1363],[-70.1175,-70.3298],[-70.9986,-70.4658],[-71.2665,-70.6801],[-71.1661,-70.756],[-70.7013,-70.8318],[-70.4027,-70.8191],[-69.9525,-70.8788],[-69.7967,-71.0436],[-70.012,-71.1448],[-70.2085,-70.988],[-70.4112,-70.9454],[-70.7179,-70.9985],[-71.0255,-70.9622],[-71.6901,-71.1589],[-72.3954,-71.0651],[-72.7861,-71.0628],[-73.1246,-71.144],[-72.8959,-71.2304],[-72.3153,-71.2888],[-72.7574,-71.4046],[-73.4079,-71.3154],[-73.6693,-71.3679],[-73.3364,-71.5368],[-73.4588,-71.5953],[-74.1222,-71.383],[-74.4228,-71.4283],[-74.3902,-71.6681],[-74.8859,-71.5284],[-75.1247,-71.5453],[-75.4037,-71.6708],[-75.356,-71.9236],[-74.816,-72.0649],[-74.3968,-72.0403],[-74.0048,-72.1735],[-73.5013,-72.0125],[-73.8789,-71.8642],[-73.5046,-71.8355],[-73.0351,-71.9264],[-72.7115,-71.8609],[-72.6889,-71.7535],[-72.3389,-71.6135],[-71.8306,-71.8028],[-70.7197,-71.9057],[-70.7698,-71.9897],[-71.087,-72.0496],[-72.0116,-72.1197],[-71.5526,-72.2784],[-71.0438,-72.2576],[-70.4577,-72.1402],[-70.1833,-72.2739],[-70.7097,-72.3964],[-71.8711,-72.3488],[-72.6767,-72.2713],[-73.0916,-72.3834],[-73.1092,-72.4734],[-72.7997,-72.5942],[-72.4083,-72.6745],[-71.4601,-72.6292]]],[[[-67.2882,-67.7301],[-67.1837,-67.5998],[-67.4957,-67.589],[-67.7663,-67.6677],[-67.6471,-67.777],[-67.2882,-67.7301]]],[[[-69.1093,-67.6262],[-68.8846,-67.7625],[-68.139,-67.5715],[-67.9652,-67.3946],[-68.251,-67.3693],[-67.6768,-67.148],[-67.9764,-67.0665],[-68.0262,-66.9406],[-67.9134,-66.8115],[-67.642,-66.6832],[-67.8605,-66.6257],[-68.3778,-66.8207],[-68.707,-67.1096],[-68.8375,-67.2668],[-69.1549,-67.4757],[-69.1093,-67.6262]]],[[[-66.1902,-65.8237],[-66.0515,-65.881],[-65.8135,-65.8399],[-65.8599,-65.6902],[-65.6655,-65.6601],[-65.6348,-65.5387],[-65.96,-65.5533],[-66.038,-65.7389],[-66.1902,-65.8237]]],[[[-57.3146,-64.4365],[-57.2191,-64.5654],[-56.9679,-64.4555],[-56.944,-64.3288],[-57.3146,-64.4365]]],[[[-62.9064,-64.5212],[-63.3317,-64.4451],[-63.3132,-64.255],[-63.5749,-64.2652],[-63.7209,-64.4362],[-63.9029,-64.5348],[-64.1995,-64.5921],[-64.0292,-64.7745],[-63.6507,-64.8165],[-63.3358,-64.759],[-62.9064,-64.5212]]],[[[-62.6566,-64.503],[-62.3855,-64.466],[-62.0604,-64.2273],[-62.4782,-64.0146],[-62.6234,-64.1305],[-62.4693,-64.2485],[-62.6658,-64.3922],[-62.6566,-64.503]]],[[[-57.5133,-64.341],[-57.1554,-64.0851],[-57.5212,-64.0209],[-57.8296,-64.0748],[-57.8879,-63.9757],[-57.8072,-63.8181],[-58.2577,-63.9068],[-58.4604,-64.0857],[-58.1311,-64.1022],[-58.2782,-64.2984],[-58.1935,-64.381],[-57.8031,-64.3813],[-57.5133,-64.341]]],[[[-60.8866,-63.8586],[-60.74,-63.9039],[-60.5911,-63.69],[-60.7245,-63.6877],[-60.8866,-63.8586]]],[[[-55.7196,-63.4754],[-55.8064,-63.4074],[-56.2067,-63.4362],[-55.9649,-63.5815],[-55.7196,-63.4754]]],[[[-55.1594,-63.2039],[-55.535,-63.1791],[-55.5757,-63.1291],[-55.9745,-63.1469],[-56.3695,-63.2281],[-56.5475,-63.3464],[-56.4503,-63.4293],[-56.0949,-63.3888],[-55.9014,-63.2966],[-55.1727,-63.3576],[-55.1594,-63.2039]]],[[[-56.546,-63.0993],[-56.2735,-63.1785],[-56.0477,-63.017],[-56.4687,-62.9763],[-56.546,-63.0993]]],[[[-61.1604,-62.6633],[-60.8118,-62.672],[-60.3792,-62.6101],[-60.246,-62.7529],[-59.9894,-62.6301],[-60.0109,-62.5256],[-60.4911,-62.5771],[-60.6748,-62.5486],[-61.1604,-62.6633]]],[[[-58.4669,-62.1604],[-58.2428,-62.1816],[-58.14,-62.0562],[-57.8127,-62.0138],[-58.0079,-61.9045],[-58.2244,-61.9602],[-58.4141,-61.9333],[-58.6782,-62.004],[-58.946,-62.1588],[-58.5846,-62.249],[-58.4669,-62.1604]]],[[[-55.078,-61.0932],[-55.449,-61.115],[-55.2815,-61.2569],[-55.0346,-61.1564],[-55.078,-61.0932]]],[[[-46.007,-60.6127],[-45.7189,-60.6456],[-45.3292,-60.6324],[-45.487,-60.5447],[-45.852,-60.5473],[-46.007,-60.6127]]],[[[-162.3398,-82.9238],[-163.7497,-82.8336],[-163.2613,-83.081],[-162.4024,-83.1484],[-161.5758,-83.0243],[-162.3398,-82.9238]]],[[[-160.5711,-81.5989],[-160.6757,-81.4628],[-162.9839,-81.2703],[-163.8512,-81.3189],[-163.7285,-81.4816],[-160.5711,-81.5989]]],[[[-29.6183,-79.9112],[-29.9062,-79.815],[-30.6541,-79.8461],[-31.0954,-79.8107],[-31.5917,-79.6487],[-32.0244,-79.6497],[-32.0895,-79.8093],[-31.5417,-79.8985],[-29.9891,-79.9656],[-29.6183,-79.9112]]],[[[-159.8422,-79.3486],[-161.3641,-78.9968],[-161.3819,-78.9592],[-162.3532,-78.7526],[-163.265,-78.7573],[-164.1481,-78.9921],[-164.2978,-79.2301],[-163.9366,-79.4117],[-160.7129,-79.8546],[-159.0698,-79.8188],[-158.9748,-79.7223],[-159.335,-79.5283],[-159.8422,-79.3486]]],[[[-150.4838,-77.3432],[-150.9852,-77.2223],[-151.4952,-77.2937],[-150.4838,-77.3432]]],[[[169.2734,-77.4545],[168.2196,-77.3723],[167.5681,-77.4133],[167.0658,-77.3163],[166.8272,-77.1609],[166.4001,-77.2665],[166.6545,-77.3626],[166.3706,-77.4982],[166.3887,-77.6134],[167.2577,-77.7159],[167.4081,-77.644],[168.0874,-77.6456],[168.4009,-77.6962],[169.3182,-77.5372],[169.2734,-77.4545]]],[[[-149.7287,-77.1295],[-149.4429,-77.025],[-149.9626,-76.8707],[-150.7825,-76.9708],[-150.4216,-77.0898],[-149.7287,-77.1295]]],[[[-146.1648,-76.9313],[-146.2497,-76.881],[-147.0721,-76.8239],[-146.9648,-77.0071],[-146.1648,-76.9313]]],[[[-150.2326,-76.7775],[-150.206,-76.6868],[-150.8276,-76.7104],[-150.6018,-76.7966],[-150.2326,-76.7775]]],[[[-145.4404,-75.58],[-145.9697,-75.5095],[-146.0157,-75.6209],[-145.383,-75.718],[-145.4404,-75.58]]],[[[-130.9205,-74.4443],[-131.8063,-74.322],[-132.1813,-74.4238],[-131.7287,-74.5373],[-131.2059,-74.6071],[-130.9205,-74.4443]]],[[[-127.1285,-74.4694],[-127.758,-74.3427],[-128.1892,-74.3161],[-127.9056,-74.553],[-127.5517,-74.6436],[-127.2159,-74.5881],[-127.1285,-74.4694]]],[[[-116.1407,-73.9025],[-116.4034,-73.8673],[-117.3711,-74.0798],[-117.1964,-74.2003],[-116.5994,-74.1418],[-116.4903,-74.0338],[-116.1407,-73.9025]]],[[[-119.821,-74.1208],[-119.5001,-74.1066],[-119.0038,-73.9836],[-118.9744,-73.8049],[-119.4949,-73.7726],[-119.8116,-73.888],[-119.6361,-74.0012],[-119.821,-74.1208]]],[[[-120.2612,-73.9278],[-120.6474,-73.8967],[-120.6864,-73.7673],[-122.0558,-73.7158],[-122.2724,-73.6822],[-123.0656,-73.6754],[-123.2891,-73.7745],[-122.7311,-73.9977],[-123.0282,-74.2483],[-122.9038,-74.337],[-122.2435,-74.4133],[-121.099,-74.3481],[-121.004,-74.1484],[-120.2755,-74.0032],[-120.2612,-73.9278]]],[[[169.9617,-73.5144],[169.6775,-73.4218],[169.4588,-73.5549],[169.8381,-73.6122],[169.9617,-73.5144]]],[[[-127.4732,-73.5496],[-126.5465,-73.6703],[-126.4755,-73.8422],[-125.8127,-73.9666],[-125.7189,-74.0403],[-125.1093,-74.1228],[-124.7843,-74.226],[-124.245,-74.2148],[-124.0074,-74.2634],[-123.783,-74.1096],[-124.2088,-73.9343],[-124.1122,-73.8327],[-124.6295,-73.7307],[-124.9488,-73.8144],[-125.5894,-73.8239],[-125.7308,-73.7164],[-125.27,-73.6988],[-125.5993,-73.4294],[-126.1041,-73.2962],[-126.5272,-73.2683],[-127.3032,-73.3181],[-127.4949,-73.4401],[-127.4732,-73.5496]]],[[[-3.2281,-71.0528],[-3.415,-71.13],[-3.3042,-71.2086],[-2.9864,-71.1843],[-3.2281,-71.0528]]],[[[-2.7177,-70.8201],[-2.6181,-70.6977],[-3.1808,-70.6681],[-3.571,-70.6928],[-3.1877,-70.8246],[-2.8436,-71.0556],[-2.5643,-71.1326],[-2.3039,-71.0164],[-2.0807,-70.8256],[-2.2985,-70.7927],[-2.7177,-70.8201]]],[[[-5.9398,-70.4226],[-6.4162,-70.4716],[-6.1193,-70.6129],[-5.8849,-70.5494],[-5.9398,-70.4226]]],[[[3.2199,-70.3923],[3.0498,-70.3854],[2.5808,-70.5243],[2.6316,-70.6027],[2.9579,-70.6135],[3.2526,-70.4867],[3.2199,-70.3923]]],[[[72.2004,-70.607],[72.1862,-70.5377],[71.886,-70.4123],[71.6736,-70.5172],[71.8269,-70.6249],[72.2004,-70.607]]],[[[4.0488,-70.303],[4.2048,-70.4695],[4.6047,-70.4206],[4.5744,-70.2761],[4.0488,-70.303]]],[[[26.7656,-70.2243],[26.5897,-70.0748],[26.3274,-70.0666],[25.9873,-70.195],[25.9123,-70.2849],[26.0573,-70.391],[26.4578,-70.4501],[26.8399,-70.412],[26.7656,-70.2243]]],[[[1.411,-70.0402],[1.0425,-70.046],[0.9568,-70.1917],[1.2757,-70.2739],[1.465,-70.1505],[1.411,-70.0402]]],[[[16.2468,-69.706],[15.7219,-69.7639],[15.5891,-69.9321],[16.1716,-70.0729],[16.3304,-69.8289],[16.2468,-69.706]]],[[[85.6593,-66.7437],[85.3454,-66.7192],[85.3748,-66.8772],[85.7874,-66.9689],[85.9412,-66.8899],[85.6593,-66.7437]]],[[[48.7737,-66.7205],[48.3753,-66.6992],[48.3122,-66.8095],[48.7737,-66.7205]]],[[[96.9172,-66.0544],[96.418,-66.0671],[96.4074,-66.2276],[96.9085,-66.2114],[96.9172,-66.0544]]],[[[100.5659,-65.403],[100.3851,-65.4786],[100.298,-65.6586],[100.5579,-65.704],[100.9671,-65.6829],[101.2307,-65.574],[101.1267,-65.4119],[100.9346,-65.3787],[100.5659,-65.403]]],[[[103.2913,-65.392],[103.1888,-65.2297],[102.9107,-65.1318],[102.827,-65.2506],[103.0379,-65.2804],[103.2913,-65.392]]]]},"properties":{"ADMIN":"Antarctica","ADM0_A3":"ATA","NAME_EN":"Antarctica","LABEL_X":35.885455,"LABEL_Y":-79.843222,"FCLASS_IN":""}},
{"type":"Feature","geometry":{"type":"MultiPolygon","coordinates":[[[[131.5359,-31.6056],[131.783,-31.7278],[132.0779,-31.9078],[132.2337,-32.033],[132.4832,-32.0265],[132.5873,-31.9347],[132.798,-31.9563],[133.1478,-32.1967],[133.4118,-32.2114],[133.552,-32.1723],[133.5862,-32.1031],[133.8123,-32.2472],[133.95,-32.3894],[133.8537,-32.5297],[134.1483,-32.457],[134.2733,-32.5881],[134.2715,-32.7321],[134.0741,-32.714],[134.2788,-33.1627],[134.4461,-33.154],[134.6624,-33.2255],[134.814,-33.3528],[134.8679,-33.5446],[134.8499,-33.6384],[135.1898,-33.893],[135.2595,-33.998],[135.3464,-34.2756],[135.4295,-34.7127],[135.604,-34.8801],[135.7415,-34.861],[136.0125,-34.9797],[135.8621,-34.6982],[135.9368,-34.5346],[136.1248,-34.4529],[136.1148,-34.3837],[136.2322,-34.3087],[136.3694,-34.0734],[136.6074,-33.9029],[136.8075,-33.8084],[136.9653,-33.6845],[137.0202,-33.7302],[137.2249,-33.6533],[137.3767,-33.3899],[137.4522,-33.1401],[137.9024,-32.7875],[137.9578,-33.0047],[138.044,-33.1251],[137.855,-33.1906],[137.8104,-33.26],[137.9375,-33.5278],[137.9309,-33.6165],[137.7766,-33.6935],[137.6021,-33.8766],[137.5542,-34.072],[137.4539,-34.164],[137.4922,-34.2602],[137.4595,-34.4475],[137.5127,-34.6178],[137.4461,-34.9174],[137.0306,-34.8998],[136.9609,-35.0964],[136.8355,-35.2477],[136.9534,-35.2839],[137.0397,-35.2272],[137.1692,-35.2423],[137.2389,-35.1721],[137.4035,-35.1242],[137.6714,-35.1808],[137.7469,-35.0589],[137.9104,-34.624],[137.9309,-34.4148],[138.0378,-34.308],[138.0781,-34.1284],[138.2266,-34.3205],[138.2599,-34.4384],[138.4402,-34.6756],[138.5363,-34.7409],[138.4865,-34.8735],[138.5073,-35.0566],[138.4274,-35.3526],[138.2873,-35.4699],[138.1227,-35.5554],[138.1768,-35.6682],[138.5313,-35.6459],[138.7459,-35.5388],[138.882,-35.5606],[138.9612,-35.4138],[139.2232,-35.3188],[139.3755,-35.464],[139.1354,-35.4983],[139.0414,-35.6041],[139.4754,-35.8964],[139.4567,-35.9579],[139.5674,-36.0753],[139.8537,-36.6218],[139.8635,-36.7673],[139.7848,-36.902],[139.672,-36.9534],[139.7883,-37.1262],[139.7415,-37.1808],[139.988,-37.4871],[140.1143,-37.5175],[140.2406,-37.6659],[140.3599,-37.8821],[140.6024,-38.0378],[140.7136,-38.0706],[140.9514,-38.0543],[141.1343,-38.1276],[141.3748,-38.2912],[141.4344,-38.3751],[141.6014,-38.3923],[141.6725,-38.2843],[141.9468,-38.2829],[142.2246,-38.4057],[142.3977,-38.3671],[142.6538,-38.4728],[142.8102,-38.5784],[143.0601,-38.6359],[143.2415,-38.7628],[143.3345,-38.756],[143.537,-38.8583],[143.7046,-38.7281],[143.8449,-38.6912],[144.0525,-38.4858],[144.4019,-38.3012],[144.6528,-38.2858],[144.7251,-38.1648],[144.5233,-38.0842],[144.8045,-37.9409],[144.9827,-37.8993],[145.1102,-38.0517],[145.1193,-38.1594],[144.9829,-38.3414],[144.804,-38.3791],[144.8864,-38.4821],[145.0247,-38.4939],[145.2966,-38.2317],[145.4766,-38.2449],[145.5569,-38.3852],[145.4312,-38.4428],[145.4481,-38.5505],[145.5708,-38.6617],[145.8093,-38.6502],[145.9158,-38.8958],[146.0918,-38.8198],[146.2638,-38.996],[146.4343,-39.0891],[146.4541,-38.9493],[146.2864,-38.9098],[146.2557,-38.7018],[146.4118,-38.7398],[146.8786,-38.6443],[147.3955,-38.2201],[147.5894,-38.0807],[147.9165,-37.9186],[148.3064,-37.8234],[148.7241,-37.8235],[148.9439,-37.7895],[149.479,-37.7859],[149.6667,-37.7001],[149.7871,-37.5528],[149.9854,-37.4959],[149.951,-37.2843],[150.0195,-37.2209],[149.9038,-36.9284],[150.0658,-36.5666],[150.0793,-36.386],[150.1423,-36.32],[150.1231,-36.1526],[150.1634,-35.9566],[150.4094,-35.5385],[150.554,-35.2136],[150.7048,-35.1994],[150.6956,-35.0261],[150.7762,-34.987],[150.7534,-34.8581],[150.8338,-34.7824],[150.9189,-34.4864],[150.9249,-34.3304],[151.028,-34.2008],[151.169,-34.1101],[151.2925,-33.8918],[151.3431,-33.5483],[151.4242,-33.5278],[151.5038,-33.36],[151.626,-33.1916],[151.6706,-33.0611],[151.834,-32.865],[152.1895,-32.7586],[152.2359,-32.607],[152.5216,-32.4275],[152.5101,-32.1619],[152.6093,-31.9458],[152.6929,-31.8853],[152.8454,-31.5693],[152.9345,-31.4828],[152.9806,-31.1659],[153.0595,-31.0772],[153.0879,-30.9267],[152.9878,-30.7346],[153.0505,-30.4733],[153.2038,-30.1292],[153.3216,-29.6975],[153.37,-29.3967],[153.3403,-29.3227],[153.4538,-29.0356],[153.606,-28.8674],[153.6306,-28.6616],[153.5635,-28.4609],[153.5911,-28.2685],[153.4495,-28.0732],[153.4456,-27.8105],[153.3154,-27.6549],[153.1136,-27.2424],[153.0384,-27.1734],[153.2062,-27.0461],[153.1525,-26.925],[153.1509,-26.6847],[153.11,-26.6469],[153.1135,-26.4575],[153.0775,-26.2809],[153.1418,-26.0615],[153.1216,-25.9338],[152.8938,-25.6882],[152.9386,-25.4757],[152.9138,-25.2877],[152.6771,-25.2419],[152.506,-24.9994],[152.4915,-24.8476],[152.4048,-24.7487],[152.1504,-24.6191],[152.0586,-24.5139],[151.9334,-24.211],[151.8114,-24.1423],[151.7804,-24.0226],[151.5806,-24.0575],[151.4037,-23.95],[151.2778,-23.8239],[151.1872,-23.8041],[151.126,-23.6754],[151.0274,-23.58],[150.8566,-23.52],[150.7644,-23.1589],[150.7737,-22.9669],[150.8264,-22.6979],[150.7532,-22.6105],[150.7583,-22.4824],[150.6362,-22.3425],[150.5676,-22.3232],[150.513,-22.5354],[150.2156,-22.3948],[150.0536,-22.1415],[149.9235,-22.2983],[150.0225,-22.5534],[149.8809,-22.4674],[149.8308,-22.3886],[149.7051,-22.3839],[149.6086,-22.2443],[149.4354,-21.7897],[149.4783,-21.7184],[149.3556,-21.4947],[149.293,-21.3193],[149.1961,-21.1809],[149.2312,-21.0898],[149.1506,-20.9962],[149.0462,-20.9799],[148.7398,-20.7189],[148.6553,-20.5554],[148.8508,-20.4211],[148.7923,-20.2873],[148.6109,-20.2136],[148.5667,-20.06],[148.4439,-20.1042],[148.2649,-20.0831],[148.2539,-19.9635],[148.0724,-19.877],[147.9495,-19.9078],[147.8592,-19.8249],[147.6843,-19.8281],[147.5921,-19.7221],[147.5505,-19.5209],[147.4214,-19.4128],[147.1672,-19.4],[146.9782,-19.2839],[146.9051,-19.3046],[146.7463,-19.1728],[146.6548,-19.1825],[146.4465,-19.0597],[146.2766,-18.8743],[146.3394,-18.527],[146.2137,-18.4921],[146.1834,-18.3801],[146.0238,-18.2631],[146.0037,-18.1564],[146.0979,-17.9313],[146.1027,-17.706],[146.1477,-17.6326],[146.0684,-17.5159],[146.0711,-17.392],[145.9684,-17.2424],[145.8823,-17.0397],[145.9417,-16.9299],[145.7777,-16.8853],[145.6615,-16.728],[145.5791,-16.672],[145.4634,-16.4812],[145.4004,-16.4433],[145.4624,-16.2732],[145.4624,-16.0605],[145.3558,-15.9034],[145.3664,-15.7493],[145.2738,-15.5357],[145.2564,-15.3888],[145.3026,-15.2846],[145.2359,-15.1659],[145.2771,-14.947],[145.1548,-14.8375],[144.9417,-14.7263],[144.886,-14.6096],[144.6776,-14.5558],[144.5804,-14.3642],[144.5847,-14.2648],[144.5149,-14.1728],[144.3036,-14.3126],[144.1854,-14.2626],[144.1616,-14.3731],[143.952,-14.499],[143.7827,-14.4023],[143.7078,-14.2096],[143.6873,-14.0143],[143.6184,-13.9562],[143.5344,-13.7657],[143.5946,-13.4358],[143.5266,-13.3298],[143.4972,-12.8565],[143.3651,-12.8049],[143.4339,-12.6131],[143.3235,-12.5578],[143.2529,-12.3889],[143.0772,-12.3288],[143.0863,-12.149],[143.2039,-11.9825],[143.1234,-11.9106],[142.9743,-11.9252],[142.8729,-11.8507],[142.8579,-11.6051],[142.8211,-11.4776],[142.8696,-11.3913],[142.8013,-11.2778],[142.7898,-11.0849],[142.742,-10.975],[142.6345,-10.9308],[142.5496,-10.838],[142.615,-10.7454],[142.4486,-10.7145],[142.3234,-10.9016],[142.1746,-10.9301],[142.1318,-11.3381],[141.9476,-11.8962],[141.801,-12.0551],[141.6657,-12.4411],[141.8114,-12.5841],[141.7547,-12.8185],[141.5855,-12.9775],[141.6908,-13.2599],[141.5598,-13.492],[141.4741,-13.7763],[141.485,-13.9485],[141.584,-14.0761],[141.5921,-14.2453],[141.5217,-14.4838],[141.6043,-14.8777],[141.6657,-15.0114],[141.639,-15.1412],[141.4871,-15.4789],[141.4017,-15.9036],[141.4248,-16.0817],[141.3498,-16.2243],[141.304,-16.442],[141.1995,-16.7031],[140.947,-17.0183],[140.96,-17.074],[140.8333,-17.4508],[140.5075,-17.6363],[140.2405,-17.7021],[139.9995,-17.7061],[139.9253,-17.6214],[139.641,-17.5324],[139.4386,-17.3757],[139.2742,-17.3483],[139.2095,-17.2861],[139.1416,-17.1169],[139.1581,-17.033],[139.0373,-16.9156],[138.7534,-16.8412],[138.6572,-16.7797],[138.4927,-16.7944],[138.1843,-16.6972],[137.8669,-16.4371],[137.7461,-16.2521],[137.3612,-16.1222],[137.2503,-16.0206],[137.0459,-15.9223],[136.9065,-15.9362],[136.7679,-15.9008],[136.6121,-15.7547],[136.2679,-15.545],[136.2401,-15.4241],[135.9517,-15.2644],[135.861,-15.176],[135.4696,-14.948],[135.3913,-14.7399],[135.5226,-14.6515],[135.5323,-14.5811],[135.7591,-14.2654],[135.9033,-14.1358],[135.9231,-13.9596],[136.0049,-13.798],[135.8448,-13.6002],[135.8834,-13.3258],[136.0524,-13.2453],[136.1774,-13.2356],[136.3084,-13.1628],[136.4505,-13.2164],[136.6369,-12.9549],[136.4898,-12.8508],[136.4738,-12.7923],[136.6792,-12.6713],[136.7402,-12.4758],[136.9493,-12.3559],[136.8764,-12.2234],[136.6906,-12.2828],[136.5906,-12.1743],[136.5333,-11.9932],[136.4507,-11.9423],[136.3005,-12.0507],[136.18,-12.1878],[136.3639,-12.2564],[136.2527,-12.4411],[136.0232,-12.4557],[136.0261,-12.3115],[135.8801,-12.1516],[135.7653,-12.2571],[135.6501,-12.1646],[135.7654,-12.0719],[135.7393,-11.9415],[135.5707,-11.9946],[135.5353,-12.0806],[135.3029,-12.1283],[135.2583,-12.2221],[135.0702,-12.2599],[134.9671,-12.1461],[134.8611,-12.1266],[134.7686,-11.9477],[134.6047,-12.0495],[134.3822,-12.0427],[134.285,-11.9682],[134.1897,-12.0182],[134.1322,-11.8864],[133.9431,-11.9137],[133.8438,-11.8552],[133.9016,-11.7389],[133.8025,-11.7149],[133.6221,-11.8333],[133.4785,-11.7908],[133.3467,-11.6882],[133.2612,-11.7296],[133.1411,-11.6746],[133.0111,-11.4328],[132.911,-11.3318],[132.7595,-11.4924],[132.6742,-11.5084],[132.4749,-11.2341],[132.3499,-11.1463],[132.241,-11.1965],[132.1883,-11.3513],[132.0143,-11.1396],[131.8562,-11.3034],[132.0847,-11.518],[132.3699,-11.435],[132.4954,-11.4762],[132.595,-11.622],[132.6956,-11.6535],[132.593,-11.7844],[132.6511,-11.8658],[132.6272,-12.0439],[132.4396,-12.1549],[132.4229,-12.2316],[132.2688,-12.1808],[132.0457,-12.3074],[131.9046,-12.2198],[131.7844,-12.2704],[131.4929,-12.2978],[131.3279,-12.1853],[131.2165,-12.2149],[131.1164,-12.1549],[131.0002,-12.1713],[131.0252,-12.3605],[130.8976,-12.3342],[130.7839,-12.435],[130.6204,-12.4369],[130.5794,-12.5685],[130.345,-12.695],[130.3518,-12.8425],[130.2468,-12.9378],[130.1299,-12.9405],[130.1187,-13.1562],[130.2732,-13.3188],[130.1637,-13.4329],[129.9689,-13.5305],[129.8377,-13.5105],[129.7855,-13.6757],[129.8159,-13.762],[129.7149,-13.8805],[129.7175,-14.0156],[129.4959,-14.0891],[129.3729,-14.3293],[129.3581,-14.4088],[129.5852,-14.5663],[129.6068,-14.6716],[129.7241,-14.7907],[129.6118,-14.9426],[129.659,-15.0899],[129.5982,-15.1171],[129.4766,-14.9338],[129.2214,-14.8435],[129.263,-15.1076],[129.1755,-15.0585],[129.1732,-14.9648],[129.051,-14.8801],[128.8342,-14.8401],[128.5324,-14.7529],[128.4026,-14.823],[128.1958,-15.0568],[128.2245,-15.2602],[128.0671,-15.1252],[128.1753,-14.6984],[127.9056,-14.4975],[127.666,-14.1784],[127.4893,-14.0584],[127.4185,-13.942],[127.3224,-13.9174],[127.1074,-13.9528],[127.0702,-13.8281],[126.9529,-13.7236],[126.7474,-13.7918],[126.8182,-13.9426],[126.7012,-14.0071],[126.7048,-14.1181],[126.5692,-14.1952],[126.501,-13.9972],[126.3903,-14.0051],[126.2477,-14.2232],[126.1911,-14.1596],[126.1496,-13.9328],[126.0741,-14.0261],[126.1413,-14.1955],[126.0718,-14.2267],[126.0609,-14.35],[125.9857,-14.3829],[126.0413,-14.5087],[125.9251,-14.5186],[125.7442,-14.4448],[125.6581,-14.3603],[125.5838,-14.5265],[125.4663,-14.5248],[125.1443,-14.7284],[125.2329,-14.8605],[125.2043,-14.9321],[125.3545,-14.9939],[125.3738,-15.1076],[125.3108,-15.1506],[125.2156,-15.0575],[125.1261,-15.0495],[124.842,-15.1412],[124.9289,-15.3381],[125.0381,-15.2814],[125.0896,-15.3473],[125.0498,-15.4982],[124.9204,-15.361],[124.7979,-15.2919],[124.698,-15.374],[124.6296,-15.505],[124.5042,-15.4675],[124.4033,-15.5593],[124.3779,-15.6873],[124.4043,-15.8748],[124.5151,-15.9701],[124.59,-16.0942],[124.5204,-16.1764],[124.3784,-16.2149],[124.4133,-16.3381],[124.5962,-16.3266],[124.5925,-16.4013],[124.4002,-16.3531],[124.3421,-16.408],[124.2227,-16.3956],[124.1262,-16.2722],[123.986,-16.2863],[123.8352,-16.3683],[123.7327,-16.259],[123.771,-16.1633],[123.595,-16.1559],[123.5397,-16.2652],[123.6516,-16.3603],[123.6541,-16.4845],[123.5662,-16.616],[123.6931,-16.7299],[123.7681,-16.8785],[123.8371,-17.1324],[123.6359,-16.9914],[123.5796,-17.094],[123.6443,-17.1847],[123.5676,-17.362],[123.554,-17.519],[123.3997,-17.3293],[123.2604,-17.0147],[123.1433,-16.9138],[123.1509,-16.8077],[122.8864,-16.5123],[122.7588,-16.6044],[122.7043,-16.7867],[122.5706,-16.7885],[122.5304,-16.874],[122.582,-16.9562],[122.4128,-16.9728],[122.2761,-17.0893],[122.172,-17.2612],[122.1432,-17.5637],[122.2054,-17.7109],[122.1961,-17.9454],[122.3607,-18.0002],[122.324,-18.1506],[122.2204,-18.1972],[121.9103,-18.4645],[121.8237,-18.4518],[121.7691,-18.6574],[121.6439,-18.7171],[121.6426,-18.8102],[121.5194,-19.0696],[121.3115,-19.3541],[121.1935,-19.4724],[120.9544,-19.6337],[120.6506,-19.7633],[120.2383,-19.9068],[119.8023,-19.9658],[119.5667,-20.0688],[119.2124,-19.9612],[119.0685,-19.9828],[118.8318,-20.262],[118.3688,-20.3621],[118.1356,-20.3621],[117.9407,-20.4928],[117.8394,-20.6169],[117.6748,-20.6721],[117.3538,-20.7277],[117.0625,-20.6217],[116.8796,-20.7131],[116.7432,-20.6169],[116.4347,-20.8224],[116.2659,-20.8626],[116.1515,-20.97],[115.9367,-21.059],[115.8062,-21.2354],[115.6027,-21.3435],[115.4546,-21.5138],[115.1052,-21.6652],[114.929,-21.6939],[114.6467,-21.8434],[114.5223,-22.0693],[114.3919,-22.358],[114.1797,-22.5217],[114.1109,-22.4777],[114.1714,-22.3175],[114.0775,-22.1755],[114.1592,-21.7919],[114.0115,-21.86],[113.898,-22.0492],[113.804,-22.3308],[113.6467,-22.5777],[113.6589,-22.7278],[113.7598,-22.7888],[113.8115,-23.0514],[113.7483,-23.1623],[113.7825,-23.3271],[113.7376,-23.527],[113.5995,-23.634],[113.4597,-23.9103],[113.4146,-24.0494],[113.4333,-24.1702],[113.3853,-24.2491],[113.3914,-24.4137],[113.4395,-24.5328],[113.6043,-24.7283],[113.6106,-24.8928],[113.7131,-25.1249],[113.8024,-25.1718],[113.9284,-25.4498],[114.1553,-25.7897],[114.2586,-25.8419],[114.2581,-25.9889],[114.1919,-26.1959],[114.2344,-26.3166],[114.1038,-26.4479],[113.97,-26.3317],[113.9355,-26.1917],[113.7954,-26.2067],[113.7044,-26.148],[113.7606,-25.9048],[113.5329,-25.6183],[113.4208,-25.7282],[113.5576,-25.941],[113.5772,-26.0893],[113.6841,-26.2216],[113.7817,-26.2414],[113.8848,-26.3427],[113.8525,-26.5448],[113.6949,-26.6142],[113.5983,-26.5185],[113.4501,-26.2006],[113.2447,-26.2401],[113.2978,-26.3973],[113.5906,-26.6757],[113.7644,-26.9181],[114.0125,-27.3154],[114.1439,-27.6878],[114.0972,-27.8194],[114.166,-28.1067],[114.3101,-28.2302],[114.5311,-28.5224],[114.5899,-28.6559],[114.5775,-28.7851],[114.6526,-28.9124],[114.832,-29.0921],[114.9788,-29.4799],[114.9461,-29.6581],[114.9675,-29.9024],[114.9426,-30.031],[114.9749,-30.214],[115.1011,-30.6334],[115.1809,-30.8272],[115.313,-30.9908],[115.4546,-31.3035],[115.6803,-31.6486],[115.7437,-31.9278],[115.7568,-32.1856],[115.7144,-32.303],[115.7693,-32.6023],[115.6009,-32.6617],[115.6746,-33.025],[115.6668,-33.2877],[115.4341,-33.5955],[115.2827,-33.6506],[115.1188,-33.6165],[115.0457,-33.5372],[114.9568,-33.6823],[114.971,-34.0827],[115.0178,-34.2621],[115.3347,-34.3142],[115.6123,-34.4459],[115.7455,-34.5402],[116.0198,-34.8294],[116.2484,-34.8775],[116.4651,-35.0007],[116.8996,-35.0504],[117.1716,-35.0133],[117.3595,-35.0242],[117.5386,-35.0922],[117.6843,-35.0463],[118.1199,-34.9871],[118.3874,-34.8259],[118.4798,-34.7171],[118.7059,-34.6477],[118.7273,-34.558],[118.932,-34.4459],[119.117,-34.4724],[119.3821,-34.4401],[119.572,-34.142],[119.8062,-33.985],[120.0022,-33.926],[120.4227,-33.9699],[120.5723,-33.8915],[121.1664,-33.8679],[121.3338,-33.8152],[121.5329,-33.8195],[121.813,-33.8951],[122.0156,-33.8254],[122.1873,-34.0207],[122.3123,-33.9249],[122.5603,-33.9592],[122.5746,-33.9108],[122.7879,-33.881],[123.085,-33.8784],[123.147,-34.0021],[123.2666,-33.9865],[123.3436,-33.9035],[123.5667,-33.8844],[123.7388,-33.794],[123.7568,-33.7141],[123.9525,-33.5673],[124.0083,-33.3542],[124.1165,-33.1215],[124.3569,-32.9528],[124.7088,-32.9039],[124.9019,-32.8337],[125.0003,-32.7372],[125.3378,-32.6015],[125.5373,-32.5484],[125.87,-32.333],[126.1857,-32.2325],[126.3723,-32.2828],[126.6777,-32.3166],[127.053,-32.3038],[127.2887,-32.2734],[127.7663,-32.1231],[128.0173,-32.0842],[128.6553,-31.8458],[128.99,-31.6905],[130.1569,-31.5739],[130.8338,-31.6017],[131.1775,-31.4776],[131.5359,-31.6056]]],[[[147.9985,-43.2304],[147.9639,-43.0105],[148.0047,-42.9089],[147.8887,-42.8195],[147.9531,-42.72],[147.9369,-42.5909],[148.006,-42.5141],[147.9834,-42.319],[148.0745,-42.1974],[148.147,-41.9993],[148.2993,-42.0506],[148.3269,-41.9158],[148.2795,-41.4504],[148.3311,-41.3225],[148.2689,-41.1516],[148.3314,-41.0022],[148.2093,-40.8408],[147.9842,-40.7365],[147.9162,-40.8527],[147.8198,-40.8935],[147.5974,-40.8469],[147.4448,-41.0084],[147.286,-40.9413],[147.1711,-41.0065],[147.0176,-40.9767],[146.4237,-41.1662],[146.2144,-41.1554],[145.7913,-41.017],[145.7116,-40.9304],[144.9847,-40.7448],[144.6892,-40.7045],[144.697,-40.8869],[144.6058,-40.9965],[144.6753,-41.0807],[144.6817,-41.2231],[144.7673,-41.3355],[144.926,-41.7091],[145.2066,-41.9666],[145.2769,-42.1821],[145.2024,-42.2475],[145.2642,-42.5953],[145.3527,-42.6508],[145.5103,-42.9584],[145.5823,-42.9636],[145.8733,-43.2584],[146.0254,-43.3249],[146.0308,-43.4827],[146.3055,-43.5305],[146.5135,-43.5339],[146.7107,-43.629],[146.927,-43.6117],[146.936,-43.4952],[147.0998,-43.2994],[147.2576,-43.2543],[147.2576,-43.1144],[147.3602,-42.9252],[147.5856,-42.8212],[147.6895,-42.8953],[147.8403,-42.902],[147.8871,-43.0344],[147.6478,-43.0728],[147.7925,-43.2441],[147.8675,-43.1417],[147.9985,-43.2304]]],[[[147.3366,-43.3403],[147.1681,-43.3683],[147.1492,-43.5012],[147.3159,-43.5007],[147.3366,-43.3403]]],[[[148.4299,-40.3733],[148.346,-40.3095],[148.0741,-40.3512],[148.082,-40.4543],[148.2957,-40.4347],[148.4299,-40.3733]]],[[[148.0149,-40.1506],[148.0747,-40.2551],[148.3074,-40.2377],[148.299,-39.9618],[148.167,-39.9356],[147.9533,-39.7117],[147.8537,-39.8277],[148.0149,-40.1506]]],[[[144.1055,-39.893],[144.0842,-39.6262],[143.862,-39.7006],[143.8381,-39.9345],[143.9225,-40.1274],[144.1125,-40.0309],[144.1055,-39.893]]],[[[138.1296,-35.8163],[137.9085,-35.7291],[137.686,-35.7575],[137.5808,-35.7268],[137.6229,-35.5821],[137.3522,-35.5856],[137.0745,-35.6716],[136.6211,-35.7512],[136.5326,-35.9119],[136.7156,-36.0628],[137.2117,-35.9802],[137.3711,-36.0108],[137.4592,-36.0827],[137.6204,-36.0001],[137.6133,-35.9242],[137.7567,-35.8715],[138.0477,-35.9186],[138.1296,-35.8163]]],[[[153.4115,-27.3395],[153.4661,-27.0602],[153.3605,-27.066],[153.4115,-27.3395]]],[[[113.2166,-26.068],[113.0513,-25.717],[113.0078,-25.4962],[112.9194,-25.5236],[112.9645,-25.794],[113.0462,-25.94],[113.2166,-26.068]]],[[[153.37,-24.989],[153.2813,-24.8586],[153.2261,-25.0275],[153.0383,-25.1835],[153.0685,-25.329],[152.9483,-25.5522],[152.9994,-25.7286],[153.0835,-25.6658],[153.2674,-25.2555],[153.37,-24.989]]],[[[151.2699,-23.6663],[151.1914,-23.5138],[150.9796,-23.4874],[151.2139,-23.7781],[151.2699,-23.6663]]],[[[115.4645,-20.7302],[115.3994,-20.6938],[115.3106,-20.8019],[115.3652,-20.8769],[115.4645,-20.7302]]],[[[146.319,-18.383],[146.2781,-18.2874],[146.1218,-18.2455],[146.2234,-18.4655],[146.319,-18.383]]],[[[139.7341,-16.4433],[139.6038,-16.3984],[139.2879,-16.4706],[139.2219,-16.5256],[139.137,-16.6972],[139.3021,-16.7245],[139.4447,-16.6646],[139.4666,-16.567],[139.6105,-16.5532],[139.7341,-16.4433]]],[[[137.0779,-15.7512],[137.0832,-15.6522],[136.943,-15.6677],[137.0003,-15.787],[137.0779,-15.7512]]],[[[136.2869,-13.7058],[136.2111,-13.6614],[136.1535,-13.7707],[136.2614,-13.7936],[136.2869,-13.7058]]],[[[136.9515,-14.1816],[136.8106,-14.1591],[136.7168,-14.0637],[136.7914,-13.9177],[136.6843,-13.7205],[136.5947,-13.8123],[136.4302,-13.8771],[136.4097,-13.9972],[136.4608,-14.2164],[136.6394,-14.2802],[136.7331,-14.2561],[136.9031,-14.2989],[136.9515,-14.1816]]],[[[130.5368,-11.705],[130.3968,-11.5346],[130.3499,-11.3395],[130.2698,-11.3381],[130.147,-11.489],[130.2015,-11.6535],[130.0643,-11.6913],[130.0535,-11.8228],[130.3211,-11.7702],[130.4963,-11.839],[130.635,-11.7682],[130.5368,-11.705]]],[[[131.5374,-11.4133],[131.4746,-11.3906],[131.4277,-11.2497],[131.2744,-11.1896],[131.0098,-11.3549],[130.888,-11.3132],[130.6917,-11.4228],[130.5736,-11.2753],[130.366,-11.2324],[130.4303,-11.4843],[130.4966,-11.6495],[130.7126,-11.7995],[130.98,-11.9264],[131.099,-11.8284],[131.2931,-11.7241],[131.3781,-11.5841],[131.4324,-11.607],[131.5374,-11.4133]]],[[[132.4894,-11.1601],[132.5652,-11.3108],[132.6272,-11.246],[132.5513,-11.0324],[132.4894,-11.1601]]]]},"properties":{"ADMIN":"Australia","ADM0_A3":"AUS","NAME_EN":"Australia","LABEL_X":134.04972,"LABEL_Y":-24.129522,"FCLASS_IN":""}},
{"type":"Feature","geometry":{"type":"MultiPolygon","coordinates":[[[[-40.8758,65.0965],[-40.649,65.142],[-40.4416,65.0456],[-40.1843,65.0419],[-40.1229,65.1662],[-39.8576,65.2358],[-39.8745,65.5059],[-39.6357,65.679],[-39.4482,65.5469],[-39.1974,65.5933],[-38.6693,65.59],[-38.6016,65.6514],[-38.2206,65.6464],[-38.1112,65.7718],[-38.2696,65.9052],[-37.9852,65.9499],[-37.9679,66.118],[-37.7587,66.2956],[-37.2154,66.3462],[-37.7979,66.0487],[-37.642,65.9257],[-37.2101,65.7753],[-36.8264,65.9196],[-36.3888,66.0155],[-36.0738,65.9355],[-35.8054,66.0759],[-35.5863,66.1113],[-35.6552,66.2752],[-35.2164,66.241],[-34.6433,66.3804],[-34.538,66.5011],[-34.2565,66.5848],[-34.0882,66.7213],[-33.9483,66.9269],[-33.7509,66.9883],[-33.2808,67.4184],[-33.1867,67.5577],[-32.6958,67.762],[-32.5192,67.8722],[-32.098,67.9063],[-32.1254,68.0507],[-31.9956,68.0913],[-31.9913,68.26],[-31.7402,68.2016],[-31.6938,68.0993],[-31.4111,68.1183],[-30.9127,68.0451],[-30.0082,68.126],[-30.1478,68.2379],[-29.9919,68.3798],[-29.5113,68.2217],[-29.1891,68.2626],[-29.0067,68.3476],[-28.0919,68.4438],[-27.9145,68.5128],[-27.3144,68.5351],[-27.1822,68.6093],[-26.4167,68.6589],[-26.2352,68.7926],[-25.9445,68.7902],[-25.6677,68.8704],[-25.0395,69.1328],[-25.0229,69.225],[-24.6151,69.2801],[-24.0988,69.5335],[-23.8142,69.5123],[-23.6186,69.618],[-23.703,69.7181],[-23.1073,69.7702],[-23.248,69.8539],[-22.8813,69.9627],[-22.38,69.9713],[-22.3717,70.1151],[-23.5598,70.1129],[-24.4847,70.247],[-25.3053,70.4132],[-25.9059,70.3074],[-26.3262,70.1983],[-26.8454,70.2608],[-27.1853,70.1675],[-27.2837,69.992],[-27.5947,70.0605],[-27.2951,70.2501],[-26.9718,70.3287],[-26.6986,70.2904],[-26.3213,70.3798],[-26.7433,70.4841],[-28.2329,70.372],[-28.3103,70.5639],[-28.0105,70.7398],[-27.9209,70.8813],[-28.183,70.9743],[-27.7897,71.0225],[-27.5062,70.9421],[-26.8284,70.9353],[-26.4256,70.9746],[-25.6019,71.1696],[-25.4101,71.3537],[-25.7274,71.4744],[-26.4469,71.5101],[-26.6871,71.4816],[-27.0344,71.5312],[-27.3793,71.6565],[-27.3314,71.7188],[-27.968,71.8712],[-28.4569,71.9394],[-28.3604,72.0071],[-27.8817,71.9788],[-27.2227,71.7451],[-27.1579,71.6684],[-26.7851,71.5465],[-26.076,71.5864],[-25.5756,71.5204],[-25.122,71.3115],[-24.6694,71.272],[-24.2649,71.0814],[-24.183,70.805],[-23.9298,70.6132],[-23.3454,70.4406],[-22.6609,70.4385],[-22.0229,70.4995],[-21.6915,70.43],[-21.4768,70.5449],[-21.7301,70.579],[-21.6177,70.7436],[-21.7573,70.8664],[-21.5724,70.9558],[-21.785,71.0861],[-21.6611,71.1885],[-21.668,71.4014],[-21.9357,71.4866],[-22.286,71.4309],[-22.5314,71.4645],[-22.3051,71.6972],[-23.0117,71.6411],[-23.06,71.7121],[-22.5034,71.9008],[-23.1084,72.0668],[-23.5779,72.1472],[-23.7612,72.2445],[-24.342,72.3317],[-24.5188,72.4157],[-24.8523,72.432],[-24.6901,72.5522],[-24.8484,72.7241],[-25.5228,72.8402],[-24.9843,73.0258],[-25.0526,73.0839],[-25.7206,73.1381],[-26.1506,73.2409],[-25.7049,73.2722],[-25.2922,73.4735],[-24.7191,73.4925],[-24.3754,73.5596],[-24.4095,73.7278],[-24.06,73.8203],[-23.9878,73.5974],[-23.1142,73.3542],[-22.3141,73.2504],[-21.2809,73.4572],[-20.5433,73.449],[-20.483,73.7589],[-20.6886,73.8865],[-21.5901,74.0577],[-21.9887,73.9987],[-22.2294,74.1013],[-22.0516,74.3205],[-21.7716,74.4387],[-21.255,74.4742],[-20.3573,74.4453],[-20.2007,74.2798],[-19.6265,74.2386],[-19.3744,74.2668],[-18.9748,74.4844],[-19.2688,74.5227],[-19.2696,74.6489],[-19.7184,74.5875],[-20.0715,74.6632],[-20.5211,74.6843],[-20.7582,74.8313],[-20.6678,75.2932],[-20.1687,75.3411],[-19.8798,75.1498],[-19.4272,75.2255],[-19.3815,75.5413],[-19.5948,75.6684],[-19.4818,75.7388],[-19.7494,75.889],[-20.2694,75.9923],[-19.6724,76.1273],[-19.9377,76.258],[-20.4891,76.2236],[-20.8944,76.3079],[-21.7045,76.2556],[-21.5673,76.3847],[-21.6748,76.5271],[-21.9355,76.6227],[-22.7442,76.6984],[-21.9506,76.7744],[-21.4963,76.6952],[-20.5134,76.9457],[-19.8951,76.9254],[-19.3913,76.8314],[-19.0627,76.8379],[-18.5022,76.7487],[-18.2659,76.9206],[-18.3245,77.2085],[-18.6232,77.2943],[-19.0825,77.3184],[-19.3815,77.2177],[-19.7277,77.3411],[-20.2301,77.3725],[-20.539,77.4787],[-20.344,77.5549],[-20.7748,77.617],[-20.0204,77.6925],[-19.4118,77.5429],[-18.9792,77.6168],[-19.3568,77.7331],[-19.961,77.791],[-20.7606,77.9706],[-20.9621,77.9704],[-21.3739,77.7768],[-21.3322,77.6776],[-21.9673,77.6792],[-21.63,77.9981],[-21.3223,78.0768],[-21.2997,78.2698],[-20.8898,78.5644],[-20.979,78.7668],[-20.6505,78.8305],[-19.9259,78.8287],[-19.9106,79.0183],[-19.5513,79.1136],[-18.9552,79.149],[-18.9379,79.2615],[-19.4051,79.2873],[-19.5659,79.3859],[-19.2078,79.7085],[-19.4857,79.7737],[-20.4231,79.8396],[-19.9665,80.0832],[-19.4744,80.2602],[-17.8729,80.1611],[-16.4473,80.2193],[-15.7892,80.4047],[-16.4482,80.4792],[-16.8962,80.5837],[-17.3099,80.5124],[-18.0551,80.4918],[-18.5939,80.5734],[-17.063,80.6628],[-15.4204,80.6484],[-15.3207,80.7148],[-14.2949,80.7843],[-14.2037,80.9144],[-12.5382,81.187],[-12.1657,81.3319],[-11.6386,81.3884],[-12.0277,81.6373],[-13.9205,81.8122],[-15.2067,81.8148],[-16.4852,81.7495],[-16.4518,81.6397],[-17.1468,81.4134],[-19.2463,81.5548],[-19.3862,81.6352],[-21.3628,81.2004],[-21.959,81.0214],[-22.9719,80.8804],[-22.5604,81.1202],[-22.2711,81.1504],[-21.2568,81.5175],[-21.0256,81.7716],[-21.1205,81.978],[-21.3884,82.0834],[-23.1954,82.0223],[-23.3077,81.7925],[-24.529,81.6461],[-25.6169,81.561],[-26.3148,81.6168],[-24.7062,81.7812],[-24.6199,81.9875],[-27.762,82.0624],[-29.0386,81.9999],[-30.8033,81.8653],[-31.6802,81.8348],[-32.7177,81.6918],[-32.7794,81.8411],[-31.774,81.9614],[-29.9432,82.0854],[-29.8523,82.1393],[-27.8638,82.1859],[-23.8867,82.2789],[-22.4373,82.34],[-22.306,82.4274],[-21.3185,82.6055],[-22.5654,82.7965],[-23.6622,82.8383],[-24.7537,82.9983],[-25.2214,83.1679],[-27.381,83.0606],[-30.0969,83.1262],[-31.5488,82.9927],[-32.1617,83.061],[-30.7364,83.1371],[-26.0754,83.2085],[-25.6496,83.2976],[-30.6471,83.6018],[-32.4907,83.6341],[-35.2436,83.5372],[-36.7386,83.538],[-38.6903,83.4255],[-38.8617,83.2567],[-37.6283,83.1536],[-38.7833,83.0678],[-39.4376,82.9618],[-40.6903,82.9865],[-41.7407,83.1946],[-42.6658,83.2812],[-43.0395,83.2117],[-45.1538,83.1623],[-46.43,83.0621],[-46.8452,82.976],[-46.5575,82.8929],[-40.9766,82.7744],[-39.9531,82.6931],[-40.6308,82.5751],[-41.2576,82.7117],[-41.8185,82.7529],[-44.9614,82.7689],[-45.6627,82.7261],[-43.7272,82.4069],[-44.7023,82.2578],[-44.3988,82.1052],[-44.8848,81.9794],[-44.3027,81.8142],[-45.1561,81.7899],[-45.9264,81.9464],[-46.0082,82.0362],[-48.7353,82.3581],[-49.0113,82.4545],[-51.1072,82.5099],[-50.5813,82.154],[-49.4645,81.9472],[-49.8291,81.8712],[-50.8907,81.8781],[-53.0238,82.008],[-53.557,82.1161],[-54.4407,82.3727],[-57.0296,82.1888],[-58.6109,82.1052],[-59.4679,82.0028],[-58.486,81.8793],[-58.1378,81.667],[-58.6814,81.684],[-58.8385,81.8623],[-60.0673,81.9474],[-61.2811,81.8151],[-61.4543,81.745],[-60.7869,81.5089],[-61.2963,81.371],[-60.9395,81.1846],[-61.5015,81.1079],[-62.1964,81.1991],[-62.9768,81.2283],[-63.9294,81.0569],[-64.7535,80.9962],[-65.1247,80.7797],[-66.7584,80.5524],[-66.7875,80.4637],[-67.4554,80.3425],[-67.4624,80.1847],[-67.0501,80.0612],[-66.1702,80.0729],[-65.8634,80.012],[-65.3061,80.096],[-64.926,80.0727],[-65.1286,79.8503],[-64.8599,79.5078],[-65.1536,79.3764],[-66.1171,79.1028],[-66.6789,79.1444],[-68.0402,79.0768],[-69.0339,78.98],[-68.9686,78.8976],[-69.4386,78.8088],[-70.7458,78.6954],[-70.8092,78.6169],[-71.5546,78.6435],[-71.9418,78.5583],[-72.5902,78.5212],[-72.7843,78.1076],[-71.9057,77.8887],[-71.3128,77.7698],[-70.679,77.7815],[-70.6756,77.6802],[-70.0682,77.6738],[-70.2554,77.5574],[-69.2226,77.4529],[-68.6384,77.5097],[-67.5917,77.5244],[-67.1409,77.6723],[-66.6134,77.6739],[-66.0534,77.4935],[-66.2014,77.4245],[-66.7728,77.3564],[-67.4359,77.3836],[-68.3695,77.3769],[-69.0619,77.2573],[-70.9033,77.1914],[-71.3424,77.0707],[-71.3456,76.9918],[-70.6601,76.802],[-68.9103,76.6649],[-67.9856,76.6841],[-68.0311,76.5841],[-68.7328,76.5862],[-68.9046,76.5224],[-69.5773,76.4376],[-69.6373,76.3831],[-69.0994,76.2834],[-68.4325,76.0794],[-66.4871,75.9474],[-67.3078,76.164],[-67.0471,76.267],[-66.4137,76.0861],[-66.2189,76.2251],[-65.7401,76.2785],[-65.8889,76.1025],[-65.3545,76.0268],[-65.0668,76.1374],[-64.3812,76.2603],[-64.0311,76.1361],[-63.7233,76.1845],[-63.4769,76.3769],[-62.3976,76.2446],[-60.8725,76.1581],[-60.8321,76.0336],[-60.1242,76.0319],[-59.2722,75.8801],[-59.0416,75.7014],[-58.5572,75.6541],[-58.1667,75.5004],[-58.6595,75.3773],[-58.2414,75.2112],[-58.1315,75.1082],[-56.846,74.8112],[-56.8774,74.7116],[-56.2419,74.4977],[-56.6136,74.4509],[-56.6034,74.2448],[-56.2569,74.2379],[-56.3313,74.0445],[-55.9455,73.8612],[-55.8431,73.6831],[-55.4958,73.4651],[-55.2691,73.3866],[-55.4595,73.2579],[-55.4657,73.0729],[-54.9814,72.999],[-54.6503,72.845],[-54.9683,72.517],[-55.5121,72.5151],[-55.6513,72.4504],[-55.2241,72.3618],[-54.8829,72.3696],[-54.8835,72.2512],[-55.5517,72.0382],[-55.2678,71.9273],[-55.3701,71.826],[-55.8475,71.722],[-55.5145,71.4492],[-55.2876,71.3814],[-54.9808,71.4362],[-54.6252,71.3513],[-53.9518,71.4378],[-53.6789,71.7425],[-52.663,71.6798],[-52.2586,71.5795],[-52.7009,71.5259],[-52.9923,71.4213],[-52.2577,71.3655],[-52.0494,71.2473],[-51.749,71.3604],[-51.5358,71.3127],[-52.2448,71.1347],[-51.8425,71.1374],[-51.9149,71.0214],[-51.4567,70.9081],[-51.1898,70.8869],[-51.3992,70.6973],[-50.8787,70.6625],[-51.3474,70.5716],[-50.9928,70.425],[-51.5494,70.4316],[-52.4503,70.7026],[-52.7906,70.7568],[-53.434,70.7527],[-53.9796,70.8297],[-54.3258,70.7976],[-54.5881,70.6826],[-54.0187,70.4132],[-53.2318,70.3531],[-52.61,70.2171],[-52.3295,70.0536],[-51.6254,70.015],[-51.4387,69.9665],[-50.9391,69.9636],[-50.3329,69.89],[-50.5943,69.7907],[-50.8472,69.6263],[-50.9093,69.3389],[-51.1151,69.2122],[-50.8875,69.1745],[-50.4704,69.2086],[-50.1749,69.0298],[-50.4766,69.0236],[-50.7902,69.1285],[-51.0799,69.1328],[-51.1019,68.8662],[-50.9291,68.6741],[-51.1488,68.5848],[-51.5688,68.5239],[-51.9647,68.5876],[-52.6164,68.5259],[-53.0885,68.3179],[-52.8067,68.2217],[-52.4451,68.1815],[-51.6481,68.2746],[-51.2233,68.2748],[-51.2307,68.1596],[-50.9283,68.0527],[-50.463,67.9548],[-50.6046,67.9095],[-51.2171,68.0709],[-51.9315,68.0468],[-52.5829,68.1911],[-53.1359,68.1091],[-53.2004,67.9678],[-53.6877,67.8118],[-53.5414,67.7197],[-53.7353,67.6133],[-53.5767,67.5189],[-53.0643,67.7357],[-52.824,67.7965],[-52.3422,67.8217],[-52.2319,67.7692],[-51.8587,67.7536],[-51.7037,67.7003],[-51.4448,67.7471],[-51.2746,67.8638],[-51.1227,67.6627],[-51.8641,67.6359],[-52.4091,67.7692],[-53.0477,67.6958],[-53.3788,67.5323],[-53.8057,67.4186],[-53.8767,67.2348],[-53.1137,67.2801],[-52.1493,67.4061],[-52.1493,67.372],[-53.4119,67.1964],[-53.8407,67.1761],[-53.9649,67.1044],[-53.6346,66.9965],[-53.647,66.9116],[-53.0958,66.932],[-52.6675,66.693],[-53.4269,66.6453],[-53.3964,66.5285],[-53.623,66.509],[-53.6953,66.3588],[-53.565,66.2462],[-53.6632,66.1386],[-53.3537,66.1121],[-53.4554,65.9608],[-53.0714,65.8103],[-53.1904,65.6752],[-52.7556,65.6723],[-52.7917,65.5347],[-52.2729,65.4465],[-52.567,65.3162],[-52.1986,65.2846],[-52.2786,65.0788],[-52.0428,64.9577],[-52.1562,64.8637],[-51.8793,64.8371],[-51.731,64.9599],[-51.5316,64.8691],[-51.8748,64.8249],[-52.1562,64.6788],[-52.0938,64.6109],[-52.1801,64.4438],[-52.1426,64.2222],[-51.8351,64.225],[-51.5051,64.4727],[-51.2526,64.7602],[-51.0663,64.6657],[-50.9097,64.685],[-50.6551,64.8216],[-50.4803,64.7129],[-50.7848,64.6024],[-50.6245,64.4667],[-50.8995,64.4067],[-51.1347,64.2077],[-51.7315,64.2084],[-51.4399,64.0823],[-50.8143,64.1781],[-50.8813,64.0966],[-51.5801,64.0424],[-51.4065,63.9293],[-51.4029,63.8127],[-51.5392,63.685],[-51.3959,63.5752],[-51.1273,63.4956],[-51.0563,63.1848],[-50.8866,63.1484],[-50.593,63.2303],[-50.563,62.9809],[-50.4158,62.9452],[-50.1785,62.7664],[-50.3077,62.4913],[-50.0138,62.3204],[-49.6958,62.2668],[-49.4966,62.1501],[-49.5758,62.0729],[-49.3104,61.9962],[-49.4349,61.8474],[-49.2638,61.7255],[-49.2411,61.6076],[-48.8529,61.4028],[-48.5458,61.3813],[-48.6191,61.2121],[-48.0734,61.0884],[-48.0285,60.9145],[-47.9321,60.8417],[-47.4383,60.8274],[-47.0299,60.9748],[-47.0565,60.8608],[-46.8623,60.8001],[-46.6383,60.913],[-46.6317,60.9926],[-46.3757,61.0847],[-46.0328,60.9139],[-46.0006,60.8029],[-45.7215,60.7387],[-45.7656,60.6523],[-45.9816,60.5804],[-45.3937,60.5163],[-45.2142,60.439],[-44.9389,60.4836],[-44.9264,60.3271],[-45.1873,60.2126],[-44.9748,60.0397],[-44.5902,59.9891],[-44.4813,60.1237],[-44.4261,60.1558],[-44.2908,60.1662],[-43.9906,60.1909],[-43.1382,60.0808],[-43.0898,60.2589],[-43.3154,60.4375],[-43.2003,60.5533],[-42.9768,60.5468],[-42.8263,60.6113],[-42.7854,60.7463],[-42.8851,60.8454],[-42.6725,61.0251],[-42.7075,61.2918],[-42.5001,61.3618],[-42.5275,61.5338],[-42.3251,61.6245],[-42.4193,61.6999],[-42.1923,61.8696],[-42.1172,62.0067],[-42.4181,62.0129],[-42.2675,62.2466],[-42.412,62.3493],[-42.2537,62.4374],[-42.3837,62.5715],[-42.7082,62.6929],[-42.4231,62.8158],[-42.0177,62.7968],[-41.7501,62.8439],[-41.5495,63.0529],[-41.4729,63.2258],[-41.9071,63.4635],[-41.6671,63.5101],[-41.531,63.432],[-41.1691,63.3906],[-41.0494,63.5021],[-40.8013,63.5001],[-40.8795,63.6577],[-40.5133,63.726],[-40.6141,63.8076],[-40.5609,64.1069],[-40.712,64.158],[-41.0871,64.1492],[-41.3873,64.1785],[-41.5249,64.3261],[-41.0777,64.3111],[-40.8362,64.3803],[-40.3583,64.359],[-40.5611,64.515],[-40.6291,64.6921],[-41.0546,64.8774],[-41.0776,65.0677],[-40.8758,65.0965]]],[[[-44.351,59.9845],[-44.2037,60.0532],[-44.2519,60.1081],[-44.4193,60.1496],[-44.4947,60.0112],[-44.351,59.9845]]],[[[-43.7067,59.9025],[-43.9613,59.9782],[-44.1047,59.8772],[-44.0539,59.8061],[-43.7915,59.8165],[-43.7067,59.9025]]],[[[-43.1717,60.0739],[-44.0733,60.1763],[-44.1125,60.1123],[-43.8998,59.9922],[-43.5901,59.923],[-43.4808,60.0528],[-43.1717,60.0739]]],[[[-47.722,60.7591],[-47.9293,60.8367],[-48.236,60.8001],[-48.038,60.6954],[-47.722,60.7591]]],[[[-42.0353,62.767],[-42.3639,62.8115],[-42.3946,62.6883],[-42.0353,62.767]]],[[[-41.147,63.2844],[-41.583,63.4301],[-41.4387,63.241],[-41.147,63.2844]]],[[[-40.1434,64.487],[-40.51,64.7012],[-40.4996,64.8296],[-40.7165,64.9323],[-40.8695,64.9047],[-40.5765,64.6894],[-40.4996,64.5041],[-40.1434,64.487]]],[[[-37.454,65.7925],[-37.6412,65.905],[-37.9543,65.7964],[-37.9498,65.6241],[-37.7379,65.5694],[-37.3131,65.6793],[-37.454,65.7925]]],[[[-51.2233,69.9143],[-51.3406,69.743],[-51.2454,69.5383],[-50.9511,69.5594],[-50.9715,69.7195],[-50.6676,69.8293],[-51.015,69.9254],[-51.2233,69.9143]]],[[[-52.9029,69.3451],[-52.1416,69.4773],[-51.8364,69.6318],[-51.9982,69.8051],[-52.7281,69.9287],[-53.0315,70.119],[-53.266,70.2023],[-53.9034,70.2904],[-54.453,70.3133],[-54.8292,70.2008],[-54.7668,69.9695],[-54.9927,69.702],[-54.7374,69.5891],[-53.8811,69.5611],[-53.7987,69.4263],[-54.2046,69.4524],[-54.1485,69.3378],[-53.5874,69.2391],[-52.9029,69.3451]]],[[[-53.8966,71.0825],[-53.4491,71.0569],[-53.3913,71.1549],[-53.6118,71.3217],[-53.954,71.1706],[-53.8966,71.0825]]],[[[-52.4849,71.2643],[-52.4091,71.3537],[-52.9718,71.3872],[-53.1697,71.3463],[-53.1197,71.2128],[-52.6616,71.1684],[-52.4849,71.2643]]],[[[-53.2939,71.5386],[-53.1125,71.541],[-52.7772,71.6654],[-53.3987,71.6744],[-53.2939,71.5386]]],[[[-55.048,72.3188],[-55.6376,72.2333],[-55.3391,72.1767],[-55.048,72.3188]]],[[[-55.7394,72.6142],[-55.5289,72.5552],[-55.0907,72.7358],[-55.1988,72.847],[-55.6072,72.759],[-55.7394,72.6142]]],[[[-71.5763,77.3904],[-72.3393,77.4604],[-72.1318,77.3216],[-71.5763,77.3904]]],[[[-53.2748,82.1723],[-53.1901,82.1124],[-52.1052,81.9954],[-51.2314,82.014],[-52.4652,82.1999],[-53.2748,82.1723]]],[[[-44.5292,82.4138],[-45.3168,82.5645],[-46.3242,82.6785],[-47.6981,82.6438],[-46.876,82.36],[-45.0704,82.2226],[-44.5292,82.4138]]],[[[-27.7191,70.7398],[-27.3696,70.818],[-27.7532,70.8732],[-27.7191,70.7398]]],[[[-25.3173,70.747],[-25.4101,70.9248],[-25.6776,70.9763],[-25.7038,71.0858],[-26.6625,70.8965],[-27.0675,70.8935],[-27.6781,70.6541],[-27.9273,70.6383],[-28.0677,70.4307],[-26.5751,70.5238],[-26.2818,70.5849],[-25.8253,70.6013],[-25.3011,70.6573],[-25.3173,70.747]]],[[[-21.9491,72.4287],[-21.9517,72.4881],[-22.7175,72.6347],[-23.1468,72.8402],[-23.6332,72.838],[-23.9304,72.8815],[-24.4853,72.8266],[-24.3518,72.5913],[-23.9056,72.4661],[-23.0651,72.31],[-22.5249,72.1348],[-22.2504,72.121],[-22.0453,72.2717],[-22.6752,72.3616],[-22.3603,72.4287],[-21.9491,72.4287]]],[[[-24.7999,72.916],[-25.2869,72.8341],[-24.9414,72.7792],[-24.7999,72.916]]],[[[-21.9286,72.7378],[-22.1598,72.8043],[-21.9007,72.916],[-22.255,72.9785],[-23.2383,73.0753],[-23.7792,73.0154],[-24.5365,72.9919],[-24.5262,72.9017],[-23.8311,72.9078],[-23.1633,72.8779],[-22.8196,72.8188],[-22.654,72.6981],[-21.9286,72.7378]]],[[[-24.5243,73.0479],[-22.9807,73.1071],[-23.2302,73.2511],[-24.4601,73.425],[-25.2435,73.4111],[-25.3124,73.32],[-25.7073,73.1847],[-25.4305,73.1214],[-25.0632,73.1184],[-24.5243,73.0479]]],[[[-20.3527,74.2517],[-20.5476,74.4099],[-21.2471,74.4571],[-21.84,74.3512],[-21.9329,74.2077],[-21.0255,74.0963],[-20.1615,74.1688],[-20.3527,74.2517]]],[[[-19.81,74.8909],[-20.189,75.0441],[-20.6134,74.9853],[-20.6807,74.8209],[-20.1383,74.6993],[-19.81,74.8909]]],[[[-17.317,75.1361],[-17.8134,75.0889],[-18.5134,75.3732],[-18.7973,75.3362],[-18.9276,75.0468],[-18.4479,74.9853],[-18.1007,75.038],[-17.4976,74.9981],[-17.317,75.1361]]],[[[-18.5503,76.0541],[-18.6529,76.1807],[-18.723,76.511],[-19.1064,76.4735],[-18.871,76.194],[-18.5503,76.0541]]],[[[-19.318,77.8833],[-19.7467,77.8944],[-19.9766,77.9949],[-20.4735,77.9486],[-19.3085,77.8037],[-19.318,77.8833]]],[[[-18.7643,79.9733],[-19.3575,79.8707],[-18.4852,79.6861],[-17.8363,79.7425],[-17.2775,80.0131],[-17.7408,80.0912],[-18.7643,79.9733]]],[[[-19.5229,80.0303],[-18.7718,80.1123],[-19.2067,80.2102],[-19.6042,80.1463],[-19.5229,80.0303]]]]},"properties":{"ADMIN":"Greenland","ADM0_A3":"GRL","NAME_EN":"Greenland","LABEL_X":-39.335251,"LABEL_Y":74.319387,"FCLASS_IN":""}},
{"type":"Feature","geometry":{"type":"MultiPolygon","coordinates":[[[[-180,-16.9641],[-179.821,-16.78],[-179.9159,-16.6945],[-180,-16.7867],[-180,-16.9641]]],[[[180,-16.7853],[179.8953,-16.9391],[180,-16.9628],[180,-16.7853]]],[[[180,-16.1491],[179.856,-16.2311],[179.7644,-16.1814],[179.4582,-16.3199],[179.3293,-16.408],[179.2404,-16.3981],[178.917,-16.4706],[178.6809,-16.6681],[178.5718,-16.6155],[178.4836,-16.7599],[178.6023,-16.7797],[178.7053,-16.9988],[178.801,-16.9777],[178.8838,-16.8577],[179.0269,-16.9231],[179.0444,-16.8238],[179.2664,-16.6899],[179.2969,-16.8068],[179.5969,-16.7888],[179.6438,-16.7457],[179.9038,-16.7177],[179.8511,-16.5086],[179.5481,-16.766],[179.4888,-16.7076],[179.5979,-16.5398],[179.7385,-16.4592],[179.8512,-16.2909],[180,-16.169],[180,-16.1491]]],[[[178.7114,-17.992],[178.5677,-17.755],[178.6023,-17.65],[178.3037,-17.4303],[178.2627,-17.3356],[178.0422,-17.3569],[177.9266,-17.4059],[177.8333,-17.3665],[177.6221,-17.4547],[177.3889,-17.6406],[177.4353,-17.7433],[177.2821,-17.8517],[177.2516,-17.9522],[177.3359,-18.1056],[177.8272,-18.2345],[177.8594,-18.2658],[178.1683,-18.2485],[178.277,-18.1463],[178.4031,-18.1013],[178.4702,-18.1419],[178.6636,-18.0881],[178.7114,-17.992]]]]},"properties":{"ADMIN":"Fiji","ADM0_A3":"FJI","NAME_EN":"Fiji","LABEL_X":177.975427,"LABEL_Y":-17.826099,"FCLASS_IN":""}},
{"type":"Feature","geometry":{"type":"MultiPolygon","coordinates":[[[[-176.382,-43.8986],[-176.2851,-43.7697],[-176.602,-43.7076],[-176.6384,-43.7996],[-176.5159,-43.9223],[-176.6644,-44.0192],[-176.608,-44.1115],[-176.3,-44.0426],[-176.4565,-43.9498],[-176.5131,-43.7502],[-176.3723,-43.7659],[-176.382,-43.8986]]],[[[168.1995,-47.0476],[168.1792,-46.8644],[167.9206,-46.683],[167.7874,-46.6972],[167.8166,-46.8974],[167.6482,-47.048],[167.6458,-47.2052],[167.9019,-47.1884],[168.1995,-47.0476]]],[[[172.7487,-43.2797],[172.8112,-43.169],[173.0833,-43.067],[173.2873,-42.9539],[173.5586,-42.4911],[173.8909,-42.2408],[174.0041,-42.0312],[174.1979,-41.8761],[174.2259,-41.7234],[174.1724,-41.5782],[174.0581,-41.5173],[174.0555,-41.4246],[174.155,-41.221],[174.2604,-41.1183],[174.2114,-40.9996],[174.0159,-40.9745],[173.9299,-41.0483],[173.5711,-41.0681],[173.2127,-41.3019],[173.126,-41.3117],[173.0309,-41.1491],[173.065,-40.8867],[173.0173,-40.7973],[172.8565,-40.8437],[172.6891,-40.7341],[172.7223,-40.5515],[172.6414,-40.5097],[172.1068,-40.8869],[172.1144,-41.2509],[172.0708,-41.4142],[171.9827,-41.4658],[171.9038,-41.6069],[171.4888,-41.8303],[171.3316,-42.1472],[171.3049,-42.2946],[171.1228,-42.5924],[170.8584,-42.8434],[170.7007,-42.9547],[170.5144,-43.0066],[170.3631,-43.1031],[170.2388,-43.2379],[170.105,-43.2581],[169.8968,-43.3945],[169.7337,-43.5657],[169.5833,-43.603],[169.1921,-43.7587],[169.0813,-43.8468],[168.7468,-44.0103],[168.6458,-43.9645],[168.4103,-44.0279],[168.3401,-44.1183],[167.8364,-44.5053],[167.752,-44.6032],[167.4187,-44.8409],[167.2035,-44.95],[167.0049,-45.1496],[167.0789,-45.3063],[166.8814,-45.2796],[166.7025,-45.5424],[166.7975,-45.7244],[166.4898,-45.8075],[166.4694,-45.9835],[166.6292,-45.9653],[166.6161,-46.0881],[166.762,-46.22],[167.0857,-46.2369],[167.1748,-46.2731],[167.4058,-46.2512],[167.4609,-46.1482],[167.6979,-46.1887],[167.8501,-46.3966],[168.2161,-46.3544],[168.3657,-46.5402],[168.5915,-46.6144],[168.8449,-46.5602],[168.8775,-46.6442],[169.036,-46.6819],[169.6351,-46.5784],[169.849,-46.4675],[169.8648,-46.3784],[170.2349,-46.154],[170.3338,-45.9815],[170.7873,-45.8631],[170.6984,-45.6793],[170.9063,-45.4028],[170.877,-45.3559],[170.9803,-45.155],[171.0912,-45.0737],[171.2031,-44.9055],[171.196,-44.5668],[171.346,-44.2786],[171.5506,-44.1673],[172.0612,-43.9566],[172.3656,-43.8684],[172.4971,-43.7219],[172.7185,-43.8034],[172.8767,-43.902],[173.1055,-43.8294],[173.0529,-43.6533],[172.804,-43.611],[172.7297,-43.4148],[172.7487,-43.2797]]],[[[175.5384,-36.2824],[175.5306,-36.1764],[175.3877,-36.1179],[175.3565,-36.2439],[175.5384,-36.2824]]],[[[176.9537,-39.6075],[176.9063,-39.4475],[176.9375,-39.3487],[177.065,-39.1994],[177.3874,-39.0774],[177.7639,-39.081],[177.8202,-39.1059],[177.8685,-39.2902],[177.9989,-39.1298],[177.8828,-39.0855],[177.964,-38.7614],[178.2946,-38.5398],[178.3621,-38.3165],[178.3185,-38.2657],[178.3516,-38.0017],[178.5643,-37.7177],[178.5129,-37.6523],[178.3415,-37.6183],[178.2777,-37.5593],[178.0315,-37.5496],[177.8766,-37.6479],[177.7388,-37.6762],[177.5568,-37.9138],[177.4375,-37.9767],[177.1455,-38.0235],[176.9502,-37.9277],[176.7183,-37.8777],[176.5186,-37.7621],[176.2312,-37.6659],[176.1314,-37.6871],[175.9972,-37.6318],[175.8818,-36.926],[175.7857,-36.7828],[175.6211,-36.735],[175.562,-36.5517],[175.4404,-36.4747],[175.3571,-36.5296],[175.5025,-36.6539],[175.5205,-36.7979],[175.4489,-36.8741],[175.5278,-36.9625],[175.5957,-37.2131],[175.3672,-37.2072],[175.3311,-37.0213],[175.241,-36.9423],[174.8191,-36.8237],[174.7229,-36.5937],[174.757,-36.2449],[174.4969,-35.9876],[174.5793,-35.8495],[174.5174,-35.7208],[174.5695,-35.5943],[174.3325,-35.288],[174.1375,-35.3191],[173.97,-35.0759],[173.8882,-35.006],[173.6607,-34.9685],[173.4783,-34.9904],[173.4041,-34.9034],[173.2982,-34.9094],[173.1231,-34.8097],[173.0508,-34.6013],[172.9075,-34.5414],[173.0134,-34.4206],[172.7417,-34.4312],[172.7993,-34.551],[173.1436,-34.9284],[173.202,-35.0578],[173.1003,-35.22],[173.8582,-36.0656],[174.0241,-36.2682],[174.0798,-36.3995],[174.2923,-36.32],[174.4414,-36.4065],[174.4697,-36.5834],[174.3599,-36.6313],[174.4889,-37.0146],[174.7007,-36.9363],[174.8328,-36.9428],[174.8805,-37.0763],[174.7043,-37.176],[174.6917,-37.3294],[174.8504,-37.7649],[174.7844,-37.9669],[174.8869,-37.9863],[174.839,-38.1247],[174.7051,-38.1197],[174.7074,-38.2885],[174.6436,-38.4628],[174.6409,-38.6354],[174.5789,-38.8395],[174.3667,-38.9757],[174.2116,-38.9733],[173.8527,-39.1345],[173.7776,-39.2077],[173.7844,-39.3932],[173.9866,-39.5423],[174.319,-39.6139],[174.5676,-39.8268],[174.842,-39.8625],[174.9673,-39.9164],[175.155,-40.0854],[175.2349,-40.336],[175.1413,-40.6744],[174.9427,-40.9706],[174.842,-41.0437],[174.6094,-41.2919],[174.8656,-41.4195],[175.0095,-41.3857],[175.1818,-41.4179],[175.2217,-41.6137],[175.3303,-41.6098],[175.7774,-41.3715],[175.9668,-41.247],[176.1213,-41.0108],[176.2204,-40.9333],[176.348,-40.6965],[176.5425,-40.486],[176.6113,-40.4846],[176.7036,-40.2902],[176.8373,-40.1779],[177.0364,-39.7536],[176.9537,-39.6075]]]]},"properties":{"ADMIN":"New Zealand","ADM0_A3":"NZL","NAME_EN":"New Zealand","LABEL_X":172.787,"LABEL_Y":-39.759,"FCLASS_IN":""}},
{"type":"Feature","geometry":{"type":"MultiPolygon","coordinates":[[[[168.1375,-21.4318],[168.0077,-21.4529],[167.8359,-21.3743],[167.8568,-21.5007],[167.9582,-21.6384],[168.1291,-21.6013],[168.1375,-21.4318]]],[[[167.4323,-21.0278],[167.2847,-20.9018],[167.3083,-20.7309],[167.1853,-20.7882],[167.0674,-20.9964],[167.1463,-21.073],[167.4234,-21.1476],[167.4323,-21.0278]]],[[[167.0344,-22.2375],[166.9388,-22.0798],[166.7783,-22.0146],[166.5734,-21.8749],[166.4113,-21.7055],[166.2188,-21.5969],[166.0667,-21.4699],[165.7544,-21.3023],[165.6231,-21.268],[165.6025,-21.1922],[165.4067,-21.0554],[165.4131,-20.9492],[165.27,-20.8696],[165.2175,-20.7644],[165.0615,-20.7341],[164.8278,-20.5827],[164.7254,-20.4728],[164.4956,-20.3002],[164.3158,-20.2348],[164.2443,-20.2853],[164.0518,-20.1093],[164.0402,-20.301],[164.1325,-20.301],[164.1926,-20.5258],[164.2866,-20.5759],[164.3656,-20.7581],[164.5194,-20.8906],[164.6566,-20.9459],[164.8008,-21.0822],[164.9204,-21.2851],[165.1165,-21.3977],[165.2908,-21.5768],[165.6777,-21.7614],[165.9895,-21.9563],[166.0607,-21.9033],[166.1445,-22.0466],[166.4784,-22.2872],[166.6328,-22.277],[166.7777,-22.392],[166.9116,-22.385],[167.0344,-22.2375]]]]},"properties":{"ADMIN":"New Caledonia","ADM0_A3":"NCL","NAME_EN":"New Caledonia","LABEL_X":165.084004,"LABEL_Y":-21.064697,"FCLASS_IN":""}},
{"type":"Feature","geometry":{"type":"MultiPolygon","coordinates":[[[[44.2547,-20.3761],[44.1258,-20.4983],[44.0364,-20.7255],[43.9015,-20.8829],[43.8128,-21.2243],[43.7346,-21.2817],[43.5869,-21.2748],[43.4727,-21.4052],[43.4727,-21.6721],[43.3362,-21.7688],[43.2468,-22.0351],[43.2952,-22.1661],[43.2229,-22.2548],[43.278,-22.4259],[43.2849,-22.5875],[43.3567,-22.8297],[43.4876,-23.0016],[43.5832,-23.0759],[43.6286,-23.3393],[43.758,-23.454],[43.7483,-23.5701],[43.6416,-23.6389],[43.6641,-23.8671],[43.6563,-24.1853],[43.7067,-24.4062],[43.8399,-24.5058],[43.928,-24.6524],[43.9285,-24.7746],[44.001,-24.8654],[44.0288,-24.999],[44.1872,-25.067],[44.3695,-25.2568],[44.7278,-25.3036],[44.8347,-25.344],[45.1361,-25.5842],[45.4922,-25.5737],[45.674,-25.4944],[45.7742,-25.4081],[46.2376,-25.1982],[46.3866,-25.1648],[46.6537,-25.1839],[46.9647,-25.0657],[47.1375,-24.9093],[47.3123,-24.4859],[47.3384,-24.3243],[47.4551,-24.04],[47.5687,-23.8526],[47.6195,-23.5906],[47.738,-23.2555],[47.8338,-22.901],[47.9006,-22.4811],[47.9474,-22.3482],[48.2018,-21.7962],[48.4556,-21.0141],[48.5623,-20.5771],[48.6992,-20.1999],[48.8237,-19.9028],[48.8596,-19.6847],[48.9859,-19.3788],[49.0769,-19.0656],[49.1912,-18.8425],[49.2432,-18.6568],[49.3592,-18.424],[49.4139,-18.0671],[49.4977,-17.7968],[49.5041,-17.663],[49.4313,-17.2839],[49.529,-17.0417],[49.6245,-16.8857],[49.7783,-16.8556],[49.7232,-16.7081],[49.8495,-16.5524],[49.8457,-16.2121],[49.7026,-16.115],[49.7337,-15.9057],[49.6384,-15.5446],[49.7503,-15.436],[49.9011,-15.4223],[49.9056,-15.5616],[49.9758,-15.6266],[49.9769,-15.7314],[50.0389,-15.8595],[50.1681,-15.9846],[50.2415,-15.9583],[50.3368,-15.8113],[50.4299,-15.6003],[50.5039,-15.3162],[50.4766,-15.1951],[50.3552,-15.0331],[50.2837,-14.8792],[50.2108,-14.6152],[50.1909,-14.4566],[50.2129,-14.2872],[50.1619,-14.2023],[50.1735,-14.0568],[50.1429,-13.7831],[50.0405,-13.497],[50.0329,-13.3605],[49.9727,-13.3313],[49.9353,-13.1681],[49.9421,-13.0339],[49.8643,-12.8805],[49.7305,-12.7381],[49.5632,-12.6168],[49.5864,-12.482],[49.5394,-12.3782],[49.3494,-12.2985],[49.2492,-12.1803],[49.353,-12.1463],[49.3226,-12.0001],[49.202,-12.0481],[49.2015,-12.1467],[48.9846,-12.3334],[48.9553,-12.4692],[48.8527,-12.4138],[48.7708,-12.4548],[48.887,-12.5646],[48.8662,-12.6371],[48.9553,-12.8117],[48.9417,-12.9284],[48.8435,-13.0808],[48.8392,-13.2604],[48.7474,-13.4116],[48.5957,-13.4435],[48.4276,-13.5242],[48.332,-13.6614],[48.3274,-13.78],[48.1813,-13.7468],[48.1424,-13.5954],[48.0313,-13.5172],[47.9043,-13.6032],[47.8758,-13.7843],[47.9411,-14.0041],[48.0482,-14.0841],[48.0448,-14.1516],[47.9268,-14.2463],[47.8145,-14.216],[47.7095,-14.3696],[47.7529,-14.6005],[47.4824,-15.0803],[47.4207,-14.9656],[47.5034,-14.8469],[47.4448,-14.6716],[47.2899,-14.8469],[47.2918,-14.9234],[47.0579,-15.2162],[47.2321,-15.4333],[46.9671,-15.4923],[47.0747,-15.324],[46.9714,-15.1984],[46.8794,-15.225],[46.3327,-15.6301],[46.307,-15.694],[46.3831,-15.8349],[46.293,-15.9407],[46.1442,-15.7037],[46.0158,-15.7923],[45.8245,-15.8134],[45.6939,-15.7831],[45.6214,-15.8508],[45.6384,-15.943],[45.3794,-15.9738],[45.2664,-15.9239],[45.1387,-15.9909],[45.0402,-16.1181],[44.8543,-16.2254],[44.7551,-16.197],[44.4528,-16.1867],[44.4006,-16.3728],[44.4629,-16.4854],[44.4168,-16.5489],[44.4307,-16.7004],[44.238,-16.971],[44.1797,-17.0951],[43.9431,-17.4557],[43.9292,-17.6017],[44.0357,-17.7695],[44.001,-17.9379],[44.0418,-18.198],[44.0497,-18.4265],[44.1859,-18.6108],[44.2573,-18.8039],[44.2275,-19.0546],[44.4596,-19.4177],[44.4837,-19.5232],[44.405,-19.6101],[44.3709,-19.774],[44.4793,-19.9128],[44.439,-20.0554],[44.3557,-20.1381],[44.2547,-20.3761]]],[[[48.332,-13.3604],[48.315,-13.2468],[48.1989,-13.2511],[48.2063,-13.3826],[48.332,-13.3604]]]]},"properties":{"ADMIN":"Madagascar","ADM0_A3":"MDG","NAME_EN":"Madagascar","LABEL_X":46.704241,"LABEL_Y":-18.628288,"FCLASS_IN":""}},
{"type":"Feature","geometry":{"type":"MultiPolygon","coordinates":[[[[125.7913,6.9482],[125.7819,7.1352],[125.6741,7.0702],[125.7913,6.9482]]],[[[122.9717,7.3836],[122.905,7.4377],[122.7942,7.3839],[122.8167,7.2949],[122.9717,7.3836]]],[[[126.5692,7.3011],[126.6087,7.4653],[126.5829,7.7194],[126.4061,7.8332],[126.3955,7.9333],[126.4631,8.2299],[126.3884,8.2929],[126.3569,8.5344],[126.2205,8.5555],[126.1384,8.654],[126.3001,8.7683],[126.3455,8.8533],[126.3128,8.9562],[126.179,9.093],[126.2199,9.3057],[126.0759,9.2395],[126.0117,9.2939],[125.9341,9.4923],[125.6201,9.6298],[125.569,9.7567],[125.4557,9.8128],[125.3987,9.6811],[125.542,9.1892],[125.5265,9.0262],[125.4622,8.9852],[125.1792,8.998],[125.1873,8.8759],[125.1157,8.8306],[124.9153,8.9941],[124.7808,8.9491],[124.7879,8.7336],[124.7532,8.5002],[124.641,8.476],[124.5408,8.5617],[124.4058,8.6079],[124.3218,8.5146],[124.2323,8.2129],[124.0363,8.1898],[123.8737,8.1052],[123.8661,8.3643],[123.7588,8.6075],[123.4778,8.6953],[123.3635,8.6233],[123.3311,8.5466],[123.0554,8.505],[122.9922,8.3972],[122.9246,8.1501],[122.6497,8.116],[122.2922,8.0099],[122.1289,7.815],[122.1135,7.6033],[122.0456,7.4425],[122.0469,7.3011],[121.9334,7.2179],[121.8989,7.0572],[122.0379,6.9174],[122.1545,6.9281],[122.2435,7.0993],[122.2659,7.2491],[122.3791,7.3916],[122.348,7.4525],[122.4439,7.6086],[122.5967,7.7614],[122.7043,7.7883],[122.8147,7.7434],[122.8307,7.5498],[122.9956,7.4673],[123.0503,7.6551],[123.1073,7.7319],[123.2258,7.5156],[123.4194,7.3723],[123.4517,7.4525],[123.3535,7.5721],[123.4857,7.6636],[123.4447,7.8013],[123.5869,7.8393],[123.7238,7.7956],[123.7942,7.7105],[123.9109,7.6989],[124.0652,7.6027],[124.1424,7.4612],[124.2468,7.4041],[124.1838,7.2264],[124.0295,7.1151],[123.9749,6.9653],[123.9655,6.8213],[124.0523,6.6694],[124.0549,6.4377],[124.2458,6.1865],[124.4219,6.1103],[124.5962,5.9989],[124.9387,5.864],[125.0691,5.8617],[125.169,6.112],[125.2507,6.0931],[125.264,5.9499],[125.1812,5.7983],[125.3875,5.5738],[125.6673,5.9501],[125.7066,6.1497],[125.5736,6.5169],[125.3975,6.5985],[125.3889,6.7683],[125.5099,7.0156],[125.6581,7.1291],[125.6569,7.237],[125.8069,7.3511],[125.9768,6.9396],[126.0791,6.8425],[126.0951,6.5141],[126.2269,6.4689],[126.2546,6.7667],[126.168,6.8826],[126.3018,6.8933],[126.3495,7.0001],[126.4764,7.0662],[126.6123,7.2579],[126.5692,7.3011]]],[[[124.5996,11.5634],[124.4959,11.6948],[124.3687,11.6789],[124.4588,11.4945],[124.6091,11.4866],[124.5996,11.5634]]],[[[122.2972,18.4039],[122.2202,18.5224],[122.1116,18.3928],[121.9746,18.286],[121.8528,18.288],[121.6133,18.3593],[121.1068,18.6427],[120.9269,18.5662],[120.8508,18.6389],[120.7708,18.5615],[120.6111,18.5386],[120.5862,18.3645],[120.4701,18.091],[120.3338,17.5564],[120.4021,17.5189],[120.4417,17.368],[120.4031,17.2216],[120.4273,16.9619],[120.3122,16.7778],[120.2761,16.6119],[120.3363,16.2922],[120.4021,16.1655],[120.3338,16.059],[120.1853,16.0334],[120.0912,16.1535],[119.9019,16.2508],[119.9258,16.3451],[119.8125,16.3675],[119.7557,16.2034],[119.7559,15.9446],[119.8789,15.9147],[119.9197,15.6903],[119.9043,15.5971],[119.9639,15.5143],[119.8882,15.429],[120.0051,15.2694],[120.0901,14.7943],[120.1873,14.775],[120.2854,14.6538],[120.3674,14.6208],[120.4021,14.4558],[120.5646,14.4412],[120.5979,14.5056],[120.5393,14.7028],[120.6421,14.787],[120.8301,14.7636],[120.9365,14.6674],[120.9704,14.5019],[120.8779,14.4589],[120.5873,14.2003],[120.6195,14.1042],[120.6201,13.8466],[120.7459,13.9338],[120.895,13.9064],[120.9092,13.8046],[121.1587,13.6395],[121.2788,13.595],[121.4641,13.6948],[121.4846,13.8518],[121.7249,13.9691],[122.1184,13.7521],[122.2075,13.6143],[122.319,13.5922],[122.5011,13.3681],[122.5051,13.2392],[122.5881,13.174],[122.6907,13.2287],[122.6218,13.5527],[122.4976,13.652],[122.5159,13.9344],[122.739,13.8183],[122.8626,13.6948],[122.8147,13.6538],[122.972,13.5275],[123.1688,13.4492],[123.1909,13.359],[123.3008,13.2355],[123.3101,13.0124],[123.4413,13.0369],[123.5984,12.8966],[123.7254,12.8451],[123.823,12.877],[123.8934,12.9748],[124.0025,12.8797],[123.8191,12.8319],[123.8786,12.6452],[123.9832,12.5468],[124.0952,12.5571],[124.1431,12.7973],[124.0816,13.0095],[123.9792,13.0983],[123.7495,13.1547],[123.7946,13.3084],[123.6672,13.4856],[123.5285,13.6268],[123.5881,13.7289],[123.7974,13.688],[123.9378,13.784],[123.4778,13.9505],[123.3296,14.0703],[123.2181,13.9927],[123.315,13.8205],[123.2666,13.7494],[123.1082,13.7221],[123.0498,13.7758],[123.0884,13.9014],[123.0122,14.1057],[122.8533,14.2786],[122.7527,14.3322],[122.6047,14.3013],[122.471,14.3459],[122.1702,14.1396],[122.2908,14.0231],[122.2319,13.9064],[121.9363,13.9952],[121.7316,14.1882],[121.759,14.2466],[121.6624,14.4174],[121.6107,14.6126],[121.5945,14.8592],[121.4876,15.1633],[121.3792,15.3082],[121.6366,15.7225],[121.5549,15.8289],[121.5778,15.9321],[121.7523,16.0769],[121.9548,16.1391],[122.2039,16.2638],[122.2053,16.4239],[122.3455,16.6425],[122.4647,16.8951],[122.5291,17.0905],[122.4104,17.1755],[122.4354,17.2924],[122.2511,17.3602],[122.1566,17.6193],[122.1401,17.7983],[122.1834,17.9844],[122.18,18.1208],[122.307,18.2513],[122.2972,18.4039]]],[[[120.252,5.2665],[120.1986,5.3496],[120.0869,5.259],[119.8294,5.135],[119.9541,5.0755],[120.0254,5.1605],[120.1896,5.1965],[120.252,5.2665]]],[[[122.2967,6.6332],[122.0667,6.7407],[121.8392,6.6689],[121.8801,6.5032],[121.9623,6.4049],[122.1886,6.4511],[122.2967,6.6332]]],[[[117.085,8.0578],[116.9617,8.062],[116.9549,7.926],[117.0671,7.8487],[117.085,8.0578]]],[[[123.698,9.165],[123.6554,9.2891],[123.4795,9.1718],[123.64,9.0986],[123.698,9.165]]],[[[126.1659,9.8292],[126.0807,10.0557],[125.9834,9.9018],[126.0192,9.7817],[126.1201,9.7589],[126.1659,9.8292]]],[[[124.5653,9.8708],[124.5886,10.0239],[124.3313,10.1615],[124.1846,10.1445],[124.0508,9.9793],[123.8861,9.9149],[123.8079,9.74],[123.9375,9.6175],[124.0652,9.5954],[124.2942,9.6068],[124.4105,9.6584],[124.5653,9.8708]]],[[[125.7196,9.9117],[125.6581,10.2617],[125.6848,10.3999],[125.5562,10.3708],[125.4971,10.1035],[125.6104,9.9669],[125.7196,9.9117]]],[[[119.9502,10.6037],[119.8499,10.6448],[119.7783,10.5355],[119.8065,10.4461],[119.9932,10.54],[119.9502,10.6037]]],[[[122.7111,10.7347],[122.5746,10.6658],[122.5286,10.5912],[122.5305,10.4232],[122.6345,10.4442],[122.7371,10.64],[122.7111,10.7347]]],[[[123.5745,10.831],[123.5218,10.9199],[123.2136,10.9964],[122.9663,10.8764],[122.9717,10.7211],[122.9104,10.5976],[122.8239,10.5329],[122.8694,10.3505],[122.8789,10.1181],[122.7078,9.9864],[122.4746,9.9744],[122.3952,9.8366],[122.4966,9.5617],[122.5995,9.4327],[122.8694,9.3227],[122.9336,9.1215],[123.0332,9.0353],[123.2302,9.1076],[123.2986,9.215],[123.3211,9.3432],[123.1976,9.4871],[123.1567,9.8676],[123.2904,10.0936],[123.3897,10.4372],[123.4857,10.5491],[123.5745,10.831]]],[[[124.0474,10.8341],[124.0413,11.1301],[123.9177,11.029],[123.8493,10.7526],[123.765,10.64],[123.7068,10.462],[123.5969,10.3178],[123.508,10.1222],[123.3833,9.9427],[123.3143,9.5076],[123.3696,9.4257],[123.4883,9.5665],[123.6433,9.9601],[123.6433,10.039],[123.8081,10.2366],[123.9729,10.3266],[124.04,10.4844],[124.0474,10.8341]]],[[[119.6719,10.5526],[119.5908,10.6724],[119.5934,10.8371],[119.5193,10.8377],[119.5046,10.9709],[119.5618,11.059],[119.5205,11.1384],[119.569,11.2617],[119.513,11.3978],[119.4206,11.2976],[119.4061,11.0495],[119.32,11.0009],[119.2234,10.8508],[119.345,10.7236],[119.2781,10.5082],[119.1528,10.3985],[119.072,10.3915],[118.9497,10.2202],[118.8223,10.1945],[118.5305,9.7742],[118.3455,9.6362],[118.127,9.3378],[118.0032,9.2333],[117.9045,9.2612],[117.7681,9.0864],[117.6555,9.0579],[117.4504,8.7912],[117.2915,8.6408],[117.2223,8.5002],[117.3186,8.4518],[117.5129,8.5068],[117.5656,8.6611],[117.7737,8.7031],[118.0137,8.8876],[118.1321,9.1267],[118.3358,9.1793],[118.4979,9.3137],[118.7254,9.6313],[118.7847,9.7882],[118.7505,9.8875],[118.8748,9.9719],[119.1963,10.0563],[119.2372,10.1793],[119.356,10.3288],[119.5632,10.3735],[119.71,10.4945],[119.6719,10.5526]]],[[[125.2739,10.3232],[125.1987,10.4331],[125.1941,10.603],[125.0061,10.7973],[125.0531,10.9682],[125.0276,11.176],[124.9663,11.2944],[124.9841,11.3813],[124.8457,11.433],[124.7444,11.3286],[124.6299,11.3044],[124.5033,11.4438],[124.3114,11.4668],[124.4043,11.3027],[124.3968,10.9538],[124.5073,10.8744],[124.6223,11.002],[124.7788,10.8214],[124.7981,10.6591],[124.7389,10.3955],[124.7941,10.3027],[124.7804,10.1519],[124.8828,10.135],[125.0153,10.0261],[125.0002,10.1997],[125.2739,10.3232]]],[[[123.1704,11.4808],[123.1178,11.5482],[122.9007,11.4379],[122.855,11.5913],[122.7308,11.5922],[122.6223,11.5087],[122.388,11.7274],[122.1179,11.8236],[121.9637,11.9339],[121.8968,11.8938],[121.8648,11.7626],[122.0845,11.7247],[122.1072,11.6579],[122.0531,11.2338],[122.0451,11.0174],[121.937,10.7757],[121.9849,10.6249],[121.9297,10.4666],[122.0396,10.4666],[122.1018,10.5693],[122.2266,10.6422],[122.5899,10.6987],[122.6306,10.7744],[122.7615,10.8107],[122.78,10.9569],[122.8391,11.0181],[123.0149,11.0916],[123.1135,11.2667],[123.1704,11.4808]]],[[[120.0248,11.893],[119.9292,11.9612],[119.868,11.9066],[120.0142,11.6821],[120.0671,11.7418],[120.0248,11.893]]],[[[120.3475,12.0295],[120.2864,12.1354],[120.1961,12.112],[120.0215,12.2531],[119.8672,12.2318],[119.9841,12.0257],[120.1346,11.9748],[120.3475,12.0295]]],[[[122.6875,12.4028],[122.6492,12.4732],[122.4811,12.4934],[122.512,12.3776],[122.6118,12.2765],[122.6875,12.4028]]],[[[125.7127,11.1487],[125.5662,11.2681],[125.6377,11.3685],[125.5586,11.4248],[125.4709,11.6026],[125.5005,11.7011],[125.452,11.9641],[125.5244,12.0462],[125.4574,12.1071],[125.5005,12.2486],[125.3607,12.2851],[125.3496,12.3994],[125.1663,12.5781],[125.0617,12.5297],[124.9797,12.5608],[124.6792,12.5159],[124.3584,12.5449],[124.2762,12.5333],[124.3908,12.2219],[124.4932,12.0978],[124.6799,12.0297],[124.7941,11.8581],[124.9282,11.7414],[125.0002,11.6248],[124.8283,11.5087],[125.0029,11.4197],[125.001,11.2898],[125.1328,11.2821],[125.2141,11.1315],[125.3171,11.1496],[125.4402,11.0976],[125.5755,11.1518],[125.7127,11.1487]]],[[[124.0549,11.7998],[124.0403,11.9881],[123.8823,12.2128],[123.7673,12.2141],[123.7044,12.3207],[123.4481,12.5124],[123.2734,12.4237],[123.2178,12.2654],[123.2772,12.1643],[123.2102,12.115],[123.1814,11.9309],[123.3547,12.0954],[123.4242,12.2008],[123.5397,12.194],[123.7117,11.9544],[124.0549,11.7998]]],[[[122.1152,12.6663],[121.9909,12.5712],[121.9932,12.4418],[121.9207,12.3029],[121.9998,12.2106],[122.0808,12.3155],[122.1358,12.5608],[122.1152,12.6663]]],[[[123.7874,12.3756],[123.7258,12.6015],[123.5832,12.6239],[123.7327,12.4062],[123.7874,12.3756]]],[[[121.5261,12.7045],[121.4856,12.7685],[121.4895,13.0368],[121.4305,13.2243],[121.2178,13.4041],[121.0427,13.413],[120.9502,13.5303],[120.7546,13.4667],[120.5654,13.5131],[120.44,13.4272],[120.48,13.3015],[120.6423,13.1833],[120.7583,13.0024],[120.7979,12.7294],[120.9124,12.6347],[120.9164,12.5124],[121.1317,12.2418],[121.273,12.269],[121.4253,12.3842],[121.4378,12.5216],[121.5464,12.6441],[121.5261,12.7045]]],[[[122.1016,13.4167],[121.989,13.5305],[121.8143,13.4505],[121.8172,13.3419],[121.9932,13.2016],[122.1203,13.3566],[122.1016,13.4167]]],[[[124.418,13.873],[124.2774,13.9555],[124.2009,14.0922],[124.1245,14.0494],[124.1218,13.7798],[124.0261,13.6696],[124.1702,13.5298],[124.2935,13.6041],[124.39,13.7116],[124.418,13.873]]],[[[122.0054,15.0107],[121.8442,15.0454],[121.8184,14.946],[121.978,14.8388],[122.0054,15.0107]]],[[[121.3816,6.0057],[121.0422,6.0971],[120.9055,6.015],[120.9341,5.8857],[121.0811,5.8882],[121.2278,5.9421],[121.2814,5.859],[121.4194,5.948],[121.3816,6.0057]]]]},"properties":{"ADMIN":"Philippines","ADM0_A3":"PHL","NAME_EN":"Philippines","LABEL_X":122.465,"LABEL_Y":11.198,"FCLASS_IN":""}},
{"type":"Feature","geometry":{"type":"Polygon","coordinates":[[[81.876,7.0919],[81.8807,7.3271],[81.7576,7.5054],[81.6968,7.753],[81.6082,7.8317],[81.5659,7.9868],[81.4485,8.128],[81.3657,8.4822],[81.2131,8.4724],[81.2317,8.6511],[81.0928,8.8516],[80.9307,9.021],[80.8345,9.2395],[80.7444,9.3597],[80.4099,9.6175],[80.2268,9.8296],[79.9885,9.8229],[79.947,9.6932],[80.0874,9.6184],[80.1736,9.6487],[80.2722,9.5041],[80.053,9.3915],[80.116,9.2338],[80.048,9.0263],[79.9471,8.9487],[79.9417,8.6425],[79.8738,8.5381],[79.8245,8.2667],[79.8272,8.1365],[79.7638,7.9901],[79.802,7.6593],[79.7847,7.5898],[79.8616,7.0119],[79.863,6.8072],[79.9696,6.5353],[80.032,6.2663],[80.1038,6.1271],[80.2476,6.0092],[80.5908,5.9237],[80.7144,5.9579],[80.8091,6.0351],[81.1126,6.1203],[81.3621,6.2254],[81.6815,6.4621],[81.7756,6.6104],[81.8903,7.0199],[81.876,7.0919]]]},"properties":{"ADMIN":"Sri Lanka","ADM0_A3":"LKA","NAME_EN":"Sri Lanka","LABEL_X":80.704823,"LABEL_Y":7.581097,"FCLASS_IN":""}},
{"type":"Feature","geometry":{"type":"Polygon","coordinates":[[[-68.7808,12.0978],[-68.8353,12.171],[-69.0408,12.256],[-69.0715,12.3414],[-69.1643,12.307],[-69.0786,12.2043],[-68.9447,12.1056],[-68.7808,12.0978]]]},"properties":{"ADMIN":"Curaçao","ADM0_A3":"CUW","NAME_EN":"Curaçao","LABEL_X":-68.920578,"LABEL_Y":12.145039,"FCLASS_IN":""}},
{"type":"Feature","geometry":{"type":"Polygon","coordinates":[[[-69.9969,12.5776],[-70.0581,12.5372],[-69.8881,12.4177],[-69.8802,12.4536],[-69.9969,12.5776]]]},"properties":{"ADMIN":"Aruba","ADM0_A3":"ABW","NAME_EN":"Aruba","LABEL_X":-69.972795,"LABEL_Y":12.5174,"FCLASS_IN":""}},
{"type":"Feature","geometry":{"type":"MultiPolygon","coordinates":[[[[-73.6471,21.0616],[-73.6761,20.9352],[-73.4926,20.9245],[-73.1298,20.9937],[-73.0339,21.1567],[-73.2552,21.1351],[-73.3982,21.2248],[-73.5146,21.1869],[-73.6471,21.0616]]],[[[-77.525,23.9331],[-77.5495,24.1259],[-77.6752,24.303],[-77.8397,24.2067],[-77.942,24.0969],[-77.8335,24.0218],[-77.8129,23.8767],[-77.643,23.7549],[-77.5659,23.7407],[-77.525,23.9331]]],[[[-78.3536,24.6592],[-78.3516,24.5305],[-78.18,24.4649],[-78.0633,24.3162],[-77.9086,24.3508],[-77.7187,24.4998],[-77.7372,24.7002],[-77.8734,24.8386],[-77.9866,25.0129],[-77.9769,25.1384],[-78.0452,25.1831],[-78.2143,25.1846],[-78.1577,25.0002],[-78.2081,24.8618],[-78.3536,24.6592]]],[[[-78.5901,26.5362],[-78.5402,26.565],[-77.9029,26.6816],[-77.9717,26.7296],[-78.2871,26.6855],[-78.5759,26.6948],[-78.7143,26.5705],[-78.5901,26.5362]]],[[[-77.8124,26.9068],[-77.5175,26.8522],[-77.427,26.6951],[-77.3122,26.5947],[-77.1607,26.5642],[-77.2564,26.2039],[-77.3479,26.0706],[-77.1907,25.9163],[-77.1649,26.2454],[-77.0148,26.3157],[-77.0588,26.5294],[-77.2699,26.6251],[-77.5113,26.8695],[-77.7745,26.9272],[-77.8124,26.9068]]]]},"properties":{"ADMIN":"The Bahamas","ADM0_A3":"BHS","NAME_EN":"The Bahamas","LABEL_X":-77.146688,"LABEL_Y":26.401789,"FCLASS_IN":""}},
{"type":"Feature","geometry":{"type":"Polygon","coordinates":[[[-71.8028,21.7879],[-71.7411,21.7949],[-71.6309,21.7743],[-71.6788,21.8419],[-71.8094,21.84],[-71.8028,21.7879]]]},"properties":{"ADMIN":"Turks and Caicos Islands","ADM0_A3":"TCA","NAME_EN":"Turks and Caicos Islands","LABEL_X":-71.752704,"LABEL_Y":21.81663,"FCLASS_IN":""}},
{"type":"Feature","geometry":{"type":"Polygon","coordinates":[[[121.9058,24.9501],[121.8928,25.1137],[121.7185,25.152],[121.5979,25.2714],[121.4363,25.2414],[121.3788,25.1579],[121.0593,25.0502],[120.926,24.8847],[120.8475,24.7108],[120.7022,24.607],[120.5708,24.4049],[120.4932,24.2307],[120.1892,23.7748],[120.1243,23.52],[120.1301,23.361],[120.0594,23.151],[120.1703,23.0134],[120.1755,22.8841],[120.3312,22.5197],[120.512,22.4248],[120.6213,22.2951],[120.697,22.1132],[120.7044,21.9814],[120.8416,21.9255],[120.8792,22.0558],[120.875,22.2893],[120.9483,22.5268],[121.021,22.6479],[121.1414,22.7418],[121.2996,22.9592],[121.4001,23.1455],[121.4622,23.343],[121.5215,23.6587],[121.6629,24.1931],[121.7727,24.3092],[121.78,24.4327],[121.856,24.5505],[121.815,24.6444],[121.8235,24.8549],[121.9058,24.9501]]]},"properties":{"ADMIN":"Taiwan","ADM0_A3":"TWN","NAME_EN":"Taiwan","LABEL_X":120.868204,"LABEL_Y":23.652408,"FCLASS_IN":""}},
{"type":"Feature","geometry":{"type":"MultiPolygon","coordinates":[[[[131.6598,32.4768],[131.8006,32.6808],[131.9292,32.7783],[131.9822,32.8889],[131.9032,32.9831],[131.9292,33.0683],[131.8722,33.2003],[131.7109,33.2702],[131.5104,33.2734],[131.6974,33.4064],[131.7295,33.5802],[131.6674,33.6672],[131.521,33.6764],[131.4177,33.5817],[131.0813,33.635],[131.0098,33.7462],[130.9929,33.8977],[130.6844,33.9342],[130.4544,33.8077],[130.3909,33.6049],[130.0553,33.4952],[129.8546,33.5329],[129.7873,33.4545],[129.8075,33.3481],[129.5804,33.371],[129.5521,33.2258],[129.7285,33.1223],[129.6324,32.9791],[129.6981,32.8395],[129.771,32.814],[129.8949,32.6627],[129.9549,32.7452],[130.0938,32.7949],[130.3417,32.6673],[130.3394,32.8566],[130.2436,32.8753],[130.1319,33.102],[130.2193,33.1595],[130.4222,33.0826],[130.4331,32.9417],[130.593,32.8159],[130.5765,32.6984],[130.6413,32.6075],[130.562,32.4271],[130.4771,32.349],[130.3319,32.1286],[130.1799,32.0935],[130.2204,31.9296],[130.1714,31.7901],[130.3362,31.6262],[130.2933,31.4447],[130.193,31.3152],[130.2222,31.2463],[130.4511,31.2494],[130.5217,31.1687],[130.6398,31.1865],[130.5735,31.3146],[130.5291,31.5133],[130.613,31.6824],[130.8045,31.6872],[130.6956,31.5458],[130.7953,31.3444],[130.7254,31.047],[130.924,31.113],[131.104,31.3288],[131.0718,31.4496],[131.2127,31.4547],[131.3455,31.395],[131.4753,31.7622],[131.4473,31.8769],[131.6598,32.4768]]],[[[134.6898,33.8281],[134.696,33.9519],[134.5998,34.0095],[134.6283,34.1779],[134.4398,34.2083],[134.2578,34.2942],[134.153,34.3857],[133.9465,34.3762],[133.6726,34.2231],[133.6209,34.0456],[133.511,33.9652],[133.3226,33.9906],[133.127,33.9333],[132.9191,34.0684],[132.7699,33.9963],[132.7124,33.9045],[132.6766,33.7156],[132.5006,33.625],[132.3811,33.4661],[132.4201,33.3044],[132.5368,33.2426],[132.4518,33.0529],[132.4723,32.9337],[132.7092,32.9094],[132.6234,32.7995],[132.8122,32.7403],[132.915,32.778],[133.0183,33.024],[133.0971,33.0481],[133.2533,33.2191],[133.2694,33.3469],[133.4659,33.4543],[133.7394,33.5375],[133.9252,33.4937],[134.1903,33.2483],[134.2732,33.508],[134.3886,33.6236],[134.6898,33.8281]]],[[[133.4222,34.445],[133.4701,34.424],[133.7,34.5259],[133.9363,34.4512],[133.9832,34.5286],[134.3267,34.7043],[134.5191,34.7597],[134.7444,34.7665],[135.0458,34.625],[135.3413,34.7085],[135.4144,34.5581],[135.3197,34.4288],[135.105,34.3181],[135.187,34.1359],[135.0945,34.0676],[135.0655,33.8856],[135.3916,33.7136],[135.3277,33.6712],[135.4448,33.5508],[135.7656,33.4815],[135.9599,33.5931],[136.1047,33.8914],[136.2732,33.9714],[136.299,34.1543],[136.523,34.2731],[136.8464,34.3076],[136.916,34.434],[136.633,34.5911],[136.5195,34.6809],[136.6592,34.984],[136.8235,34.9549],[136.9156,34.776],[137.2979,34.7972],[137.3093,34.7257],[137.121,34.6377],[137.1407,34.5893],[137.4276,34.6677],[137.6835,34.6708],[137.7922,34.6394],[138.0472,34.6546],[138.1902,34.6012],[138.216,34.7123],[138.3408,34.8265],[138.3671,34.9173],[138.5143,34.9802],[138.5541,35.0961],[138.8033,35.1219],[138.744,34.7289],[138.8353,34.5959],[138.9408,34.6611],[139.1409,34.8706],[139.0865,34.9973],[139.146,35.2352],[139.4149,35.3188],[139.5266,35.302],[139.6606,35.1782],[139.6572,35.377],[139.7786,35.5019],[139.8068,35.6382],[139.9504,35.6726],[140.0796,35.6036],[140.0059,35.4734],[139.8242,35.3284],[139.8677,35.0133],[139.991,35.0205],[140.1346,35.1226],[140.3212,35.1304],[140.3942,35.1966],[140.3859,35.381],[140.4835,35.566],[140.6611,35.6886],[140.8416,35.7424],[140.646,36.0133],[140.5641,36.2831],[140.6169,36.3378],[140.6235,36.5061],[140.8044,36.886],[140.9603,36.9662],[141.0418,37.3771],[141.0222,37.727],[140.9334,37.8892],[140.9668,38.1705],[141.0978,38.3715],[141.4714,38.4357],[141.4671,38.5695],[141.5726,38.7187],[141.5305,38.7808],[141.6367,38.8911],[141.6384,38.9854],[141.8065,39.0295],[141.9089,39.1098],[141.9053,39.3305],[142.0693,39.5405],[141.9783,39.6479],[142.0088,39.7528],[141.9496,39.9966],[141.7438,40.3839],[141.4374,40.6701],[141.4056,40.8168],[141.3908,41.161],[141.4575,41.3775],[141.2761,41.3532],[141.1078,41.4639],[140.9071,41.5008],[140.837,41.4182],[140.7656,41.196],[140.7982,41.1286],[141.0581,41.1831],[141.2059,41.2647],[141.2705,41.1852],[141.1852,40.9112],[140.9751,40.9378],[140.7992,40.8391],[140.673,40.8956],[140.6427,41.1714],[140.3328,41.2372],[140.3248,41.0275],[140.2708,40.8124],[140.046,40.7678],[139.8604,40.6088],[139.9428,40.5446],[139.9461,40.4189],[140.0243,40.355],[139.978,40.1255],[139.8221,39.9611],[140.0276,39.8245],[140.0593,39.7275],[140.0486,39.5047],[139.9953,39.3273],[139.9318,39.2871],[139.7738,38.8171],[139.5992,38.6483],[139.4622,38.375],[139.4324,38.1691],[139.3045,38.0419],[139.0599,37.9459],[138.8577,37.8278],[138.7656,37.6347],[138.5506,37.3779],[138.2449,37.1838],[138.0975,37.1711],[137.8967,37.0575],[137.4271,36.922],[137.3333,36.7627],[137.157,36.7608],[137.0055,36.8359],[137.054,37.0798],[136.8747,37.0696],[136.9304,37.2216],[137.0142,37.1849],[137.1087,37.2834],[137.2302,37.2921],[137.2957,37.5315],[137.1138,37.4877],[136.9348,37.3995],[136.7491,37.3579],[136.6703,37.15],[136.7676,36.981],[136.7606,36.8706],[136.64,36.6626],[136.4302,36.4325],[136.1348,36.2246],[135.9573,35.9731],[136.0995,35.7757],[135.956,35.7283],[135.9817,35.6436],[135.8547,35.579],[135.7061,35.5621],[135.6451,35.4802],[135.4524,35.5718],[135.262,35.5575],[135.304,35.6889],[135.2268,35.7723],[135.0841,35.739],[134.927,35.6412],[134.537,35.6722],[134.2378,35.5467],[133.7311,35.5029],[133.5802,35.5336],[133.4174,35.4565],[133.2647,35.4962],[133.1054,35.5975],[132.9697,35.517],[132.6354,35.441],[132.6387,35.2946],[132.4081,35.1751],[132.3168,35.0623],[132.0633,34.9075],[131.8584,34.7145],[131.5969,34.6596],[131.4548,34.5191],[131.4143,34.424],[131.2362,34.3823],[131.0747,34.4248],[130.8716,34.2792],[130.9234,34.1838],[130.8616,34.1127],[130.9321,33.9454],[131.0356,34.048],[131.2722,33.9268],[131.4829,34.032],[131.7415,34.0562],[132.0578,33.8952],[132.2132,33.9897],[132.2225,34.239],[132.3835,34.3657],[132.4968,34.3625],[132.5598,34.2184],[132.6563,34.1993],[132.8362,34.3111],[133.1658,34.2923],[133.2473,34.4265],[133.3411,34.348],[133.4222,34.445]]],[[[145.7674,43.3873],[145.676,43.382],[145.4684,43.253],[145.3216,43.2763],[145.1948,43.6207],[145.0747,43.7537],[145.1223,43.9171],[145.3499,44.2116],[145.2017,44.2058],[145.0485,44.1221],[144.8312,43.9422],[144.7405,43.9146],[144.4304,43.9426],[144.3186,43.9912],[144.2151,44.1115],[143.9992,44.134],[143.7832,44.1007],[143.6804,44.1824],[143.4053,44.3175],[143.3514,44.381],[142.9815,44.5865],[142.6307,44.8837],[142.5393,45.0185],[141.9605,45.5102],[141.6921,45.4023],[141.5838,45.2512],[141.5864,45.1644],[141.7219,44.9551],[141.7835,44.7654],[141.7918,44.597],[141.7472,44.4242],[141.6554,44.2769],[141.6406,43.9379],[141.385,43.7913],[141.3374,43.7128],[141.3709,43.4971],[141.4401,43.3617],[141.3709,43.2507],[141.1691,43.1409],[140.9883,43.227],[140.8099,43.1925],[140.4872,43.3724],[140.3601,43.3252],[140.3381,43.2105],[140.5271,43.0154],[140.2608,42.761],[140.2004,42.8143],[140.0539,42.6942],[139.877,42.6634],[139.7874,42.2468],[140.0276,42.1055],[140.145,41.9827],[140.1297,41.8232],[140.0195,41.697],[139.9837,41.5605],[140.0383,41.4426],[140.209,41.4011],[140.4006,41.513],[140.4529,41.6811],[140.6043,41.7363],[140.6416,41.8151],[140.96,41.722],[141.1828,41.8183],[140.9743,41.9138],[140.7136,42.1335],[140.5488,42.1055],[140.2918,42.2596],[140.2886,42.3502],[140.3809,42.5051],[140.5256,42.5806],[140.7337,42.5642],[141.0168,42.3161],[141.0916,42.3918],[141.4277,42.5644],[141.7261,42.6172],[142.1678,42.4599],[142.46,42.2713],[142.9597,42.1054],[143.2529,41.9419],[143.3379,42.1502],[143.349,42.3192],[143.6388,42.6611],[144.042,42.9266],[144.323,43.0026],[144.4959,42.9333],[144.742,42.9242],[144.7576,43.0188],[145.0002,42.9862],[145.1255,43.1201],[145.3025,43.1735],[145.5171,43.175],[145.6292,43.3098],[145.7674,43.3873]]],[[[123.8147,24.3918],[123.6834,24.2853],[123.8731,24.2582],[123.936,24.3415],[123.8147,24.3918]]],[[[124.3291,24.5836],[124.1431,24.3849],[124.2419,24.3637],[124.3291,24.5836]]],[[[128.3377,26.7969],[128.2259,26.801],[128.0149,26.6348],[127.9375,26.5321],[127.7313,26.4399],[127.7419,26.3205],[127.6359,26.1914],[127.6517,26.0844],[127.7969,26.1397],[127.7775,26.2333],[127.9403,26.4477],[128.1722,26.6235],[128.2433,26.6333],[128.3377,26.7969]]],[[[129.7075,28.4621],[129.6878,28.509],[129.2277,28.3046],[129.2424,28.2143],[129.3711,28.1672],[129.4202,28.2499],[129.7075,28.4621]]],[[[130.6746,30.3746],[130.499,30.468],[130.3863,30.3396],[130.4377,30.239],[130.5773,30.2359],[130.6746,30.3746]]],[[[131.052,30.8402],[130.9393,30.6723],[130.9302,30.5409],[130.8515,30.4701],[130.8858,30.3439],[131.0356,30.5572],[131.0789,30.6991],[131.052,30.8402]]],[[[130.1605,32.5463],[130.033,32.5219],[129.9753,32.3554],[130.012,32.1906],[130.2034,32.3389],[130.1605,32.5463]]],[[[128.8784,32.6739],[128.8423,32.7595],[128.6418,32.7614],[128.6629,32.6015],[128.8784,32.6739]]],[[[129.3125,34.2798],[129.1985,34.3162],[129.1704,34.1468],[129.2766,34.1291],[129.3125,34.2798]]],[[[135.0027,34.6084],[134.799,34.4468],[134.6572,34.2882],[134.7287,34.1909],[134.9583,34.2704],[134.903,34.419],[135.0027,34.6084]]],[[[129.4526,34.6195],[129.3233,34.6481],[129.2723,34.3757],[129.4461,34.5148],[129.4526,34.6195]]],[[[133.367,36.2742],[133.292,36.3425],[133.1878,36.2161],[133.326,36.1581],[133.367,36.2742]]],[[[138.4592,38.0699],[138.5193,38.3074],[138.3101,38.1681],[138.2327,38.0078],[138.3425,37.9669],[138.2651,37.7983],[138.4865,37.8918],[138.5752,38.0351],[138.4592,38.0699]]]]},"properties":{"ADMIN":"Japan","ADM0_A3":"JPN","NAME_EN":"Japan","LABEL_X":138.44217,"LABEL_Y":36.142538,"FCLASS_IN":""}},
{"type":"Feature","geometry":{"type":"Polygon","coordinates":[[[-56.2738,46.8955],[-56.3137,46.9757],[-56.2533,47.0537],[-56.3959,47.1136],[-56.3368,46.9543],[-56.2738,46.8955]]]},"properties":{"ADMIN":"Saint Pierre and Miquelon","ADM0_A3":"SPM","NAME_EN":"Saint Pierre and Miquelon","LABEL_X":-56.332352,"LABEL_Y":47.040344,"FCLASS_IN":""}},
{"type":"Feature","geometry":{"type":"Polygon","coordinates":[[[-14.5636,66.3845],[-14.8398,66.3918],[-15.4197,66.1723],[-15.7751,66.2895],[-15.7067,66.3959],[-15.9241,66.4223],[-16.0229,66.5366],[-16.5433,66.507],[-16.4219,66.2871],[-16.487,66.1895],[-16.9197,66.1243],[-17.2174,66.1942],[-17.4193,65.994],[-17.673,66.0071],[-17.9127,66.1523],[-18.297,66.1796],[-18.2281,65.9394],[-18.54,65.9742],[-18.5445,66.0827],[-18.6923,66.17],[-18.9447,66.1907],[-19.1597,66.0976],[-19.3627,66.0884],[-19.4979,65.9775],[-19.418,65.7539],[-19.6504,65.765],[-19.8798,65.9052],[-20.0306,66.0834],[-20.1848,66.1312],[-20.4489,66.0294],[-20.2633,65.7445],[-20.3285,65.6278],[-20.5752,65.5357],[-20.6658,65.6909],[-20.9181,65.6014],[-21.1952,65.4081],[-21.3699,65.4871],[-21.4179,65.7635],[-21.2782,65.8569],[-21.3185,65.9878],[-21.723,66.0822],[-21.7499,66.1858],[-21.9793,66.275],[-22.2141,66.2897],[-22.3767,66.4326],[-22.8503,66.467],[-23.0981,66.3183],[-22.866,66.1595],[-22.4494,66.0759],[-22.8555,66.0285],[-23.0277,66.1087],[-23.4614,66.2042],[-23.7926,66.0704],[-23.8666,65.8756],[-24.0499,65.8035],[-24.0868,65.6514],[-24.2779,65.6364],[-24.1967,65.5012],[-23.8975,65.4046],[-22.9258,65.5732],[-22.5892,65.5356],[-22.1992,65.4323],[-22.2013,65.3177],[-22.5577,65.1689],[-22.0338,65.1149],[-22.1552,65.0276],[-22.38,65.0588],[-22.6744,65.0076],[-23.2102,65.0169],[-23.224,64.9494],[-23.8498,64.9306],[-24.06,64.8911],[-23.8336,64.7259],[-23.2462,64.8305],[-22.7839,64.7927],[-22.5319,64.8091],[-22.3197,64.7539],[-22.391,64.6378],[-21.9626,64.2973],[-21.8179,64.238],[-21.9634,64.0823],[-22.6859,63.9457],[-22.7175,63.8284],[-22.3364,63.8632],[-21.6599,63.8319],[-21.1683,63.8756],[-20.4421,63.6714],[-20.1857,63.5444],[-19.7699,63.5342],[-19.2873,63.4387],[-18.732,63.3967],[-17.965,63.5225],[-17.8239,63.6674],[-17.8603,63.737],[-16.8958,63.8078],[-16.3505,63.9656],[-15.9921,64.1445],[-15.464,64.2513],[-15.3636,64.3368],[-14.9955,64.2626],[-14.7125,64.4141],[-14.5105,64.4423],[-14.4935,64.6583],[-14.0485,64.7197],[-13.8678,64.7947],[-13.527,65.0555],[-13.5202,65.1722],[-13.6877,65.3064],[-13.6096,65.5142],[-13.8213,65.5415],[-14.3976,65.73],[-14.6944,65.7508],[-14.823,65.8159],[-14.6047,65.9639],[-14.6773,66.0562],[-15.076,66.0496],[-14.9591,66.2965],[-14.5636,66.3845]]]},"properties":{"ADMIN":"Iceland","ADM0_A3":"ISL","NAME_EN":"Iceland","LABEL_X":-18.673711,"LABEL_Y":64.779286,"FCLASS_IN":""}},
{"type":"Feature","geometry":{"type":"Polygon","coordinates":[[[-128.3302,-24.3243],[-128.3502,-24.3412],[-128.3207,-24.4006],[-128.2902,-24.3984],[-128.3037,-24.3346],[-128.3302,-24.3243]]]},"properties":{"ADMIN":"Pitcairn Islands","ADM0_A3":"PCN","NAME_EN":"Pitcairn Islands","LABEL_X":-128.317536,"LABEL_Y":-24.364576,"FCLASS_IN":""}},
{"type":"Feature","geometry":{"type":"MultiPolygon","coordinates":[[[[-149.1835,-17.7312],[-149.3039,-17.7121],[-149.3541,-17.5401],[-149.4295,-17.5016],[-149.6043,-17.5258],[-149.6422,-17.6008],[-149.5875,-17.7312],[-149.4504,-17.7592],[-149.3435,-17.7249],[-149.2759,-17.8449],[-149.1835,-17.7312]]],[[[-151.4787,-16.7382],[-151.4582,-16.9026],[-151.3525,-16.8586],[-151.4787,-16.7382]]],[[[-138.8366,-9.7411],[-139.0514,-9.7014],[-139.1569,-9.8152],[-138.8693,-9.7916],[-138.8366,-9.7411]]],[[[-140.0494,-8.8232],[-140.2167,-8.781],[-140.2277,-8.927],[-140.096,-8.919],[-140.0494,-8.8232]]]]},"properties":{"ADMIN":"French Polynesia","ADM0_A3":"PYF","NAME_EN":"French Polynesia","LABEL_X":-149.46157,"LABEL_Y":-17.628081,"FCLASS_IN":""}},
{"type":"Feature","geometry":{"type":"MultiPolygon","coordinates":[[[[69.1921,-48.9866],[69.3113,-49.0694],[69.4113,-48.9286],[69.3128,-48.8925],[69.1921,-48.9866]]],[[[70.5488,-49.1832],[70.522,-49.0959],[70.273,-49.0764],[69.8538,-49.2091],[69.7123,-49.3068],[69.4959,-49.2397],[69.4722,-49.1518],[69.6577,-49.0624],[69.438,-49.0146],[69.2145,-49.1213],[69.0838,-48.9734],[69.1637,-48.8461],[69.1165,-48.7267],[68.9568,-48.6715],[68.8787,-48.9446],[68.7555,-49.0476],[68.8543,-49.149],[68.7928,-49.2481],[68.9017,-49.4311],[68.7782,-49.5925],[68.8317,-49.7172],[69.0666,-49.691],[69.1145,-49.6031],[69.3734,-49.5661],[69.4697,-49.6314],[70.1232,-49.7136],[70.2959,-49.5304],[70.1384,-49.5056],[70.0653,-49.5735],[69.8138,-49.5325],[70.1399,-49.3388],[70.3115,-49.3785],[70.4639,-49.3566],[70.5488,-49.1832]]]]},"properties":{"ADMIN":"French Southern and Antarctic Lands","ADM0_A3":"ATF","NAME_EN":"French Southern and Antarctic Lands","LABEL_X":69.122136,"LABEL_Y":-49.303721,"FCLASS_IN":""}},
{"type":"Feature","geometry":{"type":"Polygon","coordinates":[[[55.4017,-4.6605],[55.449,-4.6779],[55.5169,-4.7504],[55.5286,-4.6802],[55.4588,-4.6181],[55.4017,-4.6605]]]},"properties":{"ADMIN":"Seychelles","ADM0_A3":"SYC","NAME_EN":"Seychelles","LABEL_X":55.480175,"LABEL_Y":-4.676659,"FCLASS_IN":""}},
{"type":"Feature","geometry":{"type":"Polygon","coordinates":[[[-157.191,1.7639],[-157.3821,1.9022],[-157.449,1.8002],[-157.2869,1.7502],[-157.191,1.7639]]]},"properties":{"ADMIN":"Kiribati","ADM0_A3":"KIR","NAME_EN":"Kiribati","LABEL_X":-157.384577,"LABEL_Y":1.820437,"FCLASS_IN":""}},
{"type":"Feature","geometry":{"type":"Polygon","coordinates":[[[171.3936,7.1099],[171.2264,7.0758],[171.2632,7.0677],[171.2935,7.0837],[171.3669,7.0945],[171.3936,7.1099]]]},"properties":{"ADMIN":"Marshall Islands","ADM0_A3":"MHL","NAME_EN":"Marshall Islands","LABEL_X":171.193609,"LABEL_Y":7.082568,"FCLASS_IN":""}},
{"type":"Feature","geometry":{"type":"Polygon","coordinates":[[[-61.0023,10.6994],[-60.9488,10.8453],[-61.1801,10.7976],[-61.3666,10.803],[-61.6021,10.7477],[-61.4723,10.5949],[-61.4879,10.4301],[-61.4584,10.3022],[-61.6118,10.2475],[-61.7121,10.1636],[-61.637,10.0578],[-61.5441,10.0762],[-61.1916,10.0738],[-60.996,10.1383],[-60.9984,10.3559],[-61.0425,10.51],[-61.0023,10.6994]]]},"properties":{"ADMIN":"Trinidad and Tobago","ADM0_A3":"TTO","NAME_EN":"Trinidad and Tobago","LABEL_X":-60.9184,"LABEL_Y":10.9989,"FCLASS_IN":""}},
{"type":"Feature","geometry":{"type":"Polygon","coordinates":[[[-61.6129,12.2144],[-61.6715,12.2361],[-61.7564,12.0878],[-61.6949,12.0028],[-61.6138,12.0804],[-61.6129,12.2144]]]},"properties":{"ADMIN":"Grenada","ADM0_A3":"GRD","NAME_EN":"Grenada","LABEL_X":-61.680461,"LABEL_Y":12.113156,"FCLASS_IN":""}},
{"type":"Feature","geometry":{"type":"Polygon","coordinates":[[[-61.1673,13.1461],[-61.1239,13.3083],[-61.212,13.3689],[-61.2714,13.1865],[-61.1673,13.1461]]]},"properties":{"ADMIN":"Saint Vincent and the Grenadines","ADM0_A3":"VCT","NAME_EN":"Saint Vincent and the Grenadines","LABEL_X":-61.3359,"LABEL_Y":13.0879,"FCLASS_IN":""}},
{"type":"Feature","geometry":{"type":"Polygon","coordinates":[[[-59.4269,13.1604],[-59.6542,13.2951],[-59.6081,13.0847],[-59.5089,13.0573],[-59.4269,13.1604]]]},"properties":{"ADMIN":"Barbados","ADM0_A3":"BRB","NAME_EN":"Barbados","LABEL_X":-59.568966,"LABEL_Y":13.163709,"FCLASS_IN":""}},
{"type":"Feature","geometry":{"type":"Polygon","coordinates":[[[-60.8868,14.0101],[-60.9335,14.1119],[-61.0759,13.8904],[-61.0482,13.7673],[-60.9408,13.7221],[-60.8922,13.8332],[-60.8868,14.0101]]]},"properties":{"ADMIN":"Saint Lucia","ADM0_A3":"LCA","NAME_EN":"Saint Lucia","LABEL_X":-60.980094,"LABEL_Y":13.892371,"FCLASS_IN":""}},
{"type":"Feature","geometry":{"type":"Polygon","coordinates":[[[-61.3629,15.2018],[-61.2567,15.2853],[-61.2672,15.5078],[-61.3077,15.5793],[-61.469,15.6339],[-61.4889,15.5357],[-61.4212,15.4147],[-61.3629,15.2018]]]},"properties":{"ADMIN":"Dominica","ADM0_A3":"DMA","NAME_EN":"Dominica","LABEL_X":-61.344958,"LABEL_Y":15.458829,"FCLASS_IN":""}},
{"type":"Feature","geometry":{"type":"Polygon","coordinates":[[[166.6194,19.2816],[166.6442,19.2756],[166.6382,19.2864],[166.6194,19.2816]]]},"properties":{"ADMIN":"United States Minor Outlying Islands","ADM0_A3":"UMI","NAME_EN":"United States Minor Outlying Islands","LABEL_X":166.644535,"LABEL_Y":19.285663,"FCLASS_IN":""}},
{"type":"Feature","geometry":{"type":"Polygon","coordinates":[[[-62.1474,16.7443],[-62.202,16.8193],[-62.2301,16.7276],[-62.1474,16.7443]]]},"properties":{"ADMIN":"Montserrat","ADM0_A3":"MSR","NAME_EN":"Montserrat","LABEL_X":-62.188252,"LABEL_Y":16.73717,"FCLASS_IN":""}},
{"type":"Feature","geometry":{"type":"Polygon","coordinates":[[[-61.8836,17.049],[-61.6857,17.0286],[-61.8253,17.1688],[-61.8836,17.049]]]},"properties":{"ADMIN":"Antigua and Barbuda","ADM0_A3":"ATG","NAME_EN":"Antigua and Barbuda","LABEL_X":-61.790612,"LABEL_Y":17.352249,"FCLASS_IN":""}},
{"type":"Feature","geometry":{"type":"Polygon","coordinates":[[[-62.6505,17.2656],[-62.72,17.3585],[-62.8196,17.4158],[-62.8611,17.3623],[-62.6505,17.2656]]]},"properties":{"ADMIN":"Saint Kitts and Nevis","ADM0_A3":"KNA","NAME_EN":"Saint Kitts and Nevis","LABEL_X":-62.757975,"LABEL_Y":17.336558,"FCLASS_IN":""}},
{"type":"Feature","geometry":{"type":"Polygon","coordinates":[[[-64.5594,17.7516],[-64.6898,17.7448],[-64.7716,17.7926],[-64.8764,17.6891],[-64.5594,17.7516]]]},"properties":{"ADMIN":"United States Virgin Islands","ADM0_A3":"VIR","NAME_EN":"United States Virgin Islands","LABEL_X":-64.779172,"LABEL_Y":17.746706,"FCLASS_IN":""}},
{"type":"Feature","geometry":{"type":"Polygon","coordinates":[[[-62.8389,17.882],[-62.7917,17.9155],[-62.8574,17.925],[-62.8389,17.882]]]},"properties":{"ADMIN":"Saint Barthelemy","ADM0_A3":"BLM","NAME_EN":"Saint Barthélemy","LABEL_X":-62.833193,"LABEL_Y":17.901987,"FCLASS_IN":""}},
{"type":"Feature","geometry":{"type":"Polygon","coordinates":[[[-65.6288,18.2792],[-65.6632,18.3664],[-65.9889,18.4631],[-66.1181,18.443],[-66.2581,18.4815],[-66.6409,18.4964],[-66.9073,18.4853],[-67.1017,18.5228],[-67.1595,18.4209],[-67.2708,18.3618],[-67.1519,18.2034],[-67.2148,17.9663],[-66.9242,17.9496],[-66.7659,17.9844],[-66.1632,17.9291],[-65.9391,17.9705],[-65.8303,18.0269],[-65.7375,18.1827],[-65.6288,18.2792]]]},"properties":{"ADMIN":"Puerto Rico","ADM0_A3":"PRI","NAME_EN":"Puerto Rico","LABEL_X":-66.481065,"LABEL_Y":18.234668,"FCLASS_IN":""}},
{"type":"Feature","geometry":{"type":"Polygon","coordinates":[[[-63.0074,18.273],[-63.0382,18.2677],[-63.0858,18.2177],[-63.0115,18.2204],[-63.0074,18.273]]]},"properties":{"ADMIN":"Anguilla","ADM0_A3":"AIA","NAME_EN":"Anguilla","LABEL_X":-63.026361,"LABEL_Y":18.242979,"FCLASS_IN":""}},
{"type":"Feature","geometry":{"type":"Polygon","coordinates":[[[-64.6351,18.4055],[-64.5833,18.4163],[-64.5602,18.4541],[-64.6618,18.4404],[-64.6351,18.4055]]]},"properties":{"ADMIN":"British Virgin Islands","ADM0_A3":"VGB","NAME_EN":"British Virgin Islands","LABEL_X":-64.63661,"LABEL_Y":18.426606,"FCLASS_IN":""}},
{"type":"Feature","geometry":{"type":"Polygon","coordinates":[[[-76.2637,18.0124],[-76.3511,18.156],[-76.7646,18.273],[-76.8949,18.4093],[-77.1374,18.4089],[-77.2726,18.4594],[-77.9023,18.5188],[-77.9814,18.4414],[-78.195,18.4555],[-78.3319,18.3674],[-78.3407,18.2219],[-78.0752,18.1984],[-77.9563,18.0322],[-77.7239,17.8536],[-77.441,17.8647],[-77.2161,17.7167],[-77.1417,17.8811],[-76.9553,17.8334],[-76.85,17.9923],[-76.5235,17.8603],[-76.3074,17.8701],[-76.188,17.9155],[-76.2637,18.0124]]]},"properties":{"ADMIN":"Jamaica","ADM0_A3":"JAM","NAME_EN":"Jamaica","LABEL_X":-77.318767,"LABEL_Y":18.137124,"FCLASS_IN":""}},
{"type":"Feature","geometry":{"type":"Polygon","coordinates":[[[-81.1361,19.3549],[-81.2863,19.3685],[-81.3035,19.3091],[-81.1351,19.2907],[-81.1361,19.3549]]]},"properties":{"ADMIN":"Cayman Islands","ADM0_A3":"CYM","NAME_EN":"Cayman Islands","LABEL_X":-81.24055,"LABEL_Y":19.319862,"FCLASS_IN":""}},
{"type":"Feature","geometry":{"type":"Polygon","coordinates":[[[-64.6761,32.3887],[-64.7364,32.3438],[-64.7549,32.2931],[-64.6984,32.3264],[-64.7081,32.3516],[-64.6761,32.3887]]]},"properties":{"ADMIN":"Bermuda","ADM0_A3":"BMU","NAME_EN":"Bermuda","LABEL_X":-64.763573,"LABEL_Y":32.296592,"FCLASS_IN":""}},
{"type":"Feature","geometry":{"type":"Polygon","coordinates":[[[73.7351,-53.1124],[73.5642,-53.0168],[73.3289,-53.0251],[73.4734,-53.1892],[73.7351,-53.1124]]]},"properties":{"ADMIN":"Heard Island and McDonald Islands","ADM0_A3":"HMD","NAME_EN":"Heard Island and McDonald Islands","LABEL_X":73.50521,"LABEL_Y":-53.103462,"FCLASS_IN":""}},
{"type":"Feature","geometry":{"type":"Polygon","coordinates":[[[-5.7218,-15.9089],[-5.7701,-15.9452],[-5.7637,-16.0157],[-5.6627,-15.9796],[-5.7218,-15.9089]]]},"properties":{"ADMIN":"Saint Helena","ADM0_A3":"SHN","NAME_EN":"Saint Helena","LABEL_X":-5.71262,"LABEL_Y":-15.950487,"FCLASS_IN":""}},
{"type":"Feature","geometry":{"type":"Polygon","coordinates":[[[57.7957,-20.2228],[57.6677,-19.9941],[57.5325,-20.0248],[57.4907,-20.1408],[57.3706,-20.2605],[57.3578,-20.4274],[57.5036,-20.5173],[57.6722,-20.4797],[57.7759,-20.3204],[57.7957,-20.2228]]]},"properties":{"ADMIN":"Mauritius","ADM0_A3":"MUS","NAME_EN":"Mauritius","LABEL_X":57.565848,"LABEL_Y":-20.299506,"FCLASS_IN":""}},
{"type":"Feature","geometry":{"type":"MultiPolygon","coordinates":[[[[44.5291,-12.2328],[44.4841,-12.0855],[44.3306,-12.2363],[44.5285,-12.3548],[44.5291,-12.2328]]],[[[43.4666,-11.8217],[43.3771,-11.6051],[43.3994,-11.4184],[43.2765,-11.3796],[43.2442,-11.6729],[43.2629,-11.818],[43.37,-11.8606],[43.4666,-11.8217]]]]},"properties":{"ADMIN":"Comoros","ADM0_A3":"COM","NAME_EN":"Comoros","LABEL_X":43.318094,"LABEL_Y":-11.727683,"FCLASS_IN":""}},
{"type":"Feature","geometry":{"type":"Polygon","coordinates":[[[6.6814,0.4071],[6.5331,0.3481],[6.4617,0.2222],[6.5164,0.0336],[6.66,0.1073],[6.7401,0.2186],[6.7461,0.3381],[6.6814,0.4071]]]},"properties":{"ADMIN":"São Tomé and Principe","ADM0_A3":"STP","NAME_EN":"São Tomé and Príncipe","LABEL_X":7.021,"LABEL_Y":0.9709,"FCLASS_IN":""}},
{"type":"Feature","geometry":{"type":"MultiPolygon","coordinates":[[[[-24.2965,14.9175],[-24.4034,15.038],[-24.5262,14.9247],[-24.3765,14.816],[-24.2965,14.9175]]],[[[-23.4568,15.0237],[-23.5114,15.113],[-23.6973,15.266],[-23.7858,15.1745],[-23.7721,15.038],[-23.6765,14.9355],[-23.494,14.9187],[-23.4568,15.0237]]],[[[-23.1278,15.3117],[-23.2457,15.2711],[-23.2582,15.1745],[-23.1827,15.1186],[-23.1105,15.1994],[-23.1278,15.3117]]],[[[-22.6821,16.1136],[-22.7139,16.2058],[-22.9244,16.213],[-22.9455,16.0197],[-22.8061,15.9859],[-22.6821,16.1136]]],[[[-24.0675,16.6139],[-24.3615,16.6816],[-24.4226,16.6623],[-24.3334,16.4949],[-24.2333,16.6021],[-24.1147,16.5593],[-24.0675,16.6139]]],[[[-22.9292,16.5934],[-22.8951,16.8293],[-22.9908,16.8157],[-22.9292,16.5934]]],[[[-25.047,17.0351],[-24.9713,17.1073],[-25.1026,17.1966],[-25.3168,17.1061],[-25.2987,16.9174],[-25.1879,16.9282],[-25.047,17.0351]]]]},"properties":{"ADMIN":"Cabo Verde","ADM0_A3":"CPV","NAME_EN":"Cape Verde","LABEL_X":-23.639434,"LABEL_Y":15.074761,"FCLASS_IN":""}},
{"type":"Feature","geometry":{"type":"Polygon","coordinates":[[[14.548,35.89],[14.4285,35.9657],[14.3426,35.8807],[14.5275,35.8012],[14.548,35.89]]]},"properties":{"ADMIN":"Malta","ADM0_A3":"MLT","NAME_EN":"Malta","LABEL_X":14.433005,"LABEL_Y":35.892886,"FCLASS_IN":""}},
{"type":"Feature","geometry":{"type":"Polygon","coordinates":[[[-2.0827,49.2602],[-2.242,49.248],[-2.1687,49.1783],[-2.0245,49.1713],[-2.0827,49.2602]]]},"properties":{"ADMIN":"Jersey","ADM0_A3":"JEY","NAME_EN":"Jersey","LABEL_X":-2.090146,"LABEL_Y":49.220808,"FCLASS_IN":""}},
{"type":"Feature","geometry":{"type":"Polygon","coordinates":[[[-2.5802,49.4936],[-2.6693,49.4309],[-2.5341,49.4362],[-2.5802,49.4936]]]},"properties":{"ADMIN":"Guernsey","ADM0_A3":"GGY","NAME_EN":"Guernsey","LABEL_X":-2.561736,"LABEL_Y":49.463533,"FCLASS_IN":""}},
{"type":"Feature","geometry":{"type":"Polygon","coordinates":[[[-4.6121,54.057],[-4.3119,54.2872],[-4.442,54.4044],[-4.7103,54.2206],[-4.7709,54.0968],[-4.6121,54.057]]]},"properties":{"ADMIN":"Isle of Man","ADM0_A3":"IMN","NAME_EN":"Isle of Man","LABEL_X":-4.530069,"LABEL_Y":54.220833,"FCLASS_IN":""}},
{"type":"Feature","geometry":{"type":"Polygon","coordinates":[[[20.2088,60.2247],[20.093,60.3551],[19.9343,60.2824],[19.6829,60.2643],[19.7476,60.1014],[20.0064,60.0944],[20.2088,60.2247]]]},"properties":{"ADMIN":"Aland","ADM0_A3":"ALD","NAME_EN":"Åland","LABEL_X":19.869671,"LABEL_Y":60.156467,"FCLASS_IN":""}},
{"type":"Feature","geometry":{"type":"MultiPolygon","coordinates":[[[[-7.2226,62.1706],[-7.0309,62.1166],[-6.8569,61.9948],[-6.7156,62.034],[-6.8561,62.1479],[-6.9974,62.1842],[-7.2226,62.1706]]],[[[-7.0551,62.2904],[-6.9575,62.1896],[-6.8596,62.1638],[-6.6914,62.0734],[-6.6086,62.2024],[-6.9407,62.337],[-7.0551,62.2904]]]]},"properties":{"ADMIN":"Faroe Islands","ADM0_A3":"FRO","NAME_EN":"Faroe Islands","LABEL_X":-7.058429,"LABEL_Y":62.185604,"FCLASS_IN":""}},
{"type":"Feature","geometry":{"type":"Polygon","coordinates":[[[105.7041,-10.4308],[105.6282,-10.509],[105.6979,-10.529],[105.7041,-10.4308]]]},"properties":{"ADMIN":"Indian Ocean Territories","ADM0_A3":"IOA","NAME_EN":"Australian Indian Ocean Territories","LABEL_X":105.67259,"LABEL_Y":-10.490789,"FCLASS_IN":""}},
{"type":"Feature","geometry":{"type":"Polygon","coordinates":[[[72.4675,-7.3839],[72.4329,-7.4254],[72.439,-7.3403],[72.4329,-7.3161],[72.3709,-7.2702],[72.3792,-7.2968],[72.426,-7.3229],[72.4329,-7.3468],[72.4269,-7.404],[72.4329,-7.4322],[72.4806,-7.3906],[72.4675,-7.3839]]]},"properties":{"ADMIN":"British Indian Ocean Territory","ADM0_A3":"IOT","NAME_EN":"British Indian Ocean Territory","LABEL_X":71.348349,"LABEL_Y":-6.190826,"FCLASS_IN":""}},
{"type":"Feature","geometry":{"type":"Polygon","coordinates":[[[103.9608,1.3911],[103.8049,1.4486],[103.6838,1.4099],[103.6476,1.3084],[103.8441,1.2685],[103.9544,1.3181],[103.9608,1.3911]]]},"properties":{"ADMIN":"Singapore","ADM0_A3":"SGP","NAME_EN":"Singapore","LABEL_X":103.816925,"LABEL_Y":1.366587,"FCLASS_IN":""}},
{"type":"Feature","geometry":{"type":"Polygon","coordinates":[[[167.9841,-29.0178],[167.9265,-28.9975],[167.9264,-29.0663],[167.985,-29.0593],[167.9841,-29.0178]]]},"properties":{"ADMIN":"Norfolk Island","ADM0_A3":"NFK","NAME_EN":"Norfolk Island","LABEL_X":167.954531,"LABEL_Y":-29.033042,"FCLASS_IN":""}},
{"type":"Feature","geometry":{"type":"Polygon","coordinates":[[[-159.7978,-21.1861],[-159.8331,-21.2446],[-159.7432,-21.2543],[-159.7427,-21.2016],[-159.7978,-21.1861]]]},"properties":{"ADMIN":"Cook Islands","ADM0_A3":"COK","NAME_EN":"Cook Islands","LABEL_X":-159.785675,"LABEL_Y":-21.215993,"FCLASS_IN":""}},
{"type":"Feature","geometry":{"type":"Polygon","coordinates":[[[-175.0655,-21.124],[-175.155,-21.1718],[-175.2498,-21.1113],[-175.3258,-21.1736],[-175.1488,-21.268],[-175.0655,-21.124]]]},"properties":{"ADMIN":"Tonga","ADM0_A3":"TON","NAME_EN":"Tonga","LABEL_X":-175.163014,"LABEL_Y":-21.210026,"FCLASS_IN":""}},
{"type":"Feature","geometry":{"type":"Polygon","coordinates":[[[-178.1423,-14.2436],[-178.1469,-14.3102],[-178.0467,-14.3194],[-178.1423,-14.2436]]]},"properties":{"ADMIN":"Wallis and Futuna","ADM0_A3":"WLF","NAME_EN":"Wallis and Futuna","LABEL_X":-178.137436,"LABEL_Y":-14.286415,"FCLASS_IN":""}},
{"type":"Feature","geometry":{"type":"MultiPolygon","coordinates":[[[[-172.201,-13.5925],[-172.3662,-13.4628],[-172.5306,-13.484],[-172.7497,-13.5783],[-172.5971,-13.7006],[-172.5232,-13.8054],[-172.2976,-13.7698],[-172.1806,-13.7024],[-172.201,-13.5925]]],[[[-171.5643,-13.9494],[-171.5676,-13.8967],[-171.8802,-13.8054],[-172.0441,-13.8464],[-172.061,-13.9062],[-171.941,-13.9904],[-171.743,-14.0519],[-171.4662,-14.0528],[-171.5643,-13.9494]]]]},"properties":{"ADMIN":"Samoa","ADM0_A3":"WSM","NAME_EN":"Samoa","LABEL_X":-172.438241,"LABEL_Y":-13.639139,"FCLASS_IN":""}},
{"type":"Feature","geometry":{"type":"MultiPolygon","coordinates":[[[[160.5037,-11.736],[160.0033,-11.4611],[160.0106,-11.5895],[160.1685,-11.6535],[160.2305,-11.6262],[160.4832,-11.845],[160.5037,-11.736]]],[[[162.3748,-10.8237],[162.2717,-10.8144],[162.2775,-10.6796],[162.1136,-10.4565],[161.8357,-10.447],[161.7351,-10.4054],[161.396,-10.204],[161.2918,-10.2258],[161.2808,-10.3089],[161.511,-10.3649],[161.5247,-10.5642],[161.7487,-10.6828],[161.7922,-10.735],[162.1011,-10.8215],[162.3748,-10.8237]]],[[[161.3948,-9.4128],[161.3948,-9.649],[161.573,-9.7486],[161.5452,-9.6047],[161.3948,-9.4128]]],[[[160.8263,-9.8373],[160.7854,-9.7275],[160.673,-9.698],[160.6545,-9.6108],[160.5037,-9.5363],[160.3664,-9.4128],[159.9397,-9.4329],[159.709,-9.2477],[159.616,-9.2953],[159.5991,-9.5124],[159.7234,-9.707],[159.8356,-9.7939],[160.1239,-9.8232],[160.3203,-9.8151],[160.4329,-9.8891],[160.6448,-9.9371],[160.8263,-9.8373]]],[[[160.0967,-9.0566],[160.2576,-9.1208],[160.258,-9.009],[160.0967,-9.0566]]],[[[158.0569,-8.5283],[157.9612,-8.5216],[157.8792,-8.6825],[158.0134,-8.7652],[158.1057,-8.6911],[158.135,-8.5668],[158.0569,-8.5283]]],[[[157.3587,-8.5768],[157.4138,-8.498],[157.3475,-8.4125],[157.2009,-8.5659],[157.3587,-8.5768]]],[[[161.3607,-9.6176],[161.3811,-9.509],[161.3281,-9.4386],[161.2025,-9.1384],[161.1511,-8.9496],[160.9466,-8.8137],[160.9424,-8.6922],[160.9968,-8.6038],[160.7466,-8.3097],[160.5935,-8.3849],[160.72,-8.5534],[160.6545,-8.6041],[160.7643,-8.9467],[160.8679,-9.1521],[161.2372,-9.4475],[161.3607,-9.6176]]],[[[157.7974,-8.5624],[157.9033,-8.4991],[157.8384,-8.3372],[157.7459,-8.2287],[157.6131,-8.1691],[157.6118,-8.0662],[157.5026,-7.9597],[157.3828,-8.0315],[157.3169,-8.1857],[157.2219,-8.2239],[157.2282,-8.3167],[157.4818,-8.256],[157.5671,-8.2763],[157.6748,-8.5092],[157.7974,-8.5624]]],[[[157.1047,-8.1249],[157.2023,-8.0483],[157.1913,-7.9529],[157.0911,-7.8505],[157.002,-7.8752],[156.947,-7.9797],[157.0023,-8.0868],[157.1047,-8.1249]]],[[[156.8071,-7.7201],[156.6848,-7.6657],[156.6112,-7.5694],[156.5042,-7.6301],[156.5156,-7.7201],[156.6187,-7.8131],[156.6597,-7.9392],[156.8071,-7.7201]]],[[[155.8167,-7.0207],[155.7474,-6.9709],[155.6745,-7.0759],[155.7349,-7.1243],[155.8167,-7.0207]]],[[[166.1479,-10.694],[166.0267,-10.647],[165.8781,-10.6568],[165.7565,-10.8122],[165.862,-10.8685],[165.9342,-10.7757],[166.0545,-10.7667],[166.1479,-10.694]]],[[[159.8594,-8.5113],[159.7966,-8.3918],[159.8421,-8.3256],[159.4317,-8.0315],[159.4026,-7.9824],[159.0857,-7.9036],[158.9898,-7.8022],[158.654,-7.5613],[158.5801,-7.7408],[158.6885,-7.8112],[158.8457,-7.9734],[159.3454,-8.2614],[159.6272,-8.3576],[159.825,-8.5421],[159.8594,-8.5113]]],[[[157.5298,-7.3332],[157.3027,-7.2664],[157.1525,-7.1243],[157.1205,-6.9807],[157.0427,-6.8971],[156.7803,-6.7758],[156.6696,-6.675],[156.4878,-6.603],[156.4611,-6.7333],[156.687,-6.8971],[156.9277,-7.2088],[157.2009,-7.3366],[157.4417,-7.4142],[157.5298,-7.3332]]]]},"properties":{"ADMIN":"Solomon Islands","ADM0_A3":"SLB","NAME_EN":"Solomon Islands","LABEL_X":159.170468,"LABEL_Y":-8.029548,"FCLASS_IN":""}},
{"type":"Feature","geometry":{"type":"Polygon","coordinates":[[[179.1913,-8.5421],[179.2175,-8.5206],[179.2041,-8.519],[179.1913,-8.5421]]]},"properties":{"ADMIN":"Tuvalu","ADM0_A3":"TUV","NAME_EN":"Tuvalu","LABEL_X":179.209587,"LABEL_Y":-8.513717,"FCLASS_IN":""}},
{"type":"Feature","geometry":{"type":"Polygon","coordinates":[[[73.5462,4.243],[73.512,4.1863],[73.5382,4.1833],[73.5462,4.243]]]},"properties":{"ADMIN":"Maldives","ADM0_A3":"MDV","NAME_EN":"Maldives","LABEL_X":73.507554,"LABEL_Y":4.174441,"FCLASS_IN":""}},
{"type":"Feature","geometry":{"type":"Polygon","coordinates":[[[166.9388,-0.4904],[166.9134,-0.5002],[166.9164,-0.5475],[166.9583,-0.5177],[166.9388,-0.4904]]]},"properties":{"ADMIN":"Nauru","ADM0_A3":"NRU","NAME_EN":"Nauru","LABEL_X":166.932644,"LABEL_Y":-0.520261,"FCLASS_IN":""}},
{"type":"Feature","geometry":{"type":"Polygon","coordinates":[[[158.2908,6.938],[158.1809,6.9789],[158.1258,6.9074],[158.1935,6.7934],[158.2925,6.7951],[158.2908,6.938]]]},"properties":{"ADMIN":"Federated States of Micronesia","ADM0_A3":"FSM","NAME_EN":"Federated States of Micronesia","LABEL_X":158.234019,"LABEL_Y":6.887553,"FCLASS_IN":""}},
{"type":"Feature","geometry":{"type":"Polygon","coordinates":[[[-35.9088,-54.6873],[-36.042,-54.464],[-36.2439,-54.3753],[-36.3944,-54.2428],[-36.6756,-54.2494],[-36.6216,-54.1198],[-37.1697,-54.044],[-37.6147,-54.0379],[-37.7245,-54.1335],[-37.3881,-54.1477],[-37.3683,-54.2774],[-37.1534,-54.2575],[-36.8134,-54.445],[-36.4633,-54.5375],[-36.2988,-54.7436],[-36.1018,-54.8875],[-35.8873,-54.7844],[-35.9088,-54.6873]]]},"properties":{"ADMIN":"South Georgia and the Islands","ADM0_A3":"SGS","NAME_EN":"South Georgia and the South Sandwich Islands","LABEL_X":-31.063179,"LABEL_Y":-55.683402,"FCLASS_IN":""}},
{"type":"Feature","geometry":{"type":"MultiPolygon","coordinates":[[[[-60.9476,-51.9474],[-60.8793,-51.8586],[-60.9823,-51.7766],[-61.1195,-51.8928],[-60.9476,-51.9474]]],[[[-59.6324,-51.7413],[-59.4332,-51.6214],[-59.2618,-51.457],[-59.256,-51.3874],[-59.7485,-51.447],[-60.0296,-51.3925],[-60.1531,-51.4875],[-60.478,-51.4357],[-60.4904,-51.5265],[-60.2488,-51.6116],[-60.6102,-51.7428],[-60.4547,-51.8],[-60.3999,-51.9166],[-60.8868,-52.0362],[-60.7968,-52.1721],[-60.5366,-52.2171],[-60.3604,-52.1536],[-60.2599,-51.9854],[-59.9949,-51.9946],[-59.8717,-51.949],[-59.6324,-51.7413]]],[[[-57.8162,-51.6935],[-57.781,-51.6194],[-57.9064,-51.3766],[-58.3291,-51.4163],[-58.4814,-51.301],[-58.7335,-51.3283],[-59.0843,-51.406],[-59.0143,-51.4918],[-59.1007,-51.6218],[-59.3638,-51.8224],[-59.5813,-51.9113],[-59.6283,-52.1106],[-59.4667,-52.2957],[-59.386,-52.1119],[-59.2217,-52.2072],[-59.1457,-52.1256],[-59.1383,-51.9833],[-58.9477,-52.0566],[-58.6045,-52.002],[-58.7578,-51.8913],[-58.4191,-51.8922],[-58.1444,-51.7623],[-57.8162,-51.6935]]]]},"properties":{"ADMIN":"Falkland Islands","ADM0_A3":"FLK","NAME_EN":"Falkland Islands","LABEL_X":-58.738602,"LABEL_Y":-51.608913,"FCLASS_IN":""}},
{"type":"Feature","geometry":{"type":"MultiPolygon","coordinates":[[[[169.4328,-19.4929],[169.3665,-19.4697],[169.3529,-19.3281],[169.2434,-19.342],[169.2185,-19.4902],[169.2783,-19.5783],[169.4362,-19.6573],[169.4956,-19.5398],[169.4328,-19.4929]]],[[[169.3366,-18.9348],[169.2205,-18.825],[169.1524,-18.6363],[168.9888,-18.6906],[168.9873,-18.8766],[169.2549,-18.9848],[169.3366,-18.9348]]],[[[168.5496,-17.691],[168.4534,-17.5463],[168.323,-17.5326],[168.179,-17.6562],[168.396,-17.8235],[168.5402,-17.7966],[168.5496,-17.691]]],[[[168.1921,-16.8139],[168.3703,-16.767],[168.2473,-16.6904],[168.1204,-16.7092],[168.1921,-16.8139]]],[[[168.1824,-16.3478],[168.2883,-16.344],[168.1716,-16.0803],[168.0695,-16.1798],[167.9209,-16.2589],[168.14,-16.3619],[168.1824,-16.3478]]],[[[167.8125,-16.4195],[167.603,-16.2243],[167.3976,-16.0871],[167.3361,-15.9089],[167.1853,-15.8907],[167.1475,-16.0829],[167.2331,-16.1696],[167.3224,-16.115],[167.3771,-16.2006],[167.3845,-16.3683],[167.4588,-16.568],[167.6219,-16.4942],[167.7266,-16.5178],[167.8125,-16.4195]]],[[[167.2057,-15.7512],[167.2336,-15.6415],[167.127,-15.6215],[167.0891,-15.7035],[167.2057,-15.7512]]],[[[168.1858,-15.5178],[168.1196,-15.6628],[168.1875,-15.9711],[168.264,-15.8571],[168.1858,-15.5178]]],[[[167.9395,-15.3919],[167.9769,-15.2778],[167.8045,-15.32],[167.6824,-15.4325],[167.8386,-15.4848],[167.9395,-15.3919]]],[[[167.1406,-15.5356],[167.2334,-15.5236],[167.1717,-15.3664],[167.1917,-15.3056],[167.0568,-15.002],[166.9719,-14.9799],[166.9198,-15.1559],[166.8018,-15.1523],[166.7373,-14.8295],[166.6099,-14.6347],[166.5562,-14.6459],[166.5226,-14.8321],[166.6501,-15.2647],[166.6161,-15.385],[166.7931,-15.6563],[166.9463,-15.5768],[167.1406,-15.5356]]],[[[167.5149,-14.1406],[167.4075,-14.1949],[167.4309,-14.3185],[167.5261,-14.3199],[167.603,-14.1891],[167.5149,-14.1406]]],[[[167.4528,-13.9186],[167.5497,-13.7895],[167.4889,-13.7082],[167.3892,-13.8043],[167.4528,-13.9186]]]]},"properties":{"ADMIN":"Vanuatu","ADM0_A3":"VUT","NAME_EN":"Vanuatu","LABEL_X":166.908762,"LABEL_Y":-15.37153,"FCLASS_IN":""}},
{"type":"Feature","geometry":{"type":"Polygon","coordinates":[[[-169.8511,-18.9651],[-169.9504,-19.0873],[-169.8989,-19.1428],[-169.7943,-19.0471],[-169.8511,-18.9651]]]},"properties":{"ADMIN":"Niue","ADM0_A3":"NIU","NAME_EN":"Niue","LABEL_X":-169.862565,"LABEL_Y":-19.045956,"FCLASS_IN":""}},
{"type":"Feature","geometry":{"type":"Polygon","coordinates":[[[-170.591,-14.2648],[-170.6614,-14.2524],[-170.8312,-14.3194],[-170.7555,-14.3671],[-170.591,-14.2648]]]},"properties":{"ADMIN":"American Samoa","ADM0_A3":"ASM","NAME_EN":"American Samoa","LABEL_X":-170.747153,"LABEL_Y":-14.32671,"FCLASS_IN":""}},
{"type":"Feature","geometry":{"type":"Polygon","coordinates":[[[134.6482,7.7194],[134.4876,7.4699],[134.5942,7.4211],[134.6582,7.5911],[134.6482,7.7194]]]},"properties":{"ADMIN":"Palau","ADM0_A3":"PLW","NAME_EN":"Palau","LABEL_X":134.580157,"LABEL_Y":7.518252,"FCLASS_IN":""}},
{"type":"Feature","geometry":{"type":"Polygon","coordinates":[[[144.8864,13.6402],[144.7835,13.5167],[144.6545,13.4392],[144.6807,13.2468],[144.7601,13.2856],[144.8083,13.4458],[144.907,13.5167],[144.8864,13.6402]]]},"properties":{"ADMIN":"Guam","ADM0_A3":"GUM","NAME_EN":"Guam","LABEL_X":144.703614,"LABEL_Y":13.354173,"FCLASS_IN":""}},
{"type":"Feature","geometry":{"type":"Polygon","coordinates":[[[145.7879,15.2673],[145.6983,15.2032],[145.7388,15.1367],[145.7879,15.2673]]]},"properties":{"ADMIN":"Northern Mariana Islands","ADM0_A3":"MNP","NAME_EN":"Northern Mariana Islands","LABEL_X":145.734397,"LABEL_Y":15.188188,"FCLASS_IN":""}},
{"type":"Feature","geometry":{"type":"Polygon","coordinates":[[[50.5516,26.1942],[50.453,26.1496],[50.4605,25.9853],[50.6035,25.8546],[50.6148,26.1112],[50.5516,26.1942]]]},"properties":{"ADMIN":"Bahrain","ADM0_A3":"BHR","NAME_EN":"Bahrain","LABEL_X":50.554816,"LABEL_Y":26.055972,"FCLASS_IN":""}},
{"type":"Feature","geometry":{"type":"Polygon","coordinates":[[[154.3913,-21.03],[154.3913,-21.0287],[154.3885,-21.0291],[154.3913,-21.03]]]},"properties":{"ADMIN":"Coral Sea Islands","ADM0_A3":"CSI","NAME_EN":"Coral Sea Islands","LABEL_X":154.390595,"LABEL_Y":-21.029311,"FCLASS_IN":""}},
{"type":"Feature","geometry":{"type":"Polygon","coordinates":[[[115.8306,10.7346],[115.8146,10.7343],[115.8184,10.7209],[115.8306,10.7346]]]},"properties":{"ADMIN":"Spratly Islands","ADM0_A3":"PGA","NAME_EN":"Wake Island","LABEL_X":115.81956,"LABEL_Y":10.72954,"FCLASS_IN":""}},
{"type":"Feature","geometry":{"type":"Polygon","coordinates":[[[-109.212,10.3027],[-109.2342,10.3079],[-109.2186,10.2816],[-109.212,10.3027]]]},"properties":{"ADMIN":"Clipperton Island","ADM0_A3":"CLP","NAME_EN":"Clipperton Island","LABEL_X":-109.22045,"LABEL_Y":10.297324,"FCLASS_IN":""}},
{"type":"Feature","geometry":{"type":"Polygon","coordinates":[[[113.5586,22.163],[113.5344,22.1612],[113.5468,22.1054],[113.5667,22.1234],[113.5586,22.163]]]},"properties":{"ADMIN":"Macao S.A.R","ADM0_A3":"MAC","NAME_EN":"Macau","LABEL_X":113.556038,"LABEL_Y":22.129735,"FCLASS_IN":""}},
{"type":"Feature","geometry":{"type":"Polygon","coordinates":[[[123.597,-12.4283],[123.575,-12.4266],[123.5756,-12.4368],[123.5977,-12.4386],[123.597,-12.4283]]]},"properties":{"ADMIN":"Ashmore and Cartier Islands","ADM0_A3":"ATC","NAME_EN":"Ashmore and Cartier Islands","LABEL_X":123.586368,"LABEL_Y":-12.432571,"FCLASS_IN":""}},
{"type":"Feature","geometry":{"type":"Polygon","coordinates":[[[117.7539,15.1544],[117.7519,15.1519],[117.7539,15.1501],[117.7557,15.1519],[117.7539,15.1544]]]},"properties":{"ADMIN":"Scarborough Reef","ADM0_A3":"SCR","NAME_EN":"Scarborough Shoal","LABEL_X":117.753812,"LABEL_Y":15.152039,"FCLASS_IN":""}}
]}